RecType,InvNum,Type,OrderNumber,InvoiceDate,DBA,CustomerNumber,CustomerName,CustAddr1,CustAddr2,City,State,ZipCode,PhoneNumber,Whse,Trip,Terms,D/CFlag,TermsMsg,CorpCustID,CoverSheet,OrdEntryDate,ChainCode,ApplyTo#,PO#,,,,,,
Header,8099221,A,6603726,4/22/2010,1,54835,"WHOLE FOODS COMMUNITY COO","610 EAST 4TH STREET","","DULUTH","MN","558050000","218-728-0884",8,"412",7,0,"NET 21 DAYS",54835,3563883,4/21/2010,"CMW",0,"LN2248369-09",,,,,,
RecType,InvNum,Type,UPC,ProductID,QuantityShipped,Unit,Size,Brand,Description,RegularSRP,Status,NetPricePerUnit,ExtendedPrice,SaleSRP,RegPricePerUnit,CustomerID,PriceOrigin,QuantityOrdered,Taxable,LB flag,CW flag,CW2,CNF_RegSRP,CNF_SpcSRP,CorpCustID,CorpProdID,OrderNumber,InvoiceDate,Servings,
Detail,8099221,B,728997-212007,0260208,"1","CS","32 OZ","ECOVR","NATL DISH LIQ,HERBAL","4.79",,"2.386","28.63","4.79","2.853",54835,"M 20","1",0,"N","N",".00","","",54835,26020,6603726,4/22/2010,12,
Detail,8099221,B,732913-227808,0326637,"3","CS","100 OZ","SEVNTH","2X ULTRA LIQ LNDRY,FR&CLR","19.05",,"9.038","108.45","19.05","11.375",54835,"PRO 20","3",0,"N","N",".00","","",54835,32663,6603726,4/22/2010,4,
RecType,InvNum,Type,NumGroceryItems,NumRefrigItems,NumRepackItems,NumFrozenItems,TotalPcs,TotalWt,TotalCubes,NonSpecial,Special,GrossTotal,VolDiscnt,Discount,NetTotal,TotalRetail,Deposits,Adjustments,ProfitAmnt,Profit%,InvDate,CorpCustID,OrderNumber,,,,,,,
Footer,8099221,C,"4","0","0","0","4","126",".40",".00","137.08","137.08","0",".00","137.08","286.08",".00",".00",".00",".00",4/22/2010,54835,6603726,,,,,,,
