RecType,InvNum,Type,OrderNumber,InvoiceDate,DBA,CustomerNumber,CustomerName,CustAddr1,CustAddr2,City,State,ZipCode,PhoneNumber,Whse,Trip,Terms,D/CFlag,TermsMsg,CorpCustID,CoverSheet,OrdEntryDate,ChainCode,ApplyTo#,PO#,,,,,,
Header,8099204,A,6603131,4/22/2010,1,54835,"WHOLE FOODS COMMUNITY COO","610 EAST 4TH STREET","","DULUTH","MN","558050000","218-728-0884",8,"412",7,0,"NET 21 DAYS",54835,3563883,4/21/2010,"CMW",0,"LN2248268-08",,,,,,
RecType,InvNum,Type,UPC,ProductID,QuantityShipped,Unit,Size,Brand,Description,RegularSRP,Status,NetPricePerUnit,ExtendedPrice,SaleSRP,RegPricePerUnit,CustomerID,PriceOrigin,QuantityOrdered,Taxable,LB flag,CW flag,CW2,CNF_RegSRP,CNF_SpcSRP,CorpCustID,CorpProdID,OrderNumber,InvoiceDate,Servings,
Detail,8099204,B,073472-001677,0654129,"1","CS","24 OZ","FDLIFE","BREAD,WF&GF RAISIN PECAN","6.29",,"3.693","22.16",".00","3.693",54835,"","1",0,"N","N",".00","","",54835,65412,6603131,4/22/2010,6,
Detail,8099204,B,073472-003695,0538579,"1","CS","12 OZ","FDLIFE","TORTILLAS,BROWN RICE,G/F","3.29",,"1.928","23.13",".00","1.928",54835,"","1",0,"N","N",".00","","",54835,53857,6603131,4/22/2010,12,
Detail,8099204,B,058449-000150,0939579,"1","CS","14 OZ","NATPTH","MANNA BRD,OG,MILLET RICE","4.15",,"2.431","19.45",".00","2.431",54835,"","1",0,"N","N",".00","","",54835,93957,6603131,4/22/2010,8,
RecType,InvNum,Type,NumGroceryItems,NumRefrigItems,NumRepackItems,NumFrozenItems,TotalPcs,TotalWt,TotalCubes,NonSpecial,Special,GrossTotal,VolDiscnt,Discount,NetTotal,TotalRetail,Deposits,Adjustments,ProfitAmnt,Profit%,InvDate,CorpCustID,OrderNumber,,,,,,,
Footer,8099204,C,"0","0","0","3","3","29",".13","64.74",".00","64.74","0",".00","64.74","110.42",".00",".00",".00",".00",4/22/2010,54835,6603131,,,,,,,
