RecType,InvNum,Type,OrderNumber,InvoiceDate,DBA,CustomerNumber,CustomerName,CustAddr1,CustAddr2,City,State,ZipCode,PhoneNumber,Whse,Trip,Terms,D/CFlag,TermsMsg,CorpCustID,CoverSheet,OrdEntryDate,ChainCode,ApplyTo#,PO#,,,,,,
Header,8099210,A,6603523,4/22/2010,1,54835,"WHOLE FOODS COMMUNITY COO","610 EAST 4TH STREET","","DULUTH","MN","558050000","218-728-0884",8,"412",7,0,"NET 21 DAYS",54835,3563883,4/21/2010,"CMW",0,"LN2248320-04",,,,,,
RecType,InvNum,Type,UPC,ProductID,QuantityShipped,Unit,Size,Brand,Description,RegularSRP,Status,NetPricePerUnit,ExtendedPrice,SaleSRP,RegPricePerUnit,CustomerID,PriceOrigin,QuantityOrdered,Taxable,LB flag,CW flag,CW2,CNF_RegSRP,CNF_SpcSRP,CorpCustID,CorpProdID,OrderNumber,InvoiceDate,Servings,
Detail,8099210,B,075119-040155,0494500,"1","CS","16 OZ","ENER-G","LOAF,TAPIOCA","5.35",,"3.047","18.28",".00","3.047",54835,"","1",0,"N","N",".00","","",54835,49450,6603523,4/22/2010,6,
Detail,8099210,B,075119-145706,0315408,"1","CS","16 OZ","ENER-G","LOAF,WHITE RICE","5.35",,"3.047","18.28",".00","3.047",54835,"","1",0,"N","N",".00","","",54835,31540,6603523,4/22/2010,6,
RecType,InvNum,Type,NumGroceryItems,NumRefrigItems,NumRepackItems,NumFrozenItems,TotalPcs,TotalWt,TotalCubes,NonSpecial,Special,GrossTotal,VolDiscnt,Discount,NetTotal,TotalRetail,Deposits,Adjustments,ProfitAmnt,Profit%,InvDate,CorpCustID,OrderNumber,,,,,,,
Footer,8099210,C,"2","0","0","0","2","15",".11","36.56",".00","36.56","0",".00","36.56","64.20",".00",".00",".00",".00",4/22/2010,54835,6603523,,,,,,,
