RecType,InvNum,Type,OrderNumber,InvoiceDate,DBA,CustomerNumber,CustomerName,CustAddr1,CustAddr2,City,State,ZipCode,PhoneNumber,Whse,Trip,Terms,D/CFlag,TermsMsg,CorpCustID,CoverSheet,OrdEntryDate,ChainCode,ApplyTo#,PO#,,,,,,
Header,8099220,A,6603725,4/22/2010,1,54835,"WHOLE FOODS COMMUNITY COO","610 EAST 4TH STREET","","DULUTH","MN","558050000","218-728-0884",8,"412",7,0,"NET 21 DAYS",54835,3563883,4/21/2010,"CMW",0,"LN2248369-08",,,,,,
RecType,InvNum,Type,UPC,ProductID,QuantityShipped,Unit,Size,Brand,Description,RegularSRP,Status,NetPricePerUnit,ExtendedPrice,SaleSRP,RegPricePerUnit,CustomerID,PriceOrigin,QuantityOrdered,Taxable,LB flag,CW flag,CW2,CNF_RegSRP,CNF_SpcSRP,CorpCustID,CorpProdID,OrderNumber,InvoiceDate,Servings,
Detail,8099220,B,071475-014151,0786178,"1","CS","32 OZ","CARDNI","DRESSING,ORIGINAL CAESAR","7.35",,"4.197","25.18",".00","4.197",54835,"","1",0,"N","N",".00","","",54835,78617,6603725,4/22/2010,6,
Detail,8099220,B,084253-222167,0305987,"2","CS","32 OZ","IMAGIN","RICE ENRICH VAN,NONDAIRY","3.65",,"1.642","39.40","3.65","2.092",54835,"PRO 25","2",0,"N","N",".00","","",54835,30598,6603725,4/22/2010,12,
Detail,8099220,B,813551-002139,0457671,"2","CS","2.1 OZ","KOYO","DRY RAMEN,GARLIC PEPPER","1.25",,".698","16.76",".00",".698",54835,"","2",0,"N","N",".00","","",54835,45767,6603725,4/22/2010,12,
Detail,8099220,B,813551-002122,0457697,"2","CS","2.1 OZ","KOYO","DRY RAMEN,LEMONGRASS GNGR","1.25",,".698","16.76",".00",".698",54835,"","2",0,"N","N",".00","","",54835,45769,6603725,4/22/2010,12,
Detail,8099220,B,725342-412648,0846964,"2","CS","14.5 OZ","MUIR","SOUP,OG,CHICKEN NOODLE","3.95",,"2.248","53.96",".00","2.248",54835,"","2",0,"N","N",".00","","",54835,84696,6603725,4/22/2010,12,
Detail,8099220,B,043182-008716,0269936,"1","CS","7 OZ","NATIVE","MUSHROOMS,OG,PIECES&STEMS","1.95",,"1.103","13.23",".00","1.103",54835,"","1",0,"N","N",".00","","",54835,26993,6603725,4/22/2010,12,
Detail,8099220,B,074682-104042,0195388,"12","EA","8 OZ","KNDSN","CONCENTRATE,BLACK CHERRY","4.25",,"2.500","30.00",".00","2.500",54835,"","12",0,"N","N",".00","","",54835,19538,6603725,4/22/2010,1,
Detail,8099220,B,835143-000026,0519876,"5","CS","16.9 OZ","TEAS","TEA,BOTTLE,GREEN JASMINE","2.05",,"1.165","69.90",".00","1.165",54835,"","5",0,"N","N",".00","","",54835,51987,6603725,4/22/2010,12,
Detail,8099220,B,729582-012811,0410688,"1","CS","10 OZ","TROPCL","CHOC CHIP,DF,SEMI SWT","5.19",,"2.977","35.72",".00","2.977",54835,"","1",0,"N","N",".00","","",54835,41068,6603725,4/22/2010,12,
Detail,8099220,B,790555-051526,0919217,"2","CS","15 OZ","WALNUT","BEANS,OG,BLACK","2.65",,"1.495","35.88",".00","1.495",54835,"","2",0,"N","N",".00","","",54835,91921,6603725,4/22/2010,12,
Detail,8099220,B,026938-899806,0899807,"1","","EA","","TOTES CHARGE",".00",,".000",".00",".00",".000",54835,"NO CHG","1",0,"","",".00","N","",54835,89980,6603725,4/22/2010,1,
RecType,InvNum,Type,NumGroceryItems,NumRefrigItems,NumRepackItems,NumFrozenItems,TotalPcs,TotalWt,TotalCubes,NonSpecial,Special,GrossTotal,VolDiscnt,Discount,NetTotal,TotalRetail,Deposits,Adjustments,ProfitAmnt,Profit%,InvDate,CorpCustID,OrderNumber,,,,,,,
Footer,8099220,C,"17","1","1","0","19","238",".77","297.39","39.40","336.79","0",".00","336.79","609.78",".00",".00",".00",".00",4/22/2010,54835,6603725,,,,,,,
