RecType,InvNum,Type,OrderNumber,InvoiceDate,DBA,CustomerNumber,CustomerName,CustAddr1,CustAddr2,City,State,ZipCode,PhoneNumber,Whse,Trip,Terms,D/CFlag,TermsMsg,CorpCustID,CoverSheet,OrdEntryDate,ChainCode,ApplyTo#,PO#,,,,,,
Header,8272449,A,8272449,5/19/2010,1,54835,"WHOLE FOODS COMMUNITY COO","610 EAST 4TH STREET","","DULUTH","MN","558050000","218-728-0884",8,"000",0,2,"",54835,3639641,5/19/2010,"CMW",8283093,"",,,,,,
RecType,InvNum,Type,UPC,ProductID,QuantityShipped,Unit,Size,Brand,Description,RegularSRP,Status,NetPricePerUnit,ExtendedPrice,SaleSRP,RegPricePerUnit,CustomerID,PriceOrigin,QuantityOrdered,Taxable,LB flag,CW flag,CW2,CNF_RegSRP,CNF_SpcSRP,CorpCustID,CorpProdID,OrderNumber,InvoiceDate,Servings,
Detail,8272449,B,093966-510157,0176875,"-1","CS","64 OZ","OGVAL","MILK,OG,WHOLE,HTST,FRESH",".00",,"3.145","-18.87",".00","3.145",54835,"","-1",0,"N","N",".00","","",54835,17687,8272449,5/19/2010,6,
Detail,8272449,B,093966-004465,0396184,"-1","CS","64 OZ","OGVAL","MILK,OG,RF 2% OMEGA UHT",".00",,".000",".00",".00",".000",54835,"","-1",0,"N","N",".00","","",54835,39618,8272449,5/19/2010,6,
RecType,InvNum,Type,NumGroceryItems,NumRefrigItems,NumRepackItems,NumFrozenItems,TotalPcs,TotalWt,TotalCubes,NonSpecial,Special,GrossTotal,VolDiscnt,Discount,NetTotal,TotalRetail,Deposits,Adjustments,ProfitAmnt,Profit%,InvDate,CorpCustID,OrderNumber,,,,,,,
Footer,8272449,C,"0","0","0","0","0","0",".00",".00",".00","-18.87","0",".00","-18.87",".00",".00",".00",".00",".00",5/19/2010,54835,8272449,,,,,,,
