RecType,InvNum,Type,OrderNumber,InvoiceDate,DBA,CustomerNumber,CustomerName,CustAddr1,CustAddr2,City,State,ZipCode,PhoneNumber,Whse,Trip,Terms,D/CFlag,TermsMsg,CorpCustID,CoverSheet,OrdEntryDate,ChainCode,ApplyTo#,PO#,,,,,,
Header,8272468,A,8272468,5/19/2010,1,54835,"WHOLE FOODS COMMUNITY COO","610 EAST 4TH STREET","","DULUTH","MN","558050000","218-728-0884",8,"000",0,2,"",54835,3639641,5/19/2010,"CMW",8283093,"",,,,,,
RecType,InvNum,Type,UPC,ProductID,QuantityShipped,Unit,Size,Brand,Description,RegularSRP,Status,NetPricePerUnit,ExtendedPrice,SaleSRP,RegPricePerUnit,CustomerID,PriceOrigin,QuantityOrdered,Taxable,LB flag,CW flag,CW2,CNF_RegSRP,CNF_SpcSRP,CorpCustID,CorpProdID,OrderNumber,InvoiceDate,Servings,
Detail,8272468,B,881245-151166,0444406,"-1","CS","16 OZ","FRMALL","COTTAGE CHEESE,OG,4%",".00",,".000",".00",".00",".000",54835,"","-1",0,"N","N",".00","","",54835,44440,8272468,5/19/2010,6,
Detail,8272468,B,049568-520100,0477091,"-1","CS","10 OZ","FOLLOW","MOZZARELLA VEGAN CHEESE",".00",,"2.341","-28.09",".00","2.341",54835,"","-1",0,"N","N",".00","","",54835,47709,8272468,5/19/2010,12,
RecType,InvNum,Type,NumGroceryItems,NumRefrigItems,NumRepackItems,NumFrozenItems,TotalPcs,TotalWt,TotalCubes,NonSpecial,Special,GrossTotal,VolDiscnt,Discount,NetTotal,TotalRetail,Deposits,Adjustments,ProfitAmnt,Profit%,InvDate,CorpCustID,OrderNumber,,,,,,,
Footer,8272468,C,"0","0","0","0","0","0",".00",".00",".00","-28.09","0",".00","-28.09",".00",".00",".00",".00",".00",5/19/2010,54835,8272468,,,,,,,
