RecType,InvNum,Type,OrderNumber,InvoiceDate,DBA,CustomerNumber,CustomerName,CustAddr1,CustAddr2,City,State,ZipCode,PhoneNumber,Whse,Trip,Terms,D/CFlag,TermsMsg,CorpCustID,CoverSheet,OrdEntryDate,ChainCode,ApplyTo#,PO#,,,,,,
Header,8272456,A,8272456,5/19/2010,1,54835,"WHOLE FOODS COMMUNITY COO","610 EAST 4TH STREET","","DULUTH","MN","558050000","218-728-0884",8,"000",0,2,"",54835,3639641,5/19/2010,"CMW",8283093,"",,,,,,
RecType,InvNum,Type,UPC,ProductID,QuantityShipped,Unit,Size,Brand,Description,RegularSRP,Status,NetPricePerUnit,ExtendedPrice,SaleSRP,RegPricePerUnit,CustomerID,PriceOrigin,QuantityOrdered,Taxable,LB flag,CW flag,CW2,CNF_RegSRP,CNF_SpcSRP,CorpCustID,CorpProdID,OrderNumber,InvoiceDate,Servings,
Detail,8272456,B,725342-283934,0328625,"-1","CS","28 OZ","MUIR","TOMATO,OG,CRUSHED W/BASIL",".00",,"1.427","-17.12",".00","1.427",54835,"","-1",0,"N","N",".00","","",54835,32862,8272456,5/19/2010,12,
Detail,8272456,B,075502-000018,0568022,"-1","CS","33.8 OZ","GEROLS","MINERAL WATER GLASS",".00",,"1.351","-16.21",".00","1.351",54835,"","-1",0,"N","N",".00","","",54835,56802,8272456,5/19/2010,12,
RecType,InvNum,Type,NumGroceryItems,NumRefrigItems,NumRepackItems,NumFrozenItems,TotalPcs,TotalWt,TotalCubes,NonSpecial,Special,GrossTotal,VolDiscnt,Discount,NetTotal,TotalRetail,Deposits,Adjustments,ProfitAmnt,Profit%,InvDate,CorpCustID,OrderNumber,,,,,,,
Footer,8272456,C,"0","0","0","0","0","0",".00",".00",".00","-33.33","0",".00","-33.33",".00",".00",".00",".00",".00",5/19/2010,54835,8272456,,,,,,,
