RecType,InvNum,Type,OrderNumber,InvoiceDate,DBA,CustomerNumber,CustomerName,CustAddr1,CustAddr2,City,State,ZipCode,PhoneNumber,Whse,Trip,Terms,D/CFlag,TermsMsg,CorpCustID,CoverSheet,OrdEntryDate,ChainCode,ApplyTo#,PO#,,,,,,
Header,8272707,A,8272707,5/19/2010,1,54835,"WHOLE FOODS COMMUNITY COO","610 EAST 4TH STREET","","DULUTH","MN","558050000","218-728-0884",8,"000",0,2,"",54835,3639641,5/19/2010,"CMW",8283093,"",,,,,,
RecType,InvNum,Type,UPC,ProductID,QuantityShipped,Unit,Size,Brand,Description,RegularSRP,Status,NetPricePerUnit,ExtendedPrice,SaleSRP,RegPricePerUnit,CustomerID,PriceOrigin,QuantityOrdered,Taxable,LB flag,CW flag,CW2,CNF_RegSRP,CNF_SpcSRP,CorpCustID,CorpProdID,OrderNumber,InvoiceDate,Servings,
Detail,8272707,B,834183-001116,0245878,"-11","1","15 OZ","ALEXIA","FRIES,JULIENE,SWT POT,SLT",".00",,"1.610","-17.71",".00","1.610",54835,"","-11",0,"N","N",".00","","",54835,24587,8272707,5/19/2010,1,
Footer,8272707,C,"0","0","0","0","0","0",".00",".00",".00","-17.71","0",".00","-17.71",".00",".00",".00",".00",".00",5/19/2010,54835,8272707,,,,,,,
