RecType,InvNum,Type,OrderNumber,InvoiceDate,DBA,CustomerNumber,CustomerName,CustAddr1,CustAddr2,City,State,ZipCode,PhoneNumber,Whse,Trip,Terms,D/CFlag,TermsMsg,CorpCustID,CoverSheet,OrdEntryDate,ChainCode,ApplyTo#,PO#,,,,,,
Header,8734055,A,7174950,7/29/2010,1,54835,"WHOLE FDS COOP-DULUTH","610 EAST 4TH STREET","","DULUTH","MN","558050000","218-728-0884",8,"412",7,0,"NET 21 DAYS",54835,3823383,7/28/2010,"CMW",0,"",,,,,,
RecType,InvNum,Type,UPC,ProductID,QuantityShipped,Unit,Size,Brand,Description,RegularSRP,Status,NetPricePerUnit,ExtendedPrice,SaleSRP,RegPricePerUnit,CustomerID,PriceOrigin,QuantityOrdered,Taxable,LB flag,CW flag,CW2,CNF_RegSRP,CNF_SpcSRP,CorpCustID,CorpProdID,OrderNumber,InvoiceDate,Servings,
Detail,8734055,B,070617-003558,0689711,"1","CS","6/1 OZ","BARB","SNACKIMALS,OG,CHOC CP,TRA","4.79",,"2.208","13.25","4.79","2.742",54835,"PRO 20","1",0,"N","N",".00","","",54835,68971,7174950,7/29/2010,6,
Detail,8734055,B,035883-050385,0428565,"1","EA","38 #","PETGRD","DOG,CHICKEN,PREM LIFESPAN","60.05",,"33.010","33.01","60.05","35.960",54835,"M 10","1",0,"N","N",".00","","",54835,42856,7174950,7/29/2010,1,
Detail,8734055,B,180127-000524,0367441,"1","CS","14 OZ","ZICO","WATER,COCONUT,BERRY","2.99",,"1.485","17.82","2.99","1.710",54835,"M 15","1",0,"N","N",".00","","",54835,36744,7174950,7/29/2010,12,
Detail,8734055,B,180127-000517,0366914,"1","CS","14 OZ","ZICO","WATER,COCONUT,CITRUS","2.99",,"1.485","17.82","2.99","1.710",54835,"M 15","1",0,"N","N",".00","","",54835,36691,7174950,7/29/2010,12,
Detail,8734055,B,180127-000500,0366765,"2","CS","14 OZ","ZICO","WATER,COCONUT,NATURAL","2.99",,"1.485","35.64","2.99","1.710",54835,"M 15","2",0,"N","N",".00","","",54835,36676,7174950,7/29/2010,12,
Footer,8734055,C,"6","0","0","0","6","96",".29",".00","117.54","117.54","0",".00","117.54","232.31",".00",".00",".00",".00",7/29/2010,54835,7174950,,,,,,,
