RecType,InvNum,Type,OrderNumber,InvoiceDate,DBA,CustomerNumber,CustomerName,CustAddr1,CustAddr2,City,State,ZipCode,PhoneNumber,Whse,Trip,Terms,D/CFlag,TermsMsg,CorpCustID,CoverSheet,OrdEntryDate,ChainCode,ApplyTo#,PO#,,,,,,
Header,8734053,A,7174680,7/29/2010,1,54835,"WHOLE FDS COOP-DULUTH","610 EAST 4TH STREET","","DULUTH","MN","558050000","218-728-0884",8,"412",7,0,"NET 21 DAYS",54835,3823383,7/28/2010,"CMW",0,"LN2430907-08",,,,,,
RecType,InvNum,Type,UPC,ProductID,QuantityShipped,Unit,Size,Brand,Description,RegularSRP,Status,NetPricePerUnit,ExtendedPrice,SaleSRP,RegPricePerUnit,CustomerID,PriceOrigin,QuantityOrdered,Taxable,LB flag,CW flag,CW2,CNF_RegSRP,CNF_SpcSRP,CorpCustID,CorpProdID,OrderNumber,InvoiceDate,Servings,
Detail,8734053,B,074333-470052,0894238,"1","CS","16 OZ","AM","SESAME TAHINI,OG,ROASTED","8.35",,"4.796","57.55",".00","4.796",54835,"","1",0,"N","N",".00","","",54835,89423,7174680,7/29/2010,12,
Detail,8734053,B,799210-175010,0894527,"1","CS","25.4 OZ","BIONTR","OLIVE OIL,OG,EX VIRGIN","20.45",,"10.388","62.33","20.45","11.740",54835,"PRO 10","1",0,"N","N",".00","","",54835,89452,7174680,7/29/2010,6,
Detail,8734053,B,070734-000034,0631002,"1","CS","20 BAG","CS","HERB TEA,SLEEPYTIME","3.49",,"1.995","11.97",".00","1.995",54835,"","1",0,"N","N",".00","","",54835,63100,7174680,7/29/2010,6,
Detail,8734053,B,182308-000033,0711515,"1","CS","14.8 OZ","CHERRY","COOKIE MIX,CHOCOLATE CHIP","5.45",,"3.102","18.61",".00","3.102",54835,"","1",0,"N","N",".00","","",54835,71151,7174680,7/29/2010,6,
Detail,8734053,B,632432-757773,0294470,"2","CS","16 OZ","GYERBA","YERBA MATE,OG,ENLITEN MNT","2.05",,"1.034","24.82","2.05","1.177",54835,"M 15","2",0,"N","N",".00","","",54835,29447,7174680,7/29/2010,12,
Detail,8734053,B,632432-717777,0294140,"2","CS","16 OZ","GYERBA","YERBA MATE,OG,LMN ELATION","2.05",,"1.034","24.82","2.05","1.177",54835,"M 15","2",0,"N","N",".00","","",54835,29414,7174680,7/29/2010,12,
Detail,8734053,B,632432-737775,0294298,"2","CS","16 OZ","GYERBA","YERBA MATE,OG,REVEL BERRY","2.05",,"1.034","24.82","2.05","1.177",54835,"M 15","2",0,"N","N",".00","","",54835,29429,7174680,7/29/2010,12,
Detail,8734053,B,665479-080306,0139261,"2","CS","14 OZ","KMBUCH","DRINK,OG,ASAIN PEAR GINGR","2.99",,"1.755","42.12",".00","1.755",54835,"","2",0,"N","N",".00","","",54835,13926,7174680,7/29/2010,12,
Detail,8734053,B,665479-080108,0139196,"2","CS","14 OZ","KMBUCH","DRINK,OG,KOMBUCHA TRADINL","2.99",,"1.755","42.12",".00","1.755",54835,"","2",0,"N","N",".00","","",54835,13919,7174680,7/29/2010,12,
Detail,8734053,B,665479-080504,0139444,"2","CS","14 OZ","KMBUCH","DRINK,OG,NIAGARA GRAPE","2.99",,"1.755","42.12",".00","1.755",54835,"","2",0,"N","N",".00","","",54835,13944,7174680,7/29/2010,12,
Detail,8734053,B,021908-509242,0825083,"1","CS","1.7 OZ","LARABR","NUTRITIONAL BAR,CHERY PIE","1.69",,".714","11.42","1.69",".953",54835,"PRO 25","1",0,"N","N",".00","","",54835,82508,7174680,7/29/2010,16,
Detail,8734053,B,021908-509235,0825109,"2","CS","1.8 OZ","LARABR","NUTRITIONAL BAR,CHOC COCN","1.69",,".714","22.84","1.69",".953",54835,"PRO 25","2",0,"N","N",".00","","",54835,82510,7174680,7/29/2010,16,
Detail,8734053,B,074682-103083,0777029,"1","CS","32 OZ","KNDSN","JUICE,JUST POMEGRANATE","8.35",,"4.153","49.84","8.35","4.928",54835,"PRO 15","1",0,"N","N",".00","","",54835,77702,7174680,7/29/2010,12,
Detail,8734053,B,074873-968101,0241844,"2","CS","32 OZ","WSTSOY","WESTSOY DRINK,OG,PLAIN,LF","2.05",,".904","21.70","2.05","1.152",54835,"PRO 20","2",0,"N","N",".00","","",54835,24184,7174680,7/29/2010,12,
Detail,8734053,B,026938-899806,0899807,"1","","EA","","TOTES CHARGE",".00",,".000",".00",".00",".000",54835,"NO CHG","1",0,"","",".00","N","",54835,89980,7174680,7/29/2010,1,
Detail,8734053,B,852697-001316,0208793,"0","CS","4.22 OZ","HAPPYT","BABY FD,OG,BAN,PCH,COC,PR",".00",OUT,".000",".00",".00",".000",54835,"","1",0,"N","N",".00","","",54835,20879,7174680,7/29/2010,16,
Detail,8734053,B,898999-000206,0579391,"0","CS","11.2OZ","VITACO","COCONUT WATER,PINEAPPLE",".00",OUT,".000",".00",".00",".000",54835,"M 20","1",0,"N","N",".00","","",54835,57939,7174680,7/29/2010,12,
RecType,InvNum,Type,NumGroceryItems,NumRefrigItems,NumRepackItems,NumFrozenItems,TotalPcs,TotalWt,TotalCubes,NonSpecial,Special,GrossTotal,VolDiscnt,Discount,NetTotal,TotalRetail,Deposits,Adjustments,ProfitAmnt,Profit%,InvDate,CorpCustID,OrderNumber,,,,,,,
Footer,8734053,C,"13","6","1","0","20","355",".90","214.49","242.59","457.08","0",".00","457.08","869.94",".00",".00",".00",".00",7/29/2010,54835,7174680,,,,,,,
