RecType,InvNum,Type,OrderNumber,InvoiceDate,DBA,CustomerNumber,CustomerName,CustAddr1,CustAddr2,City,State,ZipCode,PhoneNumber,Whse,Trip,Terms,D/CFlag,TermsMsg,CorpCustID,CoverSheet,OrdEntryDate,ChainCode,ApplyTo#,PO#,,,,,,
Header,8734050,A,7174653,7/29/2010,1,54835,"WHOLE FDS COOP-DULUTH","610 EAST 4TH STREET","","DULUTH","MN","558050000","218-728-0884",8,"412",7,0,"NET 21 DAYS",54835,3823383,7/28/2010,"CMW",0,"LN2430902-21",,,,,,
RecType,InvNum,Type,UPC,ProductID,QuantityShipped,Unit,Size,Brand,Description,RegularSRP,Status,NetPricePerUnit,ExtendedPrice,SaleSRP,RegPricePerUnit,CustomerID,PriceOrigin,QuantityOrdered,Taxable,LB flag,CW flag,CW2,CNF_RegSRP,CNF_SpcSRP,CorpCustID,CorpProdID,OrderNumber,InvoiceDate,Servings,
Detail,8734050,B,089836-020093,0311423,"1","EA","#","FRNTHB","BROTH POWDER,BEEF FLAVOR","15.15",,"5.570","5.57",".00","5.570",54835,"","1",0,"N","N",".00","","",54835,31142,7174653,7/29/2010,1,
Detail,8734050,B,089836-028693,0546317,"1","EA","#","FRNTHB","BROTH POWDER,OG,CHCKN FLV","20.19",,"7.430","7.43",".00","7.430",54835,"","1",0,"N","N",".00","","",54835,54631,7174653,7/29/2010,1,
Detail,8734050,B,089836-026149,0448399,"1","EA","#","FRNTHB","CARAWAY SEED,OG,WHOLE","11.55",,"4.240","4.24",".00","4.240",54835,"","1",0,"N","N",".00","","",54835,44839,7174653,7/29/2010,1,
Detail,8734050,B,089836-026514,0448423,"1","EA","#","FRNTHB","CARDAMOM SEED,OG,GROUND","65.39",,"24.090","24.09",".00","24.090",54835,"","1",0,"N","N",".00","","",54835,44842,7174653,7/29/2010,1,
Detail,8734050,B,089836-025920,0448514,"1","EA","#","FRNTHB","CUMIN SEED,OG,GROUND","21.45",,"7.900","7.90",".00","7.900",54835,"","1",0,"N","N",".00","","",54835,44851,7174653,7/29/2010,1,
Detail,8734050,B,089836-003522,0298356,"1","EA","#","FRNTHB","GARLIC POWDER,OG","15.45",,"5.690","5.69",".00","5.690",54835,"","1",0,"N","N",".00","","",54835,29835,7174653,7/29/2010,1,
Detail,8734050,B,089836-002945,0311548,"1","EA","#","FRNTHB","MUSTARD SEED,OG,YEL,GRND","11.15",,"4.110","4.11",".00","4.110",54835,"","1",0,"N","N",".00","","",54835,31154,7174653,7/29/2010,1,
Detail,8734050,B,089836-003720,0478370,"1","EA","#","FRNTHB","ONION FLAKES,OG,WHITE","17.15",,"6.310","6.31",".00","6.310",54835,"","1",0,"N","N",".00","","",54835,47837,7174653,7/29/2010,1,
Detail,8734050,B,089836-007148,0478412,"1","EA","#","FRNTHB","PAPRIKA,OG,GROUND","19.29",,"7.100","7.10",".00","7.100",54835,"","1",0,"N","N",".00","","",54835,47841,7174653,7/29/2010,1,
Detail,8734050,B,089836-026002,0546671,"1","EA","#","FRNTHB","PEPPER,BLACK,OG,MED,GRIND","22.35",,"8.230","8.23",".00","8.230",54835,"","1",0,"N","N",".00","","",54835,54667,7174653,7/29/2010,1,
Detail,8734050,B,089836-027702,0546333,"1","EA","#","FRNTHB","CHILI POWDER BLEND,OG","24.69",,"9.090","9.09",".00","9.090",54835,"","1",0,"N","N",".00","","",54835,54633,7174653,7/29/2010,1,
Detail,8734050,B,089836-001252,0379388,"1","EA","#","FRNTHB","CHILI POWDER FIESTA","14.95",,"5.490","5.49",".00","5.490",54835,"","1",0,"N","N",".00","","",54835,37938,7174653,7/29/2010,1,
Detail,8734050,B,089836-028730,0551770,"1","EA","#","FRNTHB","TEA,OG,FT,GUNPOWDER GREEN","32.75",,"12.050","12.05",".00","12.050",54835,"","1",0,"N","N",".00","","",54835,55177,7174653,7/29/2010,1,
Detail,8734050,B,026938-899806,0899807,"1","","EA","","TOTES CHARGE",".00",,".000",".00",".00",".000",54835,"NO CHG","1",0,"","",".00","N","",54835,89980,7174653,7/29/2010,1,
Detail,8734050,B,089836-026491,0546556,"0","EA","#","FRNTHB","ITALIAN SEASONING,OG,WHL",".00",OUT,".000",".00",".00",".000",54835,"","1",0,"N","N",".00","","",54835,54655,7174653,7/29/2010,1,
RecType,InvNum,Type,NumGroceryItems,NumRefrigItems,NumRepackItems,NumFrozenItems,TotalPcs,TotalWt,TotalCubes,NonSpecial,Special,GrossTotal,VolDiscnt,Discount,NetTotal,TotalRetail,Deposits,Adjustments,ProfitAmnt,Profit%,InvDate,CorpCustID,OrderNumber,,,,,,,
Footer,8734050,C,"0","0","1","0","1","20",".21","107.30",".00","107.30","0",".00","107.30","291.51",".00",".00",".00",".00",7/29/2010,54835,7174653,,,,,,,
