RecType,InvNum,Type,OrderNumber,InvoiceDate,DBA,CustomerNumber,CustomerName,CustAddr1,CustAddr2,City,State,ZipCode,PhoneNumber,Whse,Trip,Terms,D/CFlag,TermsMsg,CorpCustID,CoverSheet,OrdEntryDate,ChainCode,ApplyTo#,PO#,,,,,,
Header,8734041,A,7174598,7/29/2010,1,54835,"WHOLE FDS COOP-DULUTH","610 EAST 4TH STREET","","DULUTH","MN","558050000","218-728-0884",8,"412",7,0,"NET 21 DAYS",54835,3823383,7/28/2010,"CMW",0,"LN2430885-02",,,,,,
RecType,InvNum,Type,UPC,ProductID,QuantityShipped,Unit,Size,Brand,Description,RegularSRP,Status,NetPricePerUnit,ExtendedPrice,SaleSRP,RegPricePerUnit,CustomerID,PriceOrigin,QuantityOrdered,Taxable,LB flag,CW flag,CW2,CNF_RegSRP,CNF_SpcSRP,CorpCustID,CorpProdID,OrderNumber,InvoiceDate,Servings,
Detail,8734041,B,026938-462895,0462895,"1","LB","5 #","BRUNKW","CHEDDR,MILD WHITE RM","6.79",,"3.550","20.09",".00","3.550",54835,"","1",0,"N","Y","5.66","","",54835,46289,7174598,7/29/2010,1,
Detail,8734041,B,026938-463014,0463018,"1","LB","5 #","BRUNKW","MONTEREY JACK RM","6.69",,"3.500","16.38",".00","3.500",54835,"","1",0,"N","Y","4.68","","",54835,46301,7174598,7/29/2010,1,
Detail,8734041,B,026938-468514,0468512,"1","CS","1 #","CEDARG","CHEDDAR,OG,MILD WHITE","9.65",,"5.046","40.37",".00","5.046",54835,"","1",0,"N","N",".00","","",54835,46851,7174598,7/29/2010,8,
Detail,8734041,B,871459-000015,0194357,"1","CS","8 OZ","DAIYA","SHREDS,MOZZARELLA STYLE","5.75",,"2.586","31.03","5.75","2.991",54835,"M 15","1",0,"N","N",".00","","",54835,19435,7174598,7/29/2010,12,
Detail,8734041,B,049568-500102,0477059,"1","CS","10 OZ","FOLLOW","MONTEREY JACK VEGAN CHS","5.15",,"2.685","32.22",".00","2.685",54835,"","1",0,"N","N",".00","","",54835,47705,7174598,7/29/2010,12,
Detail,8734041,B,045296-191025,0443267,"1","CS","8 OZ","LISANT","ALMOND CHEESE,MOZZ","4.35",,"2.273","27.28",".00","2.273",54835,"","1",0,"N","N",".00","","",54835,44326,7174598,7/29/2010,12,
Detail,8734041,B,093966-002119,0728790,"1","CS","4 OZ","OGVAL","CRUMBLES,OG,BLUE CHEESE","5.15",,"2.298","27.58","5.15","2.680",54835,"PRO 13","1",0,"N","N",".00","","",54835,72879,7174598,7/29/2010,12,
Detail,8734041,B,093966-000054,0602441,"1","CS","1 OZ","OGVAL","STRINGLES,OG",".85",,".443","10.63",".00",".443",54835,"","1",0,"N","N",".00","","",54835,60244,7174598,7/29/2010,24,
Detail,8734041,B,026938-505998,0505990,"2","LB","7 #","SWSVAL","SWISS,GRADE A","5.05",,"2.630","31.24",".00","2.630",54835,"","2",0,"N","Y","11.88","","",54835,50599,7174598,7/29/2010,1,
Detail,8734041,B,020188-050253,0327270,"1","CS","8 OZ","TOFUTI","BTR THN CRM CHESE,NON-HYD","3.85",,"1.993","23.92",".00","1.993",54835,"","1",0,"N","N",".00","","",54835,32727,7174598,7/29/2010,12,
Detail,8734041,B,026938-468491,0468496,"0","CS","1 #","CEDARG","CHEDDAR,MLD,rBGH FREE,YEL",".00",OUT,".000",".00",".00",".000",54835,"","1",0,"N","N",".00","","",54835,46849,7174598,7/29/2010,8,
Detail,8734041,B,026938-468552,0468553,"0","CS","1 #","CEDARG","COLBY,MARBLE rBGH FREE",".00",OUT,".000",".00",".00",".000",54835,"","1",0,"N","N",".00","","",54835,46855,7174598,7/29/2010,8,
RecType,InvNum,Type,NumGroceryItems,NumRefrigItems,NumRepackItems,NumFrozenItems,TotalPcs,TotalWt,TotalCubes,NonSpecial,Special,GrossTotal,VolDiscnt,Discount,NetTotal,TotalRetail,Deposits,Adjustments,ProfitAmnt,Profit%,InvDate,CorpCustID,OrderNumber,,,,,,,
Footer,8734041,C,"0","11","0","0","11","64",".20","202.13","58.61","260.74","0",".00","260.74","518.33",".00",".00",".00",".00",7/29/2010,54835,7174598,,,,,,,
