RecType,InvNum,Type,OrderNumber,InvoiceDate,DBA,CustomerNumber,CustomerName,CustAddr1,CustAddr2,City,State,ZipCode,PhoneNumber,Whse,Trip,Terms,D/CFlag,TermsMsg,CorpCustID,CoverSheet,OrdEntryDate,ChainCode,ApplyTo#,PO#,,,,,,
Header,8734034,A,7174427,7/29/2010,1,54835,"WHOLE FDS COOP-DULUTH","610 EAST 4TH STREET","","DULUTH","MN","558050000","218-728-0884",8,"412",7,0,"NET 21 DAYS",54835,3823383,7/28/2010,"CMW",0,"LN2430871-05",,,,,,
RecType,InvNum,Type,UPC,ProductID,QuantityShipped,Unit,Size,Brand,Description,RegularSRP,Status,NetPricePerUnit,ExtendedPrice,SaleSRP,RegPricePerUnit,CustomerID,PriceOrigin,QuantityOrdered,Taxable,LB flag,CW flag,CW2,CNF_RegSRP,CNF_SpcSRP,CorpCustID,CorpProdID,OrderNumber,InvoiceDate,Servings,
Detail,8734034,B,043192-104002,0280651,"2","CS","32 OZ","NANCYS","YOGURT,OG,NON FAT,PLAIN","4.35",,"2.613","31.36",".00","2.613",54835,"","2",0,"N","N",".00","","",54835,28065,7174427,7/29/2010,6,
Detail,8734034,B,052159-000028,0636944,"1","CS","32 OZ","STNFLD","YGRT,OG,WM,FRENCH VAN","4.65",,"2.778","16.67",".00","2.778",54835,"","1",0,"N","N",".00","","",54835,63694,7174427,7/29/2010,6,
RecType,InvNum,Type,NumGroceryItems,NumRefrigItems,NumRepackItems,NumFrozenItems,TotalPcs,TotalWt,TotalCubes,NonSpecial,Special,GrossTotal,VolDiscnt,Discount,NetTotal,TotalRetail,Deposits,Adjustments,ProfitAmnt,Profit%,InvDate,CorpCustID,OrderNumber,,,,,,,
Footer,8734034,C,"0","3","0","0","3","39",".13","48.03",".00","48.03","0",".00","48.03","80.10",".00",".00",".00",".00",7/29/2010,54835,7174427,,,,,,,
