RecType,InvNum,Type,OrderNumber,InvoiceDate,DBA,CustomerNumber,CustomerName,CustAddr1,CustAddr2,City,State,ZipCode,PhoneNumber,Whse,Trip,Terms,D/CFlag,TermsMsg,CorpCustID,CoverSheet,OrdEntryDate,ChainCode,ApplyTo#,PO#,,,,,,
Header,8734049,A,7174651,7/29/2010,1,54835,"WHOLE FDS COOP-DULUTH","610 EAST 4TH STREET","","DULUTH","MN","558050000","218-728-0884",8,"412",7,0,"NET 21 DAYS",54835,3823383,7/28/2010,"CMW",0,"LN2430902-19",,,,,,
RecType,InvNum,Type,UPC,ProductID,QuantityShipped,Unit,Size,Brand,Description,RegularSRP,Status,NetPricePerUnit,ExtendedPrice,SaleSRP,RegPricePerUnit,CustomerID,PriceOrigin,QuantityOrdered,Taxable,LB flag,CW flag,CW2,CNF_RegSRP,CNF_SpcSRP,CorpCustID,CorpProdID,OrderNumber,InvoiceDate,Servings,
Detail,8734049,B,032843-334806,0141408,"3","EA","10 OZ","CAFE A","COFFEE WB,OG,KONA","8.75",,"5.020","15.06",".00","5.020",54835,"","3",0,"N","N",".00","","",54835,14140,7174651,7/29/2010,1,
Detail,8734049,B,795239-800605,0368381,"1","CS","11 OZ","TECINO","HRBL COFFEE,OG,HAZELNUT","9.09",,"5.205","31.23",".00","5.205",54835,"","1",0,"N","N",".00","","",54835,36838,7174651,7/29/2010,6,
Detail,8734049,B,026938-899806,0899807,"1","","EA","","TOTES CHARGE",".00",,".000",".00",".00",".000",54835,"NO CHG","1",0,"","",".00","N","",54835,89980,7174651,7/29/2010,1,
RecType,InvNum,Type,NumGroceryItems,NumRefrigItems,NumRepackItems,NumFrozenItems,TotalPcs,TotalWt,TotalCubes,NonSpecial,Special,GrossTotal,VolDiscnt,Discount,NetTotal,TotalRetail,Deposits,Adjustments,ProfitAmnt,Profit%,InvDate,CorpCustID,OrderNumber,,,,,,,
Footer,8734049,C,"1","0","1","0","2","13",".19","46.29",".00","46.29","0",".00","46.29","80.79",".00",".00",".00",".00",7/29/2010,54835,7174651,,,,,,,
