RecType,InvNum,Type,OrderNumber,InvoiceDate,DBA,CustomerNumber,CustomerName,CustAddr1,CustAddr2,City,State,ZipCode,PhoneNumber,Whse,Trip,Terms,D/CFlag,TermsMsg,CorpCustID,CoverSheet,OrdEntryDate,ChainCode,ApplyTo#,PO#,,,,,,
Header,8734038,A,7174594,7/29/2010,1,54835,"WHOLE FDS COOP-DULUTH","610 EAST 4TH STREET","","DULUTH","MN","558050000","218-728-0884",8,"412",7,0,"NET 21 DAYS",54835,3823383,7/28/2010,"CMW",0,"",,,,,,
RecType,InvNum,Type,UPC,ProductID,QuantityShipped,Unit,Size,Brand,Description,RegularSRP,Status,NetPricePerUnit,ExtendedPrice,SaleSRP,RegPricePerUnit,CustomerID,PriceOrigin,QuantityOrdered,Taxable,LB flag,CW flag,CW2,CNF_RegSRP,CNF_SpcSRP,CorpCustID,CorpProdID,OrderNumber,InvoiceDate,Servings,
Detail,8734038,B,078355-500506,0888198,"1","CS","6 OZ","GREEKG","GREEK YGRT,TRAD,POMEGRANT","1.65",,".553","6.63","1.65",".982",54835,"POV 50","1",0,"N","N",".00","","",54835,88819,7174594,7/29/2010,12,
Detail,8734038,B,036192-122855,0319210,"1","CS","23 OZ","SANCRZ","SAUCE,OG,TROPICAL FRUIT","4.49",,"1.779","21.35","4.49","2.565",54835,"POV 35","1",0,"N","N",".00","","",54835,31921,7174594,7/29/2010,12,
Detail,8734038,B,744473-912315,0336693,"1","CS","32 OZ","SO DEL","CNUT MILK,OG,ORGNL,ASPTC","2.85",,".000",".00",".00","1.628",54835,"NO CHG","1",0,"N","N",".00","","",54835,33669,7174594,7/29/2010,12,
Detail,8734038,B,744473-912353,0337196,"1","CS","32 OZ","SO DEL","CNUT MILK,OG,UNSWTND,ASPT","2.85",,".000",".00",".00","1.628",54835,"NO CHG","1",0,"N","N",".00","","",54835,33719,7174594,7/29/2010,12,
Detail,8734038,B,744473-912346,0337097,"1","CS","32 OZ","SO DEL","CNUT MILK,OG,VAN,ASPTC","2.85",,".000",".00",".00","1.628",54835,"NO CHG","1",0,"N","N",".00","","",54835,33709,7174594,7/29/2010,12,
Detail,8734038,B,894773-001100,0466508,"1","CS","6/12 OZ","ZEVIA","SODA,NAT BLK CHERRY,DIET","6.59",,"1.230","4.92","6.59","3.780",54835,"POV 85","1",0,"N","N",".00","","",54835,46650,7174594,7/29/2010,4,
RecType,InvNum,Type,NumGroceryItems,NumRefrigItems,NumRepackItems,NumFrozenItems,TotalPcs,TotalWt,TotalCubes,NonSpecial,Special,GrossTotal,VolDiscnt,Discount,NetTotal,TotalRetail,Deposits,Adjustments,ProfitAmnt,Profit%,InvDate,CorpCustID,OrderNumber,,,,,,,
Footer,8734038,C,"5","1","0","0","6","130",".27",".00","32.90","32.90","0",".00","32.90","202.64",".00",".00",".00",".00",7/29/2010,54835,7174594,,,,,,,
