RecType,InvNum,Type,OrderNumber,InvoiceDate,DBA,CustomerNumber,CustomerName,CustAddr1,CustAddr2,City,State,ZipCode,PhoneNumber,Whse,Trip,Terms,D/CFlag,TermsMsg,CorpCustID,CoverSheet,OrdEntryDate,ChainCode,ApplyTo#,PO#,,,,,,
Header,8678684,A,8678684,7/22/2010,1,54835,"WHOLE FDS COOP-DULUTH","610 EAST 4TH STREET","","DULUTH","MN","558050000","218-728-0884",8,"000",0,2,"",54835,3805317,7/22/2010,"CMW",8688356,"",,,,,,
RecType,InvNum,Type,UPC,ProductID,QuantityShipped,Unit,Size,Brand,Description,RegularSRP,Status,NetPricePerUnit,ExtendedPrice,SaleSRP,RegPricePerUnit,CustomerID,PriceOrigin,QuantityOrdered,Taxable,LB flag,CW flag,CW2,CNF_RegSRP,CNF_SpcSRP,CorpCustID,CorpProdID,OrderNumber,InvoiceDate,Servings,
Detail,8678684,B,072169-123654,0798496,"-2","CS","6 OZ","PJ'S","BURRITO,OG,BREAKFAST",".00",,".000",".00",".00",".000",54835,"","-2",0,"N","N",".00","","",54835,79849,8678684,7/22/2010,12,
Detail,8678684,B,072169-121650,0798512,"-2","CS","6 OZ","PJ'S","BURRITO,OG,CHICKEN",".00",,"1.300","-31.20",".00","1.300",54835,"","-2",0,"N","N",".00","","",54835,79851,8678684,7/22/2010,12,
RecType,InvNum,Type,NumGroceryItems,NumRefrigItems,NumRepackItems,NumFrozenItems,TotalPcs,TotalWt,TotalCubes,NonSpecial,Special,GrossTotal,VolDiscnt,Discount,NetTotal,TotalRetail,Deposits,Adjustments,ProfitAmnt,Profit%,InvDate,CorpCustID,OrderNumber,,,,,,,
Footer,8678684,C,"0","0","0","0","0","0",".00",".00",".00","-31.20","0",".00","-31.20",".00",".00",".00",".00",".00",7/22/2010,54835,8678684,,,,,,,
