RecType,InvNum,Type,OrderNumber,InvoiceDate,DBA,CustomerNumber,CustomerName,CustAddr1,CustAddr2,City,State,ZipCode,PhoneNumber,Whse,Trip,Terms,D/CFlag,TermsMsg,CorpCustID,CoverSheet,OrdEntryDate,ChainCode,ApplyTo#,PO#,,,,,,
Header,8688371,A,7133136,7/22/2010,1,54835,"WHOLE FDS COOP-DULUTH","610 EAST 4TH STREET","","DULUTH","MN","558050000","218-728-0884",8,"412",7,0,"NET 21 DAYS",54835,3805317,7/21/2010,"CMW",0,"",,,,,,
RecType,InvNum,Type,UPC,ProductID,QuantityShipped,Unit,Size,Brand,Description,RegularSRP,Status,NetPricePerUnit,ExtendedPrice,SaleSRP,RegPricePerUnit,CustomerID,PriceOrigin,QuantityOrdered,Taxable,LB flag,CW flag,CW2,CNF_RegSRP,CNF_SpcSRP,CorpCustID,CorpProdID,OrderNumber,InvoiceDate,Servings,
Detail,8688371,B,051381-911089,0713743,"4","EA",".5 OZ","AURACA","ESSENTIAL OIL,CEDARWOOD","3.75",,"1.970","7.88",".00","1.970",54835,"","4",0,"N","N",".00","","",54835,71374,7133136,7/22/2010,1,
Detail,8688371,B,893455-000127,0650333,"6","EA","7 OZ","ONEW","DEAD SEA BAR SOAP,LMN VRB","4.25",,"1.770","10.62","4.25","2.230",54835,"PRO 20","6",0,"N","N",".00","","",54835,65033,7133136,7/22/2010,1,
Detail,8688371,B,026938-899806,0899807,"1","","EA","","TOTES CHARGE",".00",,".000",".00",".00",".000",54835,"NO CHG","1",0,"","",".00","N","",54835,89980,7133136,7/22/2010,1,
RecType,InvNum,Type,NumGroceryItems,NumRefrigItems,NumRepackItems,NumFrozenItems,TotalPcs,TotalWt,TotalCubes,NonSpecial,Special,GrossTotal,VolDiscnt,Discount,NetTotal,TotalRetail,Deposits,Adjustments,ProfitAmnt,Profit%,InvDate,CorpCustID,OrderNumber,,,,,,,
Footer,8688371,C,"0","0","1","0","1","10",".15","7.88","10.62","18.50","0",".00","18.50","40.50",".00",".00",".00",".00",7/22/2010,54835,7133136,,,,,,,
