RecType,InvNum,Type,OrderNumber,InvoiceDate,DBA,CustomerNumber,CustomerName,CustAddr1,CustAddr2,City,State,ZipCode,PhoneNumber,Whse,Trip,Terms,D/CFlag,TermsMsg,CorpCustID,CoverSheet,OrdEntryDate,ChainCode,ApplyTo#,PO#,,,,,,
Header,8688361,A,7132324,7/22/2010,1,54835,"WHOLE FDS COOP-DULUTH","610 EAST 4TH STREET","","DULUTH","MN","558050000","218-728-0884",8,"412",7,0,"NET 21 DAYS",54835,3805317,7/21/2010,"CMW",0,"LN2417324-12",,,,,,
RecType,InvNum,Type,UPC,ProductID,QuantityShipped,Unit,Size,Brand,Description,RegularSRP,Status,NetPricePerUnit,ExtendedPrice,SaleSRP,RegPricePerUnit,CustomerID,PriceOrigin,QuantityOrdered,Taxable,LB flag,CW flag,CW2,CNF_RegSRP,CNF_SpcSRP,CorpCustID,CorpProdID,OrderNumber,InvoiceDate,Servings,
Detail,8688361,B,025317-565004,0289074,"1","CS","16 OZ","APLEGT","BURGER,OG,TURKEY","8.69",,"5.121","61.45",".00","5.121",54835,"","1",0,"N","N",".00","","",54835,28907,7132324,7/22/2010,12,
Detail,8688361,B,025317-530002,0274159,"2","CS","12 OZ","APLEGT","HOT DOG,BEEF,ANTIBTC FREE","4.85",,"2.477","59.44","4.85","2.852",54835,"M 15","2",0,"N","N",".00","","",54835,27415,7132324,7/22/2010,12,
Detail,8688361,B,048481-009938,0759100,"1","CS","12 OZ","SHLTON","CHICKEN FRANKS","3.85",,"2.252","13.51",".00","2.252",54835,"","1",0,"N","N",".00","","",54835,75910,7132324,7/22/2010,6,
Detail,8688361,B,048481-009914,0273003,"2","CS","12 OZ","SHLTON","TURKEY FRANKS","3.85",,"1.973","23.68","3.85","2.252",54835,"M 15","2",0,"N","N",".00","","",54835,27300,7132324,7/22/2010,6,
Detail,8688361,B,048481-009907,0511089,"0","CS","12 OZ","SHLTON","TURKEY FRANKS,SMOKED",".00",OUT,".000",".00",".00",".000",54835,"M 15","3",0,"N","N",".00","","",54835,51108,7132324,7/22/2010,6,
RecType,InvNum,Type,NumGroceryItems,NumRefrigItems,NumRepackItems,NumFrozenItems,TotalPcs,TotalWt,TotalCubes,NonSpecial,Special,GrossTotal,VolDiscnt,Discount,NetTotal,TotalRetail,Deposits,Adjustments,ProfitAmnt,Profit%,InvDate,CorpCustID,OrderNumber,,,,,,,
Footer,8688361,C,"0","0","0","6","6","45",".22","74.96","83.12","158.08","0",".00","158.08","289.98",".00",".00",".00",".00",7/22/2010,54835,7132324,,,,,,,
