RecType,InvNum,Type,OrderNumber,InvoiceDate,DBA,CustomerNumber,CustomerName,CustAddr1,CustAddr2,City,State,ZipCode,PhoneNumber,Whse,Trip,Terms,D/CFlag,TermsMsg,CorpCustID,CoverSheet,OrdEntryDate,ChainCode,ApplyTo#,PO#,,,,,,
Header,8688369,A,7133042,7/22/2010,1,54835,"WHOLE FDS COOP-DULUTH","610 EAST 4TH STREET","","DULUTH","MN","558050000","218-728-0884",8,"412",7,0,"NET 21 DAYS",54835,3805317,7/21/2010,"CMW",0,"LN2417443-09",,,,,,
RecType,InvNum,Type,UPC,ProductID,QuantityShipped,Unit,Size,Brand,Description,RegularSRP,Status,NetPricePerUnit,ExtendedPrice,SaleSRP,RegPricePerUnit,CustomerID,PriceOrigin,QuantityOrdered,Taxable,LB flag,CW flag,CW2,CNF_RegSRP,CNF_SpcSRP,CorpCustID,CorpProdID,OrderNumber,InvoiceDate,Servings,
Detail,8688369,B,745158-340201,0364471,"1","CS","3 #","HALO","SPOTS STEW CAT,INDR,CHCKN","11.39",,"6.800","40.80",".00","6.800",54835,"","1",0,"N","N",".00","","",54835,36447,7133042,7/22/2010,6,
Detail,8688369,B,035883-005040,0926543,"1","CS","14 OZ","PETGRD","CAT,CHICKEN & WHEAT GERM","2.55",,"1.388","16.65","2.55","1.517",54835,"M 10","1",0,"N","N",".00","","",54835,92654,7133042,7/22/2010,12,
RecType,InvNum,Type,NumGroceryItems,NumRefrigItems,NumRepackItems,NumFrozenItems,TotalPcs,TotalWt,TotalCubes,NonSpecial,Special,GrossTotal,VolDiscnt,Discount,NetTotal,TotalRetail,Deposits,Adjustments,ProfitAmnt,Profit%,InvDate,CorpCustID,OrderNumber,,,,,,,
Footer,8688369,C,"2","0","0","0","2","32",".14","40.80","16.65","57.45","0",".00","57.45","98.94",".00",".00",".00",".00",7/22/2010,54835,7133042,,,,,,,
