RecType,InvNum,Type,OrderNumber,InvoiceDate,DBA,CustomerNumber,CustomerName,CustAddr1,CustAddr2,City,State,ZipCode,PhoneNumber,Whse,Trip,Terms,D/CFlag,TermsMsg,CorpCustID,CoverSheet,OrdEntryDate,ChainCode,ApplyTo#,PO#,,,,,,
Header,8688376,A,7133151,7/22/2010,1,54835,"WHOLE FDS COOP-DULUTH","610 EAST 4TH STREET","","DULUTH","MN","558050000","218-728-0884",8,"412",7,0,"NET 21 DAYS",54835,3805317,7/21/2010,"CMW",0,"LN2417447-16",,,,,,
RecType,InvNum,Type,UPC,ProductID,QuantityShipped,Unit,Size,Brand,Description,RegularSRP,Status,NetPricePerUnit,ExtendedPrice,SaleSRP,RegPricePerUnit,CustomerID,PriceOrigin,QuantityOrdered,Taxable,LB flag,CW flag,CW2,CNF_RegSRP,CNF_SpcSRP,CorpCustID,CorpProdID,OrderNumber,InvoiceDate,Servings,
Detail,8688376,B,074333-458487,0112540,"1","CS","#","AM","FLOUR,OG,UNBLCHD,WHITE","1.45",,".811","20.27",".00",".811",54835,"","1",0,"N","N",".00","","",54835,11254,7133151,7/22/2010,25,
Detail,8688376,B,026938-482893,0482893,"1","CS","#","GREATR","FLOUR,OG,WW BREAD","1.29",,".738","18.45",".00",".738",54835,"","1",0,"N","N",".00","","",54835,48289,7133151,7/22/2010,25,
Detail,8688376,B,026938-768096,0768093,"0","CS","#","WHLSOM","SUGAR,OG,FT,CANE",".00",OUT,".000",".00",".00",".000",54835,"","2",0,"N","N",".00","","",54835,76809,7133151,7/22/2010,25,
RecType,InvNum,Type,NumGroceryItems,NumRefrigItems,NumRepackItems,NumFrozenItems,TotalPcs,TotalWt,TotalCubes,NonSpecial,Special,GrossTotal,VolDiscnt,Discount,NetTotal,TotalRetail,Deposits,Adjustments,ProfitAmnt,Profit%,InvDate,CorpCustID,OrderNumber,,,,,,,
Footer,8688376,C,"2","0","0","0","2","51",".15","38.72",".00","38.72","0",".00","38.72","68.50",".00",".00",".00",".00",7/22/2010,54835,7133151,,,,,,,
