RecType,InvNum,Type,OrderNumber,InvoiceDate,DBA,CustomerNumber,CustomerName,CustAddr1,CustAddr2,City,State,ZipCode,PhoneNumber,Whse,Trip,Terms,D/CFlag,TermsMsg,CorpCustID,CoverSheet,OrdEntryDate,ChainCode,ApplyTo#,PO#,,,,,,
Header,8688382,A,7133561,7/22/2010,1,54835,"WHOLE FDS COOP-DULUTH","610 EAST 4TH STREET","","DULUTH","MN","558050000","218-728-0884",8,"412",7,0,"NET 21 DAYS",54835,3805317,7/21/2010,"CMW",0,"",,,,,,
RecType,InvNum,Type,UPC,ProductID,QuantityShipped,Unit,Size,Brand,Description,RegularSRP,Status,NetPricePerUnit,ExtendedPrice,SaleSRP,RegPricePerUnit,CustomerID,PriceOrigin,QuantityOrdered,Taxable,LB flag,CW flag,CW2,CNF_RegSRP,CNF_SpcSRP,CorpCustID,CorpProdID,OrderNumber,InvoiceDate,Servings,
Detail,8688382,B,698997-809166,0183970,"1","CS","12 OZ","UDI'S","BREAD,WHOLE GRAIN,GF","5.19",,"3.046","24.37",".00","3.046",54835,"","1",0,"N","N",".00","","",54835,18397,7133561,7/22/2010,8,
Detail,8688382,B,698997-809173,0198721,"1","CS","8 OZ","UDI'S","PIZZA CRUST,GF,9IN 2 PACK","5.19",,"2.634","21.07","5.19","3.046",54835,"M 15","1",0,"N","N",".00","","",54835,19872,7133561,7/22/2010,8,
Footer,8688382,C,"0","0","0","2","2","12",".10","24.37","21.07","45.44","0",".00","45.44","83.04",".00",".00",".00",".00",7/22/2010,54835,7133561,,,,,,,
