RecType,InvNum,Type,OrderNumber,InvoiceDate,DBA,CustomerNumber,CustomerName,CustAddr1,CustAddr2,City,State,ZipCode,PhoneNumber,Whse,Trip,Terms,D/CFlag,TermsMsg,CorpCustID,CoverSheet,OrdEntryDate,ChainCode,ApplyTo#,PO#,,,,,,
Header,8688359,A,7132322,7/22/2010,1,54835,"WHOLE FDS COOP-DULUTH","610 EAST 4TH STREET","","DULUTH","MN","558050000","218-728-0884",8,"412",7,0,"NET 21 DAYS",54835,3805317,7/21/2010,"CMW",0,"LN2417324-05",,,,,,
RecType,InvNum,Type,UPC,ProductID,QuantityShipped,Unit,Size,Brand,Description,RegularSRP,Status,NetPricePerUnit,ExtendedPrice,SaleSRP,RegPricePerUnit,CustomerID,PriceOrigin,QuantityOrdered,Taxable,LB flag,CW flag,CW2,CNF_RegSRP,CNF_SpcSRP,CorpCustID,CorpProdID,OrderNumber,InvoiceDate,Servings,
Detail,8688359,B,081146-002202,0909358,"2","CS","6 OZ","CSCDFR","YGRT,FF,CHERRY VANILLA","1.05",,".608","14.58",".00",".608",54835,"","2",0,"N","N",".00","","",54835,90935,7132322,7/22/2010,12,
Detail,8688359,B,043192-315507,0280636,"1","CS","16 OZ","NANCYS","COTTAGE CHEESE,OG,LF","5.35",,"2.422","14.53","5.35","2.802",54835,"M 15","1",0,"N","N",".00","","",54835,28063,7132322,7/22/2010,6,
RecType,InvNum,Type,NumGroceryItems,NumRefrigItems,NumRepackItems,NumFrozenItems,TotalPcs,TotalWt,TotalCubes,NonSpecial,Special,GrossTotal,VolDiscnt,Discount,NetTotal,TotalRetail,Deposits,Adjustments,ProfitAmnt,Profit%,InvDate,CorpCustID,OrderNumber,,,,,,,
Footer,8688359,C,"0","3","0","0","3","18",".07","14.58","14.53","29.11","0",".00","29.11","57.30",".00",".00",".00",".00",7/22/2010,54835,7132322,,,,,,,
