RecType,InvNum,Type,OrderNumber,InvoiceDate,DBA,CustomerNumber,CustomerName,CustAddr1,CustAddr2,City,State,ZipCode,PhoneNumber,Whse,Trip,Terms,D/CFlag,TermsMsg,CorpCustID,CoverSheet,OrdEntryDate,ChainCode,ApplyTo#,PO#,,,,,,
Header,8418101,A,6890667,6/10/2010,1,54835,"WHOLE FDS COOP-DULUTH","610 EAST 4TH STREET","","DULUTH","MN","558050000","218-728-0884",8,"412",7,0,"NET 21 DAYS",54835,3694845,6/9/2010,"CMW",0,"LN2340056-03",,,,,,
RecType,InvNum,Type,UPC,ProductID,QuantityShipped,Unit,Size,Brand,Description,RegularSRP,Status,NetPricePerUnit,ExtendedPrice,SaleSRP,RegPricePerUnit,CustomerID,PriceOrigin,QuantityOrdered,Taxable,LB flag,CW flag,CW2,CNF_RegSRP,CNF_SpcSRP,CorpCustID,CorpProdID,OrderNumber,InvoiceDate,Servings,
Detail,8418101,B,026938-462895,0462895,"1","LB","5 #","BRUNKW","CHEDDR,MILD WHITE RM","6.79",,"3.550","17.54",".00","3.550",54835,"","1",0,"N","Y","4.94","","",54835,46289,6890667,6/10/2010,1,
Detail,8418101,B,026938-463014,0463018,"1","LB","5 #","BRUNKW","MONTEREY JACK RM","6.69",,"3.500","15.75",".00","3.500",54835,"","1",0,"N","Y","4.50","","",54835,46301,6890667,6/10/2010,1,
Detail,8418101,B,026938-462437,0462432,"1","LB","5 #","BRUNKW","PEPPER JACK,JALAPENO","6.65",,"3.490","17.87",".00","3.490",54835,"","1",0,"N","Y","5.12","","",54835,46243,6890667,6/10/2010,1,
Detail,8418101,B,026938-468552,0468553,"1","CS","1 #","CEDARG","COLBY,MARBLE rBGH FREE","8.25",,"4.326","34.61",".00","4.326",54835,"","1",0,"N","N",".00","","",54835,46855,6890667,6/10/2010,8,
Detail,8418101,B,871459-000022,0194373,"1","CS","8 OZ","DAIYA","SHREDS,CHEDDAR STYLE","5.75",,"2.586","31.03","5.75","2.991",54835,"M 15","1",0,"N","N",".00","","",54835,19437,6890667,6/10/2010,12,
Detail,8418101,B,093966-211016,0431346,"1","CS","8 OZ","OGVAL","CREAM CHEESE,OG,BARS,PAST","3.95",,"2.048","24.58",".00","2.048",54835,"","1",0,"N","N",".00","","",54835,43134,6890667,6/10/2010,12,
Detail,8418101,B,093966-223309,0120667,"1","CS","8 OZ","OGVAL","MONTEREY JACK,OG,RF,PAST","5.95",,"3.112","37.34",".00","3.112",54835,"","1",0,"N","N",".00","","",54835,12066,6890667,6/10/2010,12,
Detail,8418101,B,093966-253702,0122705,"1","CS","8 OZ","OGVAL","MOZZARELLA,OG,PART SKIM","6.15",,"3.223","38.67",".00","3.223",54835,"","1",0,"N","N",".00","","",54835,12270,6890667,6/10/2010,12,
Detail,8418101,B,093966-221015,0431361,"1","CS","8 OZ","OGVAL","NEUFCHATEL,OG,BARS,PAST","3.95",,"2.048","24.58",".00","2.048",54835,"","1",0,"N","N",".00","","",54835,43136,6890667,6/10/2010,12,
Detail,8418101,B,093966-213607,0500587,"1","CS","8 OZ","OGVAL","PEPPER JACK,OG,PAST","6.15",,"3.223","38.67",".00","3.223",54835,"","1",0,"N","N",".00","","",54835,50058,6890667,6/10/2010,12,
Detail,8418101,B,093966-000054,0602441,"1","CS","1 OZ","OGVAL","STRINGLES,OG",".85",,".443","10.63",".00",".443",54835,"","1",0,"N","N",".00","","",54835,60244,6890667,6/10/2010,24,
Detail,8418101,B,093966-002164,0728782,"1","CS","6 OZ","OGVAL","STRINGLES,OG,PST,CLBY JCK","6.05",,"3.168","38.01",".00","3.168",54835,"","1",0,"N","N",".00","","",54835,72878,6890667,6/10/2010,12,
Detail,8418101,B,037983-000161,0797639,"1","CS","8 OZ","RELLA","VEGANRELLA,MOZZARELLA","3.99",,"2.087","12.52",".00","2.087",54835,"","1",0,"N","N",".00","","",54835,79763,6890667,6/10/2010,6,
Detail,8418101,B,026938-505998,0505990,"2","LB","7 #","SWSVAL","SWISS,GRADE A","4.95",,"2.600","42.38",".00","2.600",54835,"","2",0,"N","Y","16.30","","",54835,50599,6890667,6/10/2010,1,
Detail,8418101,B,020188-050253,0327270,"1","CS","8 OZ","TOFUTI","BTR THN CRM CHESE,NON-HYD","3.85",,"1.993","23.92",".00","1.993",54835,"","1",0,"N","N",".00","","",54835,32727,6890667,6/10/2010,12,
Detail,8418101,B,077172-480008,0582825,"1","CS","8 OZ","WHVALY","CHEESE FOOD SLCS,OG,AMER","5.29",,"2.769","33.23",".00","2.769",54835,"","1",0,"N","N",".00","","",54835,58282,6890667,6/10/2010,12,
RecType,InvNum,Type,NumGroceryItems,NumRefrigItems,NumRepackItems,NumFrozenItems,TotalPcs,TotalWt,TotalCubes,NonSpecial,Special,GrossTotal,VolDiscnt,Discount,NetTotal,TotalRetail,Deposits,Adjustments,ProfitAmnt,Profit%,InvDate,CorpCustID,OrderNumber,,,,,,,
Footer,8418101,C,"0","17","0","0","17","100",".25","410.30","31.03","441.33","0",".00","441.33","853.81",".00",".00",".00",".00",6/10/2010,54835,6890667,,,,,,,
