RecType,InvNum,Type,OrderNumber,InvoiceDate,DBA,CustomerNumber,CustomerName,CustAddr1,CustAddr2,City,State,ZipCode,PhoneNumber,Whse,Trip,Terms,D/CFlag,TermsMsg,CorpCustID,CoverSheet,OrdEntryDate,ChainCode,ApplyTo#,PO#,,,,,,
Header,8418106,A,6890805,6/10/2010,1,54835,"WHOLE FDS COOP-DULUTH","610 EAST 4TH STREET","","DULUTH","MN","558050000","218-728-0884",8,"412",7,0,"NET 21 DAYS",54835,3694845,6/9/2010,"CMW",0,"",,,,,,
RecType,InvNum,Type,UPC,ProductID,QuantityShipped,Unit,Size,Brand,Description,RegularSRP,Status,NetPricePerUnit,ExtendedPrice,SaleSRP,RegPricePerUnit,CustomerID,PriceOrigin,QuantityOrdered,Taxable,LB flag,CW flag,CW2,CNF_RegSRP,CNF_SpcSRP,CorpCustID,CorpProdID,OrderNumber,InvoiceDate,Servings,
Detail,8418106,B,051381-911225,0620344,"2","EA",".5 OZ","AURACA","ESSENTIAL OIL,JUNIPER BRY","15.75",,"6.190","12.38","15.75","8.260",54835,"PRO 25","2",0,"N","N",".00","","",54835,62034,6890805,6/10/2010,1,
Detail,8418106,B,023542-100434,0541227,"2","EA","300 CAP","KYOLIC","#100 KYOLIC FORMULA","35.85",,"13.950","27.90","35.85","16.130",54835,"M 15","2",0,"N","N",".00","","",54835,54122,6890805,6/10/2010,1,
Detail,8418106,B,026938-899806,0899807,"1","","EA","","TOTES CHARGE",".00",,".000",".00",".00",".000",54835,"NO CHG","1",0,"","",".00","N","",54835,89980,6890805,6/10/2010,1,
RecType,InvNum,Type,NumGroceryItems,NumRefrigItems,NumRepackItems,NumFrozenItems,TotalPcs,TotalWt,TotalCubes,NonSpecial,Special,GrossTotal,VolDiscnt,Discount,NetTotal,TotalRetail,Deposits,Adjustments,ProfitAmnt,Profit%,InvDate,CorpCustID,OrderNumber,,,,,,,
Footer,8418106,C,"0","0","1","0","1","8",".14",".00","40.28","40.28","0",".00","40.28","103.20",".00",".00",".00",".00",6/10/2010,54835,6890805,,,,,,,
