RecType,InvNum,Type,OrderNumber,InvoiceDate,DBA,CustomerNumber,CustomerName,CustAddr1,CustAddr2,City,State,ZipCode,PhoneNumber,Whse,Trip,Terms,D/CFlag,TermsMsg,CorpCustID,CoverSheet,OrdEntryDate,ChainCode,ApplyTo#,PO#,,,,,,
Header,8418107,A,6890864,6/10/2010,1,54835,"WHOLE FDS COOP-DULUTH","610 EAST 4TH STREET","","DULUTH","MN","558050000","218-728-0884",8,"412",7,0,"NET 21 DAYS",54835,3694845,6/9/2010,"CMW",0,"",,,,,,
RecType,InvNum,Type,UPC,ProductID,QuantityShipped,Unit,Size,Brand,Description,RegularSRP,Status,NetPricePerUnit,ExtendedPrice,SaleSRP,RegPricePerUnit,CustomerID,PriceOrigin,QuantityOrdered,Taxable,LB flag,CW flag,CW2,CNF_RegSRP,CNF_SpcSRP,CorpCustID,CorpProdID,OrderNumber,InvoiceDate,Servings,
Detail,8418107,B,026938-627102,0627109,"1","CS","#","BULK H","BEANS,OG,GARBANZO,CHKPEA","1.79",,"1.018","25.44",".00","1.018",54835,"","1",0,"N","N",".00","","",54835,62710,6890864,6/10/2010,25,
Detail,8418107,B,026938-626402,0626408,"1","CS","#","BULK H","BEANS,OG,KIDNEY,DARK RED","1.99",,"1.139","28.48",".00","1.139",54835,"","1",0,"N","N",".00","","",54835,62640,6890864,6/10/2010,25,
Detail,8418107,B,026938-625900,0625905,"1","CS","#","BULK H","LENTILS,OG,GREEN LAIRD,LG","1.59",,".827","20.68","1.59",".924",54835,"PRO  6","1",0,"N","N",".00","","",54835,62590,6890864,6/10/2010,25,
RecType,InvNum,Type,NumGroceryItems,NumRefrigItems,NumRepackItems,NumFrozenItems,TotalPcs,TotalWt,TotalCubes,NonSpecial,Special,GrossTotal,VolDiscnt,Discount,NetTotal,TotalRetail,Deposits,Adjustments,ProfitAmnt,Profit%,InvDate,CorpCustID,OrderNumber,,,,,,,
Footer,8418107,C,"3","0","0","0","3","78",".21","53.92","20.68","74.60","0",".00","74.60","134.25",".00",".00",".00",".00",6/10/2010,54835,6890864,,,,,,,
