RecType,InvNum,Type,OrderNumber,InvoiceDate,DBA,CustomerNumber,CustomerName,CustAddr1,CustAddr2,City,State,ZipCode,PhoneNumber,Whse,Trip,Terms,D/CFlag,TermsMsg,CorpCustID,CoverSheet,OrdEntryDate,ChainCode,ApplyTo#,PO#,,,,,,
Header,8418109,A,6891510,6/10/2010,1,54835,"WHOLE FDS COOP-DULUTH","610 EAST 4TH STREET","","DULUTH","MN","558050000","218-728-0884",8,"412",7,0,"NET 21 DAYS",54835,3694845,6/9/2010,"CMW",0,"",,,,,,
RecType,InvNum,Type,UPC,ProductID,QuantityShipped,Unit,Size,Brand,Description,RegularSRP,Status,NetPricePerUnit,ExtendedPrice,SaleSRP,RegPricePerUnit,CustomerID,PriceOrigin,QuantityOrdered,Taxable,LB flag,CW flag,CW2,CNF_RegSRP,CNF_SpcSRP,CorpCustID,CorpProdID,OrderNumber,InvoiceDate,Servings,
Detail,8418109,B,850403-000035,0839332,"1","CS","16 OZ","NAMAST","PIZZA CRUST,MIX,GF,SF","6.19",,".000",".00",".00","3.545",54835,"NO CHG","1",0,"N","N",".00","","",54835,83933,6891510,6/10/2010,6,
Detail,8418109,B,850403-000035,0839332,"1","CS","16 OZ","NAMAST","PIZZA CRUST,MIX,GF,SF","6.19",,"3.098","18.59","6.19","3.545",54835,"POV 15","1",0,"N","N",".00","","",54835,83933,6891510,6/10/2010,6,
Detail,8418109,B,058449-770213,0471722,"12","CS","32 OZ","NATPTH","CEREAL,OG,HERITAGE FLAKES","9.55",,"4.045","291.24","9.55","5.700",54835,"POV 35","12",0,"N","N",".00","","",54835,47172,6891510,6/10/2010,6,
Detail,8418109,B,058449-770947,0901280,"6","CS","26.4 OZ","NATPTH","CEREAL,OG,HNY'D CORN FLK","8.39",,"3.583","129.00","8.39","5.025",54835,"POV 35","6",0,"N","N",".00","","",54835,90128,6891510,6/10/2010,6,
Detail,8418109,B,058449-779018,0901272,"12","CS","26.4 OZ","NATPTH","CEREAL,OG,MESA SUNRISE FL","8.39",,"3.583","258.00","8.39","5.025",54835,"POV 35","12",0,"N","N",".00","","",54835,90127,6891510,6/10/2010,6,
Footer,8418109,C,"32","0","0","0","32","392","4.15",".00","696.83","696.83","0",".00","696.83","1,668.00",".00",".00",".00",".00",6/10/2010,54835,6891510,,,,,,,
