RecType,InvNum,Type,OrderNumber,InvoiceDate,DBA,CustomerNumber,CustomerName,CustAddr1,CustAddr2,City,State,ZipCode,PhoneNumber,Whse,Trip,Terms,D/CFlag,TermsMsg,CorpCustID,CoverSheet,OrdEntryDate,ChainCode,ApplyTo#,PO#,,,,,,
Header,8418084,A,6890098,6/10/2010,1,54835,"WHOLE FDS COOP-DULUTH","610 EAST 4TH STREET","","DULUTH","MN","558050000","218-728-0884",8,"412",7,0,"NET 21 DAYS",54835,3694845,6/9/2010,"CMW",0,"LN2339982-03",,,,,,
RecType,InvNum,Type,UPC,ProductID,QuantityShipped,Unit,Size,Brand,Description,RegularSRP,Status,NetPricePerUnit,ExtendedPrice,SaleSRP,RegPricePerUnit,CustomerID,PriceOrigin,QuantityOrdered,Taxable,LB flag,CW flag,CW2,CNF_RegSRP,CNF_SpcSRP,CorpCustID,CorpProdID,OrderNumber,InvoiceDate,Servings,
Detail,8418084,B,093966-330007,0213645,"1","CS","16 OZ","OGVAL","BUTTER,OG,SLTD,STICKS","7.09",,"4.275","64.12",".00","4.275",54835,"","1",0,"N","N",".00","","",54835,21364,6890098,6/10/2010,15,
Detail,8418084,B,750388-201017,0537803,"1","CS","1 LB","WESTBY","BUTTER,rBGH FREE","4.15",,"2.496","89.86",".00","2.496",54835,"","1",0,"N","N",".00","","",54835,53780,6890098,6/10/2010,36,
Detail,8418084,B,026938-683092,0683094,"1","EA","EA","UNFI","UNFI FUEL SURCHARGE","20.09",,"20.000","20.00","22.15","22.150",54835,"PRO  8","1",0,"N","N",".00","","",54835,68309,6890098,6/10/2010,1,
RecType,InvNum,Type,NumGroceryItems,NumRefrigItems,NumRepackItems,NumFrozenItems,TotalPcs,TotalWt,TotalCubes,NonSpecial,Special,GrossTotal,VolDiscnt,Discount,NetTotal,TotalRetail,Deposits,Adjustments,ProfitAmnt,Profit%,InvDate,CorpCustID,OrderNumber,,,,,,,
Footer,8418084,C,"0","2","0","0","2","53",".12","153.98","20.00","173.98","0",".00","173.98","275.84",".00",".00",".00",".00",6/10/2010,54835,6890098,,,,,,,
