RecType,InvNum,Type,OrderNumber,InvoiceDate,DBA,CustomerNumber,CustomerName,CustAddr1,CustAddr2,City,State,ZipCode,PhoneNumber,Whse,Trip,Terms,D/CFlag,TermsMsg,CorpCustID,CoverSheet,OrdEntryDate,ChainCode,ApplyTo#,PO#,,,,,,
Header,8418091,A,6890527,6/10/2010,1,54835,"WHOLE FDS COOP-DULUTH","610 EAST 4TH STREET","","DULUTH","MN","558050000","218-728-0884",8,"412",7,0,"NET 21 DAYS",54835,3694845,6/9/2010,"CMW",0,"LN2340031-03",,,,,,
RecType,InvNum,Type,UPC,ProductID,QuantityShipped,Unit,Size,Brand,Description,RegularSRP,Status,NetPricePerUnit,ExtendedPrice,SaleSRP,RegPricePerUnit,CustomerID,PriceOrigin,QuantityOrdered,Taxable,LB flag,CW flag,CW2,CNF_RegSRP,CNF_SpcSRP,CorpCustID,CorpProdID,OrderNumber,InvoiceDate,Servings,
Detail,8418091,B,082982-213708,0631804,"3","EA","16 OZ","MILLCR","SHAMPOO,HENNA","7.15",,"3.740","11.22",".00","3.740",54835,"","3",0,"N","N",".00","","",54835,63180,6890527,6/10/2010,1,
Detail,8418091,B,026938-899806,0899807,"1","","EA","","TOTES CHARGE",".00",,".000",".00",".00",".000",54835,"NO CHG","1",0,"","",".00","N","",54835,89980,6890527,6/10/2010,1,
Detail,8418091,B,718334-221113,0583369,"0","EA","32 OZ","DESERT","THOROUGHLY CLEAN FACE",".00",OUT,".000",".00",".00",".000",54835,"","1",0,"N","N",".00","","",54835,58336,6890527,6/10/2010,1,
RecType,InvNum,Type,NumGroceryItems,NumRefrigItems,NumRepackItems,NumFrozenItems,TotalPcs,TotalWt,TotalCubes,NonSpecial,Special,GrossTotal,VolDiscnt,Discount,NetTotal,TotalRetail,Deposits,Adjustments,ProfitAmnt,Profit%,InvDate,CorpCustID,OrderNumber,,,,,,,
Footer,8418091,C,"0","0","1","0","1","12",".15","11.22",".00","11.22","0",".00","11.22","21.45",".00",".00",".00",".00",6/10/2010,54835,6890527,,,,,,,
