RecType,InvNum,Type,OrderNumber,InvoiceDate,DBA,CustomerNumber,CustomerName,CustAddr1,CustAddr2,City,State,ZipCode,PhoneNumber,Whse,Trip,Terms,D/CFlag,TermsMsg,CorpCustID,CoverSheet,OrdEntryDate,ChainCode,ApplyTo#,PO#,,,,,,
Header,8418103,A,6890734,6/10/2010,1,54835,"WHOLE FDS COOP-DULUTH","610 EAST 4TH STREET","","DULUTH","MN","558050000","218-728-0884",8,"412",7,0,"NET 21 DAYS",54835,3694845,6/9/2010,"CMW",0,"LN2340070-08",,,,,,
RecType,InvNum,Type,UPC,ProductID,QuantityShipped,Unit,Size,Brand,Description,RegularSRP,Status,NetPricePerUnit,ExtendedPrice,SaleSRP,RegPricePerUnit,CustomerID,PriceOrigin,QuantityOrdered,Taxable,LB flag,CW flag,CW2,CNF_RegSRP,CNF_SpcSRP,CorpCustID,CorpProdID,OrderNumber,InvoiceDate,Servings,
Detail,8418103,B,041648-078303,0442665,"3","EA","22.4 OZ","BTRTHN","BTM,SOY VANILLA","14.09",,"8.080","24.24",".00","8.080",54835,"","3",0,"N","N",".00","","",54835,44266,6890734,6/10/2010,1,
Detail,8418103,B,042175-197277,0950386,"1","CS","6 PK","BLUSKY","SODA,OG,NEW CENTURY COLA","5.05",,"2.870","11.48",".00","2.870",54835,"","1",0,"N","N",".00","","",54835,95038,6890734,6/10/2010,4,
Detail,8418103,B,719212-101022,0275057,"1","CS","16 OZ","DESPEP","SALSA,PEACH MANGO","5.05",,"2.542","15.25","5.05","2.892",54835,"M 15","1",0,"N","N",".00","","",54835,27505,6890734,6/10/2010,6,
Detail,8418103,B,015839-008219,0562942,"1","CS","16 OZ","GARDEN","CHIPS,OG,BLUE CORN","4.69",,"2.165","25.98","4.69","2.795",54835,"PRO 25","1",0,"N","N",".00","","",54835,56294,6890734,6/10/2010,12,
Detail,8418103,B,708656-100494,0524363,"1","CS","3.5 OZ","GRNBLK","CHOCOLT,OG,MLK TOFFEE 34%","3.79",,"2.160","21.60",".00","2.160",54835,"","1",0,"N","N",".00","","",54835,52436,6890734,6/10/2010,10,
Detail,8418103,B,036192-122466,0766501,"2","CS","32 OZ","SANCRZ","LEMONADE,OG,STRAWBERRY","3.15",,"1.409","33.82","3.15","1.845",54835,"PRO 25","2",0,"N","N",".00","","",54835,76650,6890734,6/10/2010,12,
Detail,8418103,B,716123-124157,0243105,"1","EA","2 OZ","SWEETL","LIQ STEVIA,HAZLENUT FLAV","16.65",,"6.460","6.46","16.65","7.470",54835,"M 15","1",0,"N","N",".00","","",54835,24310,6890734,6/10/2010,1,
Detail,8418103,B,026938-899806,0899807,"1","","EA","","TOTES CHARGE",".00",,".000",".00",".00",".000",54835,"NO CHG","1",0,"","",".00","N","",54835,89980,6890734,6/10/2010,1,
Detail,8418103,B,898999-030005,0787325,"0","CS","500 ML","VITACO","COCONUT WATER,PINEAPPLE",".00",OUT,".000",".00",".00",".000",54835,"","1",0,"N","N",".00","","",54835,78732,6890734,6/10/2010,12,
RecType,InvNum,Type,NumGroceryItems,NumRefrigItems,NumRepackItems,NumFrozenItems,TotalPcs,TotalWt,TotalCubes,NonSpecial,Special,GrossTotal,VolDiscnt,Discount,NetTotal,TotalRetail,Deposits,Adjustments,ProfitAmnt,Profit%,InvDate,CorpCustID,OrderNumber,,,,,,,
Footer,8418103,C,"5","0","1","0","6","139",".71","57.32","81.51","138.83","0",".00","138.83","279.20",".00",".00",".00",".00",6/10/2010,54835,6890734,,,,,,,
