RecType,InvNum,Type,OrderNumber,InvoiceDate,DBA,CustomerNumber,CustomerName,CustAddr1,CustAddr2,City,State,ZipCode,PhoneNumber,Whse,Trip,Terms,D/CFlag,TermsMsg,CorpCustID,CoverSheet,OrdEntryDate,ChainCode,ApplyTo#,PO#,,,,,,
Header,8024692,A,6536373,4/10/2010,1,54835,"WHOLE FOODS COMMUNITY COO","610 EAST 4TH STREET","","DULUTH","MN","558050000","218-728-0884",8,"642",7,0,"NET 21 DAYS",54835,3532574,4/9/2010,"CMW",0,"LN2226049-05",,,,,,
RecType,InvNum,Type,UPC,ProductID,QuantityShipped,Unit,Size,Brand,Description,RegularSRP,Status,NetPricePerUnit,ExtendedPrice,SaleSRP,RegPricePerUnit,CustomerID,PriceOrigin,QuantityOrdered,Taxable,LB flag,CW flag,CW2,CNF_RegSRP,CNF_SpcSRP,CorpCustID,CorpProdID,OrderNumber,InvoiceDate,Servings,
Detail,8024692,B,033776-011796,0228858,"1","CS","15 OZ","ERTHBL","SHORTENING,G/F,NO DAIRY","4.59",,"2.758","49.64",".00","2.758",54835,"","1",0,"N","N",".00","","",54835,22885,6536373,4/10/2010,18,
Detail,8024692,B,722430-000169,0772251,"1","CS","16 OZ","GTS","KOMBUCHA,OG,ORIGINAL","2.95",,"2.191","26.29",".00","2.191",54835,"","1",0,"N","N",".00","","",54835,77225,6536373,4/10/2010,12,
Detail,8024692,B,075270-001705,0483164,"1","CS","64 OZ","MTNHI","YOGHURT,ORIG,PLAIN","6.85",,"3.605","14.42","6.85","4.110",54835,"M 15","1",0,"N","N",".00","","",54835,48316,6536373,4/10/2010,4,
Detail,8024692,B,795709-010145,0153874,"1","CS","6 OZ","WALABY","YOGURT,OG,LF,BAN VANILLA","1.15",,".552","6.62","1.15",".687",54835,"PRO 20","1",0,"N","N",".00","","",54835,15387,6536373,4/10/2010,12,
Detail,8024692,B,795709-010077,0146795,"1","CS","6 OZ","WALABY","YOGURT,OG,LF,BLACK CHERRY","1.15",,".552","6.62","1.15",".687",54835,"PRO 20","1",0,"N","N",".00","","",54835,14679,6536373,4/10/2010,12,
Detail,8024692,B,795709-010046,0146753,"1","CS","6 OZ","WALABY","YOGURT,OG,LF,ORNG/PASNFRT","1.15",,".552","6.62","1.15",".687",54835,"PRO 20","1",0,"N","N",".00","","",54835,14675,6536373,4/10/2010,12,
Detail,8024692,B,795709-030044,0719351,"1","CS","6 OZ","WALABY","YOGURT,OG,NF,BLACKBERRY","1.15",,".598","7.18","1.15",".687",54835,"M 15","1",0,"N","N",".00","","",54835,71935,6536373,4/10/2010,12,
RecType,InvNum,Type,NumGroceryItems,NumRefrigItems,NumRepackItems,NumFrozenItems,TotalPcs,TotalWt,TotalCubes,NonSpecial,Special,GrossTotal,VolDiscnt,Discount,NetTotal,TotalRetail,Deposits,Adjustments,ProfitAmnt,Profit%,InvDate,CorpCustID,OrderNumber,,,,,,,
Footer,8024692,C,"0","7","0","0","7","78",".25","75.93","41.46","117.39","0",".00","117.39","200.62",".00",".00",".00",".00",4/10/2010,54835,6536373,,,,,,,
