RecType,InvNum,Type,OrderNumber,InvoiceDate,DBA,CustomerNumber,CustomerName,CustAddr1,CustAddr2,City,State,ZipCode,PhoneNumber,Whse,Trip,Terms,D/CFlag,TermsMsg,CorpCustID,CoverSheet,OrdEntryDate,ChainCode,ApplyTo#,PO#,,,,,,
Header,8024696,A,6536866,4/10/2010,1,54835,"WHOLE FOODS COMMUNITY COO","610 EAST 4TH STREET","","DULUTH","MN","558050000","218-728-0884",8,"642",7,0,"NET 21 DAYS",54835,3532574,4/9/2010,"CMW",0,"LN2226081-01",,,,,,
RecType,InvNum,Type,UPC,ProductID,QuantityShipped,Unit,Size,Brand,Description,RegularSRP,Status,NetPricePerUnit,ExtendedPrice,SaleSRP,RegPricePerUnit,CustomerID,PriceOrigin,QuantityOrdered,Taxable,LB flag,CW flag,CW2,CNF_RegSRP,CNF_SpcSRP,CorpCustID,CorpProdID,OrderNumber,InvoiceDate,Servings,
Detail,8024696,B,026938-467432,0467431,"1","CS","#","BULK M","HONEY","4.75",,"2.733","32.80",".00","2.733",54835,"","1",0,"N","N",".00","","",54835,46743,6536866,4/10/2010,12,
Detail,8024696,B,024182-002652,0175950,"1","CS","108 OZ","EDEN","BEANS,OG,BLACK,CANNED","11.39",,"6.593","39.56",".00","6.593",54835,"","1",0,"N","N",".00","","",54835,17595,6536866,4/10/2010,6,
Detail,8024696,B,011933-441259,0464651,"1","CS","#","HLAND","FLOUR,OG,DURUM SEMOLINA","1.75",,"1.017","25.42",".00","1.017",54835,"","1",0,"N","N",".00","","",54835,46465,6536866,4/10/2010,25,
Detail,8024696,B,042563-006259,0593525,"1","CS","66.5 OZ","NATSEA","TUNA,YELLOWFIN,CHNK LT,NS","26.35",,"14.747","88.48",".00","14.747",54835,"","1",0,"N","N",".00","","",54835,59352,6536866,4/10/2010,6,
Detail,8024696,B,022506-201286,0134189,"1","CS","1 GAL","SPCTRM","MAYONNAISE,CANOLA","29.89",,"16.730","66.92",".00","16.730",54835,"","1",0,"N","N",".00","","",54835,13418,6536866,4/10/2010,4,
Detail,8024696,B,077241-700365,0586347,"1","CS","#","SUNSPR","DK CHOC,OG,COCNT HAYSTACK","17.05",,"8.026","80.26","17.05","9.522",54835,"PRO 15","1",0,"N","N",".00","","",54835,58634,6536866,4/10/2010,10,
Detail,8024696,B,042563-007805,0599753,"1","CS","10 OZ","WODSTK","FRZ,OG,EDAMAME,SHELLED","3.05",,"1.504","18.05","3.05","1.793",54835,"M 20","1",0,"N","N",".00","","",54835,59975,6536866,4/10/2010,12,
Detail,8024696,B,769123-600817,0793307,"1","CS","9.3 OZ","BORN F","EGGS,HARD BOILED,CAGE FR","3.69",,"2.230","26.76",".00","2.230",54835,"","1",0,"N","N",".00","","",54835,79330,6536866,4/10/2010,12,
Detail,8024696,B,021908-632032,0887117,"1","CS","10 OZ","CSCADE","FRT SPREAD,OG,BLACKBERRY","3.75",,"2.137","12.82",".00","2.137",54835,"","1",0,"N","N",".00","","",54835,88711,6536866,4/10/2010,6,
Detail,8024696,B,021908-632087,0887059,"1","CS","10 OZ","CSCADE","FRT SPREAD,OG,RASPBERRY","3.75",,"2.137","12.82",".00","2.137",54835,"","1",0,"N","N",".00","","",54835,88705,6536866,4/10/2010,6,
Detail,8024696,B,098304-100502,0258244,"1","CS","5 OZ","CHATAM","CROUTONS,GARDEN HERB","1.99",,"1.130","13.56",".00","1.130",54835,"","1",0,"N","N",".00","","",54835,25824,6536866,4/10/2010,12,
Detail,8024696,B,041653-012033,0130351,"1","CS","10 OZ","EREWON","CEREAL,OG,CRSPY BRN RC,GF","4.45",,"2.658","31.89",".00","2.658",54835,"","1",0,"N","N",".00","","",54835,13035,6536866,4/10/2010,12,
Detail,8024696,B,026938-899806,0899807,"1","","EA","","TOTES CHARGE",".00",,".000",".00",".00",".000",54835,"NO CHG","1",0,"","",".00","N","",54835,89980,6536866,4/10/2010,1,
RecType,InvNum,Type,NumGroceryItems,NumRefrigItems,NumRepackItems,NumFrozenItems,TotalPcs,TotalWt,TotalCubes,NonSpecial,Special,GrossTotal,VolDiscnt,Discount,NetTotal,TotalRetail,Deposits,Adjustments,ProfitAmnt,Profit%,InvDate,CorpCustID,OrderNumber,,,,,,,
Footer,8024696,C,"8","2","1","1","12","210",".93","351.03","98.31","449.34","0",".00","449.34","820.41",".00",".00",".00",".00",4/10/2010,54835,6536866,,,,,,,
