RecType,InvNum,Type,OrderNumber,InvoiceDate,DBA,CustomerNumber,CustomerName,CustAddr1,CustAddr2,City,State,ZipCode,PhoneNumber,Whse,Trip,Terms,D/CFlag,TermsMsg,CorpCustID,CoverSheet,OrdEntryDate,ChainCode,ApplyTo#,PO#,,,,,,
Header,8024704,A,6537111,4/10/2010,1,54835,"WHOLE FOODS COMMUNITY COO","610 EAST 4TH STREET","","DULUTH","MN","558050000","218-728-0884",8,"642",7,0,"NET 21 DAYS",54835,3532574,4/9/2010,"CMW",0,"LN2226119-16",,,,,,
RecType,InvNum,Type,UPC,ProductID,QuantityShipped,Unit,Size,Brand,Description,RegularSRP,Status,NetPricePerUnit,ExtendedPrice,SaleSRP,RegPricePerUnit,CustomerID,PriceOrigin,QuantityOrdered,Taxable,LB flag,CW flag,CW2,CNF_RegSRP,CNF_SpcSRP,CorpCustID,CorpProdID,OrderNumber,InvoiceDate,Servings,
Detail,8024704,B,073416-401228,0170985,"2","CS","#","LUNDBG","RICE,OG,BROWN,SHORT","1.89",,".941","47.04","1.89","1.095",54835,"PRO 15","2",0,"N","N",".00","","",54835,17098,6537111,4/10/2010,25,
Detail,8024704,B,621683-021146,0297010,"1","CS","#","TNKYDA","PASTA,OG,PENNE,BROWN RICE","4.09",,"2.366","23.66",".00","2.366",54835,"","1",0,"N","N",".00","","",54835,29701,6537111,4/10/2010,10,
Detail,8024704,B,027064-594252,0975987,"1","CS","#","VITA","FLOUR,SPELT,OG,WHITE","2.25",,"1.278","31.95",".00","1.278",54835,"","1",0,"N","N",".00","","",54835,97598,6537111,4/10/2010,25,
RecType,InvNum,Type,NumGroceryItems,NumRefrigItems,NumRepackItems,NumFrozenItems,TotalPcs,TotalWt,TotalCubes,NonSpecial,Special,GrossTotal,VolDiscnt,Discount,NetTotal,TotalRetail,Deposits,Adjustments,ProfitAmnt,Profit%,InvDate,CorpCustID,OrderNumber,,,,,,,
Footer,8024704,C,"4","0","0","0","4","89",".25","55.61","47.04","102.65","0",".00","102.65","191.65",".00",".00",".00",".00",4/10/2010,54835,6537111,,,,,,,
