RecType,InvNum,Type,OrderNumber,InvoiceDate,DBA,CustomerNumber,CustomerName,CustAddr1,CustAddr2,City,State,ZipCode,PhoneNumber,Whse,Trip,Terms,D/CFlag,TermsMsg,CorpCustID,CoverSheet,OrdEntryDate,ChainCode,ApplyTo#,PO#,,,,,,
Header,8931434,A,8931434,8/30/2010,1,54835,"WHOLE FDS COOP-DULUTH","610 EAST 4TH STREET","","DULUTH","MN","558050000","218-728-0884",8,"000",0,2,"",54835,3908141,8/30/2010,"CMW",8945827,"",,,,,,
RecType,InvNum,Type,UPC,ProductID,QuantityShipped,Unit,Size,Brand,Description,RegularSRP,Status,NetPricePerUnit,ExtendedPrice,SaleSRP,RegPricePerUnit,CustomerID,PriceOrigin,QuantityOrdered,Taxable,LB flag,CW flag,CW2,CNF_RegSRP,CNF_SpcSRP,CorpCustID,CorpProdID,OrderNumber,InvoiceDate,Servings,
Detail,8931434,B,894455-000230,0256230,"-1","CS","10/1.15Z","JNB","ALMOND BTR,SQZ,MAPLE",".00",,"4.975","-29.85",".00","4.975",54835,"","-1",0,"N","N",".00","","",54835,25623,8931434,8/30/2010,6,
Detail,8931434,B,032917-000125,0650804,"-1","CS","16 BAG","TRADNL","HERB TEA,OG,PREGNANCY",".00",,".000",".00",".00",".000",54835,"","-1",0,"N","N",".00","","",54835,65080,8931434,8/30/2010,6,
RecType,InvNum,Type,NumGroceryItems,NumRefrigItems,NumRepackItems,NumFrozenItems,TotalPcs,TotalWt,TotalCubes,NonSpecial,Special,GrossTotal,VolDiscnt,Discount,NetTotal,TotalRetail,Deposits,Adjustments,ProfitAmnt,Profit%,InvDate,CorpCustID,OrderNumber,,,,,,,
Footer,8931434,C,"0","0","0","0","0","0",".00",".00",".00","-29.85","0",".00","-29.85",".00",".00",".00",".00",".00",8/30/2010,54835,8931434,,,,,,,
