RecType,InvNum,Type,OrderNumber,InvoiceDate,DBA,CustomerNumber,CustomerName,CustAddr1,CustAddr2,City,State,ZipCode,PhoneNumber,Whse,Trip,Terms,D/CFlag,TermsMsg,CorpCustID,CoverSheet,OrdEntryDate,ChainCode,ApplyTo#,PO#,,,,,,
Header,8345600,A,6826438,5/29/2010,1,54835,"WHOLE FDS COOP-DULUTH","610 EAST 4TH STREET","","DULUTH","MN","558050000","218-728-0884",8,"642",7,0,"NET 21 DAYS",54835,3664796,5/28/2010,"CMW",0,"LN2319448-16",,,,,,
RecType,InvNum,Type,UPC,ProductID,QuantityShipped,Unit,Size,Brand,Description,RegularSRP,Status,NetPricePerUnit,ExtendedPrice,SaleSRP,RegPricePerUnit,CustomerID,PriceOrigin,QuantityOrdered,Taxable,LB flag,CW flag,CW2,CNF_RegSRP,CNF_SpcSRP,CorpCustID,CorpProdID,OrderNumber,InvoiceDate,Servings,
Detail,8345600,B,074333-458487,0112540,"1","CS","#","AM","FLOUR,OG,UNBLCHD,WHITE","1.45",,".811","20.27",".00",".811",54835,"","1",0,"N","N",".00","","",54835,11254,6826438,5/29/2010,25,
Detail,8345600,B,026938-920944,0920942,"1","CS","#","BULK M","SUGAR,OG","1.35",,".763","19.08",".00",".763",54835,"","1",0,"N","N",".00","","",54835,92094,6826438,5/29/2010,25,
Detail,8345600,B,026938-482893,0482893,"1","CS","#","GREATR","FLOUR,OG,WW BREAD","1.29",,".738","18.45",".00",".738",54835,"","1",0,"N","N",".00","","",54835,48289,6826438,5/29/2010,25,
RecType,InvNum,Type,NumGroceryItems,NumRefrigItems,NumRepackItems,NumFrozenItems,TotalPcs,TotalWt,TotalCubes,NonSpecial,Special,GrossTotal,VolDiscnt,Discount,NetTotal,TotalRetail,Deposits,Adjustments,ProfitAmnt,Profit%,InvDate,CorpCustID,OrderNumber,,,,,,,
Footer,8345600,C,"3","0","0","0","3","77",".20","57.80",".00","57.80","0",".00","57.80","102.25",".00",".00",".00",".00",5/29/2010,54835,6826438,,,,,,,
