RecType,InvNum,Type,OrderNumber,InvoiceDate,DBA,CustomerNumber,CustomerName,CustAddr1,CustAddr2,City,State,ZipCode,PhoneNumber,Whse,Trip,Terms,D/CFlag,TermsMsg,CorpCustID,CoverSheet,OrdEntryDate,ChainCode,ApplyTo#,PO#,,,,,,
Header,8345609,A,6827081,5/29/2010,1,54835,"WHOLE FDS COOP-DULUTH","610 EAST 4TH STREET","","DULUTH","MN","558050000","218-728-0884",8,"642",7,0,"NET 21 DAYS",54835,3664796,5/28/2010,"CMW",0,"",,,,,,
RecType,InvNum,Type,UPC,ProductID,QuantityShipped,Unit,Size,Brand,Description,RegularSRP,Status,NetPricePerUnit,ExtendedPrice,SaleSRP,RegPricePerUnit,CustomerID,PriceOrigin,QuantityOrdered,Taxable,LB flag,CW flag,CW2,CNF_RegSRP,CNF_SpcSRP,CorpCustID,CorpProdID,OrderNumber,InvoiceDate,Servings,
Detail,8345609,B,625034-201065,0720193,"1","CS",".7 OZ","KETVAL","FRUIT SNACK,OG,BLUEBERRY",".75",,".432","12.96",".00",".432",54835,"","1",0,"N","N",".00","","",54835,72019,6827081,5/29/2010,30,
Detail,8345609,B,757645-622059,0378778,"1","CS","5.5 OZ","NEWMAN","CAT FOOD,OG,CHCKN&SLMN,CN","1.75",,"1.034","24.81",".00","1.034",54835,"","1",0,"N","N",".00","","",54835,37877,6827081,5/29/2010,24,
Detail,8345609,B,079126-008108,0816272,"1","CS",".5 OZ","SISLND","FRUIT LEATHER,APRICOT",".65",,".282","8.45",".65",".354",54835,"PRO 20","1",0,"N","N",".00","","",54835,81627,6827081,5/29/2010,30,
Detail,8345609,B,079126-008603,0816199,"1","CS",".5 OZ","SISLND","FRUIT LEATHER,RASPBERRY",".65",,".282","8.45",".65",".354",54835,"PRO 20","1",0,"N","N",".00","","",54835,81619,6827081,5/29/2010,30,
Detail,8345609,B,026938-899806,0899807,"1","","EA","","TOTES CHARGE",".00",,".000",".00",".00",".000",54835,"NO CHG","1",0,"","",".00","N","",54835,89980,6827081,5/29/2010,1,
Footer,8345609,C,"1","0","1","0","2","20",".18","37.77","16.90","54.67","0",".00","54.67","103.50",".00",".00",".00",".00",5/29/2010,54835,6827081,,,,,,,
