RecType,InvNum,Type,OrderNumber,InvoiceDate,DBA,CustomerNumber,CustomerName,CustAddr1,CustAddr2,City,State,ZipCode,PhoneNumber,Whse,Trip,Terms,D/CFlag,TermsMsg,CorpCustID,CoverSheet,OrdEntryDate,ChainCode,ApplyTo#,PO#,,,,,,
Header,8345588,A,6825726,5/29/2010,1,54835,"WHOLE FDS COOP-DULUTH","610 EAST 4TH STREET","","DULUTH","MN","558050000","218-728-0884",8,"642",7,0,"NET 21 DAYS",54835,3664796,5/28/2010,"CMW",0,"LN2319385-12",,,,,,
RecType,InvNum,Type,UPC,ProductID,QuantityShipped,Unit,Size,Brand,Description,RegularSRP,Status,NetPricePerUnit,ExtendedPrice,SaleSRP,RegPricePerUnit,CustomerID,PriceOrigin,QuantityOrdered,Taxable,LB flag,CW flag,CW2,CNF_RegSRP,CNF_SpcSRP,CorpCustID,CorpProdID,OrderNumber,InvoiceDate,Servings,
Detail,8345588,B,025317-530002,0274159,"4","CS","12 OZ","APLEGT","HOT DOG,BEEF,ANTIBTC FREE","4.85",,"2.281","109.48","4.85","2.852",54835,"PRO 20","4",0,"N","N",".00","","",54835,27415,6825726,5/29/2010,12,
Detail,8345588,B,025317-105958,0155473,"1","CS","8 OZ","APLEGT","SAUSAGE,CHKN/APL ABF RTE","5.99",,"3.523","42.27",".00","3.523",54835,"","1",0,"N","N",".00","","",54835,15547,6825726,5/29/2010,12,
Detail,8345588,B,812410-000149,0375212,"1","CS","9 OZ","H&LSEA","FILLET,SALMON,W/MARINADE","7.95",,"4.665","27.99",".00","4.665",54835,"","1",0,"N","N",".00","","",54835,37521,6825726,5/29/2010,6,
Detail,8345588,B,048481-009938,0759100,"1","CS","12 OZ","SHLTON","CHICKEN FRANKS","3.85",,"2.252","13.51",".00","2.252",54835,"","1",0,"N","N",".00","","",54835,75910,6825726,5/29/2010,6,
Detail,8345588,B,048481-009914,0273003,"2","CS","12 OZ","SHLTON","TURKEY FRANKS","3.85",,"1.973","23.68","3.85","2.252",54835,"M 15","2",0,"N","N",".00","","",54835,27300,6825726,5/29/2010,6,
Detail,8345588,B,812410-000194,0553073,"0","CS","8 OZ","H&LSEA","WHITE SHRIMP,EASY PEEL",".00",OUT,".000",".00",".00",".000",54835,"","1",0,"N","N",".00","","",54835,55307,6825726,5/29/2010,6,
RecType,InvNum,Type,NumGroceryItems,NumRefrigItems,NumRepackItems,NumFrozenItems,TotalPcs,TotalWt,TotalCubes,NonSpecial,Special,GrossTotal,VolDiscnt,Discount,NetTotal,TotalRetail,Deposits,Adjustments,ProfitAmnt,Profit%,InvDate,CorpCustID,OrderNumber,,,,,,,
Footer,8345588,C,"0","0","0","9","9","62",".25","83.77","133.16","216.93","0",".00","216.93","421.68",".00",".00",".00",".00",5/29/2010,54835,6825726,,,,,,,
