RecType,InvNum,Type,OrderNumber,InvoiceDate,DBA,CustomerNumber,CustomerName,CustAddr1,CustAddr2,City,State,ZipCode,PhoneNumber,Whse,Trip,Terms,D/CFlag,TermsMsg,CorpCustID,CoverSheet,OrdEntryDate,ChainCode,ApplyTo#,PO#,,,,,,
Header,8345602,A,6826440,5/29/2010,1,54835,"WHOLE FDS COOP-DULUTH","610 EAST 4TH STREET","","DULUTH","MN","558050000","218-728-0884",8,"642",7,0,"NET 21 DAYS",54835,3664796,5/28/2010,"CMW",0,"LN2319448-21",,,,,,
RecType,InvNum,Type,UPC,ProductID,QuantityShipped,Unit,Size,Brand,Description,RegularSRP,Status,NetPricePerUnit,ExtendedPrice,SaleSRP,RegPricePerUnit,CustomerID,PriceOrigin,QuantityOrdered,Taxable,LB flag,CW flag,CW2,CNF_RegSRP,CNF_SpcSRP,CorpCustID,CorpProdID,OrderNumber,InvoiceDate,Servings,
Detail,8345602,B,089836-026149,0448399,"1","EA","#","FRNTHB","CARAWAY SEED,OG,WHOLE","11.55",,"4.240","4.24",".00","4.240",54835,"","1",0,"N","N",".00","","",54835,44839,6826440,5/29/2010,1,
Detail,8345602,B,089836-026170,0448415,"1","EA","#","FRNTHB","CARDAMOM PODS,OG,WHOLE","47.35",,"17.440","17.44",".00","17.440",54835,"","1",0,"N","N",".00","","",54835,44841,6826440,5/29/2010,1,
Detail,8345602,B,089836-007957,0735621,"1","EA","#","FRNTHB","CAYENNE,OG,30000 HU","20.19",,"7.430","7.43",".00","7.430",54835,"","1",0,"N","N",".00","","",54835,73562,6826440,5/29/2010,1,
Detail,8345602,B,089836-025920,0448514,"1","EA","#","FRNTHB","CUMIN SEED,OG,GROUND","21.45",,"7.900","7.90",".00","7.900",54835,"","1",0,"N","N",".00","","",54835,44851,6826440,5/29/2010,1,
Detail,8345602,B,089836-001375,0310888,"1","EA","#","FRNTHB","CUMIN SEED,WHOLE","14.25",,"5.240","5.24",".00","5.240",54835,"","1",0,"N","N",".00","","",54835,31088,6826440,5/29/2010,1,
Detail,8345602,B,089836-025241,0298331,"1","EA","#","FRNTHB","GARLIC GRANULES,OG","15.69",,"5.770","5.77",".00","5.770",54835,"","1",0,"N","N",".00","","",54835,29833,6826440,5/29/2010,1,
Detail,8345602,B,089836-002945,0311548,"1","EA","#","FRNTHB","MUSTARD SEED,OG,YEL,GRND","11.15",,"4.110","4.11",".00","4.110",54835,"","1",0,"N","N",".00","","",54835,31154,6826440,5/29/2010,1,
Detail,8345602,B,089836-009616,0402180,"1","EA","#","FRNTHB","NETTLE LEAF,OG,C/S","22.35",,"8.230","8.23",".00","8.230",54835,"","1",0,"N","N",".00","","",54835,40218,6826440,5/29/2010,1,
Detail,8345602,B,089836-006301,0311167,"1","EA","#","FRNTHB","PEPPERMINT LEAF,OG,C/S","21.19",,"7.800","7.80",".00","7.800",54835,"","1",0,"N","N",".00","","",54835,31116,6826440,5/29/2010,1,
Detail,8345602,B,089836-010766,0684753,"1","EA","#","FRNTHB","TEA,OG,BANCHA","24.35",,"8.970","8.97",".00","8.970",54835,"","1",0,"N","N",".00","","",54835,68475,6826440,5/29/2010,1,
Detail,8345602,B,089836-010780,0684514,"1","EA","#","FRNTHB","TEA,OG,FT,ENGLISH BRKFST","28.85",,"10.630","10.63",".00","10.630",54835,"","1",0,"N","N",".00","","",54835,68451,6826440,5/29/2010,1,
Detail,8345602,B,026938-899806,0899807,"1","","EA","","TOTES CHARGE",".00",,".000",".00",".00",".000",54835,"NO CHG","1",0,"","",".00","N","",54835,89980,6826440,5/29/2010,1,
Detail,8345602,B,089836-008633,0791673,"0","EA","#","FRNTHB","PSYLLIUM SD HUSK,OG,WHOLE",".00",OUT,".000",".00",".00",".000",54835,"","1",0,"N","N",".00","","",54835,79167,6826440,5/29/2010,1,
Detail,8345602,B,089836-026491,0546556,"0","EA","#","FRNTHB","ITALIAN SEASONING,OG,WHL",".00",OUT,".000",".00",".00",".000",54835,"","1",0,"N","N",".00","","",54835,54655,6826440,5/29/2010,1,
RecType,InvNum,Type,NumGroceryItems,NumRefrigItems,NumRepackItems,NumFrozenItems,TotalPcs,TotalWt,TotalCubes,NonSpecial,Special,GrossTotal,VolDiscnt,Discount,NetTotal,TotalRetail,Deposits,Adjustments,ProfitAmnt,Profit%,InvDate,CorpCustID,OrderNumber,,,,,,,
Footer,8345602,C,"0","0","1","0","1","19",".23","87.76",".00","87.76","0",".00","87.76","238.37",".00",".00",".00",".00",5/29/2010,54835,6826440,,,,,,,
