RecType,InvNum,Type,OrderNumber,InvoiceDate,DBA,CustomerNumber,CustomerName,CustAddr1,CustAddr2,City,State,ZipCode,PhoneNumber,Whse,Trip,Terms,D/CFlag,TermsMsg,CorpCustID,CoverSheet,OrdEntryDate,ChainCode,ApplyTo#,PO#,,,,,,
Header,8345587,A,6825724,5/29/2010,1,54835,"WHOLE FDS COOP-DULUTH","610 EAST 4TH STREET","","DULUTH","MN","558050000","218-728-0884",8,"642",7,0,"NET 21 DAYS",54835,3664796,5/28/2010,"CMW",0,"LN2319385-08",,,,,,
RecType,InvNum,Type,UPC,ProductID,QuantityShipped,Unit,Size,Brand,Description,RegularSRP,Status,NetPricePerUnit,ExtendedPrice,SaleSRP,RegPricePerUnit,CustomerID,PriceOrigin,QuantityOrdered,Taxable,LB flag,CW flag,CW2,CNF_RegSRP,CNF_SpcSRP,CorpCustID,CorpProdID,OrderNumber,InvoiceDate,Servings,
Detail,8345587,B,021908-406770,0908095,"2","CS","8 OZ","CSCADE","BLUEBERRIES,OG","4.29",,"1.998","47.94","4.29","2.514",54835,"PRO 20","2",0,"N","N",".00","","",54835,90809,6825724,5/29/2010,12,
Detail,8345587,B,021908-514956,0504225,"2","CS","10 OZ","CSCADE","HARVEST BERRIES,OG","4.29",,"1.998","47.94","4.29","2.514",54835,"PRO 20","2",0,"N","N",".00","","",54835,50422,6825724,5/29/2010,12,
Detail,8345587,B,021908-543017,0344309,"2","CS","10 OZ","CSCADE","STRAWBERRIES,OG","4.29",,"1.998","47.94","4.29","2.514",54835,"PRO 20","2",0,"N","N",".00","","",54835,34430,6825724,5/29/2010,12,
Detail,8345587,B,749512-752488,0228528,"1","CS","8 OZ","IAN'S","KIDS MEAL,CHICKEN NUGGET","4.35",,"2.716","21.73",".00","2.716",54835,"","1",0,"N","N",".00","","",54835,22852,6825724,5/29/2010,8,
Detail,8345587,B,638882-000612,0871251,"1","CS","10 OZ","STAHL","SPINACH,CUT","2.65",,"1.263","15.15","2.65","1.565",54835,"PRO 20","1",0,"N","N",".00","","",54835,87125,6825724,5/29/2010,12,
RecType,InvNum,Type,NumGroceryItems,NumRefrigItems,NumRepackItems,NumFrozenItems,TotalPcs,TotalWt,TotalCubes,NonSpecial,Special,GrossTotal,VolDiscnt,Discount,NetTotal,TotalRetail,Deposits,Adjustments,ProfitAmnt,Profit%,InvDate,CorpCustID,OrderNumber,,,,,,,
Footer,8345587,C,"0","0","0","8","8","60",".36","21.73","158.97","180.70","0",".00","180.70","375.48",".00",".00",".00",".00",5/29/2010,54835,6825724,,,,,,,
