RecType,InvNum,Type,OrderNumber,InvoiceDate,DBA,CustomerNumber,CustomerName,CustAddr1,CustAddr2,City,State,ZipCode,PhoneNumber,Whse,Trip,Terms,D/CFlag,TermsMsg,CorpCustID,CoverSheet,OrdEntryDate,ChainCode,ApplyTo#,PO#,,,,,,
Header,8345586,A,6825722,5/29/2010,1,54835,"WHOLE FDS COOP-DULUTH","610 EAST 4TH STREET","","DULUTH","MN","558050000","218-728-0884",8,"642",7,0,"NET 21 DAYS",54835,3664796,5/28/2010,"CMW",0,"LN2319385-05",,,,,,
RecType,InvNum,Type,UPC,ProductID,QuantityShipped,Unit,Size,Brand,Description,RegularSRP,Status,NetPricePerUnit,ExtendedPrice,SaleSRP,RegPricePerUnit,CustomerID,PriceOrigin,QuantityOrdered,Taxable,LB flag,CW flag,CW2,CNF_RegSRP,CNF_SpcSRP,CorpCustID,CorpProdID,OrderNumber,InvoiceDate,Servings,
Detail,8345586,B,078355-570004,0859306,"1","CS","24 OZ","GREEKG","GREEK YGRT,HONEY","4.69",,"2.260","13.56","4.69","2.813",54835,"PRO 20","1",0,"N","N",".00","","",54835,85930,6825722,5/29/2010,6,
Detail,8345586,B,795709-030099,0689232,"1","CS","6 OZ","WALABY","YOGURT,OG,NF,STWBRY GUAVA","1.15",,".687","8.24",".00",".687",54835,"","1",0,"N","N",".00","","",54835,68923,6825722,5/29/2010,12,
RecType,InvNum,Type,NumGroceryItems,NumRefrigItems,NumRepackItems,NumFrozenItems,TotalPcs,TotalWt,TotalCubes,NonSpecial,Special,GrossTotal,VolDiscnt,Discount,NetTotal,TotalRetail,Deposits,Adjustments,ProfitAmnt,Profit%,InvDate,CorpCustID,OrderNumber,,,,,,,
Footer,8345586,C,"0","2","0","0","2","15",".06","8.24","13.56","21.80","0",".00","21.80","41.94",".00",".00",".00",".00",5/29/2010,54835,6825722,,,,,,,
