RecType,InvNum,Type,OrderNumber,InvoiceDate,DBA,CustomerNumber,CustomerName,CustAddr1,CustAddr2,City,State,ZipCode,PhoneNumber,Whse,Trip,Terms,D/CFlag,TermsMsg,CorpCustID,CoverSheet,OrdEntryDate,ChainCode,ApplyTo#,PO#,,,,,,
Header,8345593,A,6826207,5/29/2010,1,54835,"WHOLE FDS COOP-DULUTH","610 EAST 4TH STREET","","DULUTH","MN","558050000","218-728-0884",8,"642",7,0,"NET 21 DAYS",54835,3664796,5/28/2010,"CMW",0,"LN2319433-03",,,,,,
RecType,InvNum,Type,UPC,ProductID,QuantityShipped,Unit,Size,Brand,Description,RegularSRP,Status,NetPricePerUnit,ExtendedPrice,SaleSRP,RegPricePerUnit,CustomerID,PriceOrigin,QuantityOrdered,Taxable,LB flag,CW flag,CW2,CNF_RegSRP,CNF_SpcSRP,CorpCustID,CorpProdID,OrderNumber,InvoiceDate,Servings,
Detail,8345593,B,026938-463014,0463018,"1","LB","5 #","BRUNKW","MONTEREY JACK RM","6.69",,"3.500","17.78",".00","3.500",54835,"","1",0,"N","Y","5.08","","",54835,46301,6826207,5/29/2010,1,
Detail,8345593,B,026938-468491,0468496,"1","CS","1 #","CEDARG","CHEDDAR,MLD,rBGH FREE,YEL","8.25",,"4.326","34.61",".00","4.326",54835,"","1",0,"N","N",".00","","",54835,46849,6826207,5/29/2010,8,
Detail,8345593,B,026938-468514,0468512,"1","CS","1 #","CEDARG","CHEDDAR,OG,MILD WHITE","9.65",,"5.046","40.37",".00","5.046",54835,"","1",0,"N","N",".00","","",54835,46851,6826207,5/29/2010,8,
Detail,8345593,B,026938-468552,0468553,"1","CS","1 #","CEDARG","COLBY,MARBLE rBGH FREE","8.25",,"4.326","34.61",".00","4.326",54835,"","1",0,"N","N",".00","","",54835,46855,6826207,5/29/2010,8,
Detail,8345593,B,026938-468613,0468611,"1","CS","1 #","CEDARG","FARMER,OG,RS","9.95",,"5.213","41.70",".00","5.213",54835,"","1",0,"N","N",".00","","",54835,46861,6826207,5/29/2010,8,
Detail,8345593,B,026938-468651,0468652,"1","CS","1 #","CEDARG","MONTEREY JACK,OG","9.65",,"5.046","40.37",".00","5.046",54835,"","1",0,"N","N",".00","","",54835,46865,6826207,5/29/2010,8,
Detail,8345593,B,049568-530109,0476911,"1","CS","10 OZ","FOLLOW","CHEDDAR VEGAN CHEESE","5.15",,"2.341","28.09","5.15","2.685",54835,"M 15","1",0,"N","N",".00","","",54835,47691,6826207,5/29/2010,12,
Detail,8345593,B,079004-100023,0493551,"1","CS","8 OZ","MTSTRL","CHEDDAR,GOAT,RAW","6.59",,"3.447","41.36",".00","3.447",54835,"","1",0,"N","N",".00","","",54835,49355,6826207,5/29/2010,12,
Detail,8345593,B,093966-211016,0431346,"2","CS","8 OZ","OGVAL","CREAM CHEESE,OG,BARS,PAST","3.95",,"2.048","49.16",".00","2.048",54835,"","2",0,"N","N",".00","","",54835,43134,6826207,5/29/2010,12,
Detail,8345593,B,093966-221015,0431361,"1","CS","8 OZ","OGVAL","NEUFCHATEL,OG,BARS,PAST","3.95",,"2.048","24.58",".00","2.048",54835,"","1",0,"N","N",".00","","",54835,43136,6826207,5/29/2010,12,
Detail,8345593,B,093966-000528,0228577,"1","CS","8 OZ","OGVAL","SWISS,OG,BABY,PASTURIZED","7.65",,"4.009","48.11",".00","4.009",54835,"","1",0,"N","N",".00","","",54835,22857,6826207,5/29/2010,12,
Detail,8345593,B,078016-123464,0797696,"1","CS","12 OZ","SOYA","SOYA CHEDDAR STYLE","7.05",,"3.683","22.10",".00","3.683",54835,"","1",0,"N","N",".00","","",54835,79769,6826207,5/29/2010,6,
RecType,InvNum,Type,NumGroceryItems,NumRefrigItems,NumRepackItems,NumFrozenItems,TotalPcs,TotalWt,TotalCubes,NonSpecial,Special,GrossTotal,VolDiscnt,Discount,NetTotal,TotalRetail,Deposits,Adjustments,ProfitAmnt,Profit%,InvDate,CorpCustID,OrderNumber,,,,,,,
Footer,8345593,C,"0","13","0","0","13","89",".20","394.75","28.09","422.84","0",".00","422.84","817.17",".00",".00",".00",".00",5/29/2010,54835,6826207,,,,,,,
