RecType,InvNum,Type,OrderNumber,InvoiceDate,DBA,CustomerNumber,CustomerName,CustAddr1,CustAddr2,City,State,ZipCode,PhoneNumber,Whse,Trip,Terms,D/CFlag,TermsMsg,CorpCustID,CoverSheet,OrdEntryDate,ChainCode,ApplyTo#,PO#,,,,,,
Header,8345604,A,6826485,5/29/2010,1,54835,"WHOLE FDS COOP-DULUTH","610 EAST 4TH STREET","","DULUTH","MN","558050000","218-728-0884",8,"642",7,0,"NET 21 DAYS",54835,3664796,5/28/2010,"CMW",0,"LN2319460-06",,,,,,
RecType,InvNum,Type,UPC,ProductID,QuantityShipped,Unit,Size,Brand,Description,RegularSRP,Status,NetPricePerUnit,ExtendedPrice,SaleSRP,RegPricePerUnit,CustomerID,PriceOrigin,QuantityOrdered,Taxable,LB flag,CW flag,CW2,CNF_RegSRP,CNF_SpcSRP,CorpCustID,CorpProdID,OrderNumber,InvoiceDate,Servings,
Detail,8345604,B,717256-000424,0245993,"8","EA","10#","BIOKLN","LAUNDRY POWDER","19.85",,"9.130","73.04","19.85","11.860",54835,"PRO 25","8",0,"N","N",".00","","",54835,24599,6826485,5/29/2010,1,
Detail,8345604,B,717256-000615,0417683,"2","CS","64 OZ","BIOKLN","LIQ LAUNDRY,CITRUS","12.79",,"7.648","91.78",".00","7.648",54835,"","2",0,"N","N",".00","","",54835,41768,6826485,5/29/2010,6,
Detail,8345604,B,717256-000608,0171363,"12","EA","32 OZ","BIOKLN","LIQUID LAUNDRY DETERGENT","7.05",,"3.190","38.28","7.05","4.200",54835,"PRO 25","12",0,"N","N",".00","","",54835,17136,6826485,5/29/2010,1,
Detail,8345604,B,717256-000493,0245985,"12","EA","2 LB","BIOKLN","OXYGEN BLEACH PLUS","6.45",,"3.100","37.20","6.45","3.850",54835,"PRO 20","12",0,"N","N",".00","","",54835,24598,6826485,5/29/2010,1,
Detail,8345604,B,749174-097002,0876052,"1","CS","25 OZ","EARTHF","DISHMATE,ALMOND","3.55",,"1.690","20.28","3.55","2.093",54835,"PRO 19","1",0,"N","N",".00","","",54835,87605,6826485,5/29/2010,12,
Detail,8345604,B,749174-097224,0856336,"1","CS","25 OZ","EARTHF","DISHMATE,GRAPEFRUIT","3.49",,"1.690","20.28","3.49","2.089",54835,"PRO 19","1",0,"N","N",".00","","",54835,85633,6826485,5/29/2010,12,
Detail,8345604,B,749174-097279,0856344,"1","CS","25 OZ","EARTHF","DISHMATE,LAVENDER","3.49",,"1.690","20.28","3.49","2.091",54835,"PRO 19","1",0,"N","N",".00","","",54835,85634,6826485,5/29/2010,12,
Detail,8345604,B,749174-097200,0263095,"12","EA","25 OZ","EARTHF","DISHMATE,PEAR","3.49",,"1.690","20.28","3.49","2.090",54835,"PRO 20","12",0,"N","N",".00","","",54835,26309,6826485,5/29/2010,1,
Detail,8345604,B,732913-227198,0330803,"2","CS","32 OZ","SEVNTH","CLEANER,ALL PURPOSE,F&C","4.55",,"2.346","37.54","4.55","2.714",54835,"CSD 15","2",0,"N","N",".00","","",54835,33080,6826485,5/29/2010,8,
Detail,8345604,B,732913-227525,0331363,"2","CS","32 OZ","SEVNTH","CLEANER,SHOWER,GRN MANDRN","4.55",,"2.346","37.54","4.55","2.714",54835,"CSD 15","2",0,"N","N",".00","","",54835,33136,6826485,5/29/2010,8,
Detail,8345604,B,732913-227044,0331389,"2","CS","32 OZ","SEVNTH","CLEANER,TOILET BOWL,EMRLD","4.55",,"2.346","37.54","4.55","2.714",54835,"CSD 15","2",0,"N","N",".00","","",54835,33138,6826485,5/29/2010,8,
Detail,8345604,B,732913-228102,0214213,"2","CS","26 OZ","SEVNTH","CLNR,MULTI-SURF,DISINFECT","4.55",,"2.346","37.54","4.55","2.714",54835,"CSD 15","2",0,"N","N",".00","","",54835,21421,6826485,5/29/2010,8,
Detail,8345604,B,732913-228126,0214221,"2","CS","35 CT","SEVNTH","WIPES,MULTI-SURF,DISINFCT","4.55",,"2.346","56.30","4.55","2.713",54835,"CSD 15","2",0,"N","N",".00","","",54835,21422,6826485,5/29/2010,12,
Detail,8345604,B,732913-137251,0644682,"6","CS","8/352 CT","SEVNTH","BATH TISSUE, 2 PLY","8.95",,"4.605","165.78","8.95","5.327",54835,"CSD 15","6",0,"N","N",".00","","",54835,64468,6826485,5/29/2010,6,
Detail,8345604,B,026938-899806,0899807,"9","","EA","","TOTES CHARGE",".00",,".000",".00",".00",".000",54835,"NO CHG","9",0,"","",".00","N","",54835,89980,6826485,5/29/2010,1,
RecType,InvNum,Type,NumGroceryItems,NumRefrigItems,NumRepackItems,NumFrozenItems,TotalPcs,TotalWt,TotalCubes,NonSpecial,Special,GrossTotal,VolDiscnt,Discount,NetTotal,TotalRetail,Deposits,Adjustments,ProfitAmnt,Profit%,InvDate,CorpCustID,OrderNumber,,,,,,,
Footer,8345604,C,"16","0","9","0","25","612","4.46","91.78","601.88","693.66","0",".00","693.66","1,365.12",".00",".00",".00",".00",5/29/2010,54835,6826485,,,,,,,
