RecType,InvNum,Type,OrderNumber,InvoiceDate,DBA,CustomerNumber,CustomerName,CustAddr1,CustAddr2,City,State,ZipCode,PhoneNumber,Whse,Trip,Terms,D/CFlag,TermsMsg,CorpCustID,CoverSheet,OrdEntryDate,ChainCode,ApplyTo#,PO#,,,,,,
Header,8345591,A,6826205,5/29/2010,1,54835,"WHOLE FDS COOP-DULUTH","610 EAST 4TH STREET","","DULUTH","MN","558050000","218-728-0884",8,"642",7,0,"NET 21 DAYS",54835,3664796,5/28/2010,"CMW",0,"LN2319433-01",,,,,,
RecType,InvNum,Type,UPC,ProductID,QuantityShipped,Unit,Size,Brand,Description,RegularSRP,Status,NetPricePerUnit,ExtendedPrice,SaleSRP,RegPricePerUnit,CustomerID,PriceOrigin,QuantityOrdered,Taxable,LB flag,CW flag,CW2,CNF_RegSRP,CNF_SpcSRP,CorpCustID,CorpProdID,OrderNumber,InvoiceDate,Servings,
Detail,8345591,B,026938-653620,0653626,"1","CS","#","BULK B","CRANBERRIES,SWT,NOSO2","3.85",,"2.131","53.27",".00","2.131",54835,"","1",0,"N","N",".00","","",54835,65362,6826205,5/29/2010,25,
Detail,8345591,B,089836-002259,0311589,"1","CS","#","FRNTHB","GINGER,CRYSTALLIZED","15.69",,"5.770","5.77",".00","5.770",54835,"","1",0,"N","N",".00","","",54835,31158,6826205,5/29/2010,1,
Detail,8345591,B,077241-700167,0897876,"1","CS","#","SUNSPR","CHOC CHIPS,OG,FT,DARK","8.45",,"4.871","121.78",".00","4.871",54835,"","1",0,"N","N",".00","","",54835,89787,6826205,5/29/2010,25,
Detail,8345591,B,021908-530017,0613505,"1","CS","10 OZ","CSCADE","RASPBERRIES,OG","4.29",,"1.998","23.97","4.29","2.514",54835,"PRO 20","1",0,"N","N",".00","","",54835,61350,6826205,5/29/2010,12,
Detail,8345591,B,895543-001023,0100636,"2","CS","6 CT","SNOMAW","WRAPS,OG,FLOUR W/EVOO","5.05",,"2.956","70.94",".00","2.956",54835,"","2",0,"N","N",".00","","",54835,10063,6826205,5/29/2010,12,
Detail,8345591,B,095684-300126,0377077,"1","CS","14 OZ","SNTINI","CONDENSED MILK,OG,SWEETND","3.89",,"2.237","53.69",".00","2.237",54835,"","1",0,"N","N",".00","","",54835,37707,6826205,5/29/2010,24,
Detail,8345591,B,026938-899806,0899807,"1","","EA","","TOTES CHARGE",".00",,".000",".00",".00",".000",54835,"NO CHG","1",0,"","",".00","N","",54835,89980,6826205,5/29/2010,1,
RecType,InvNum,Type,NumGroceryItems,NumRefrigItems,NumRepackItems,NumFrozenItems,TotalPcs,TotalWt,TotalCubes,NonSpecial,Special,GrossTotal,VolDiscnt,Discount,NetTotal,TotalRetail,Deposits,Adjustments,ProfitAmnt,Profit%,InvDate,CorpCustID,OrderNumber,,,,,,,
Footer,8345591,C,"1","2","1","3","7","115",".49","305.45","23.97","329.42","0",".00","329.42","589.23",".00",".00",".00",".00",5/29/2010,54835,6826205,,,,,,,
