RecType,InvNum,Type,OrderNumber,InvoiceDate,DBA,CustomerNumber,CustomerName,CustAddr1,CustAddr2,City,State,ZipCode,PhoneNumber,Whse,Trip,Terms,D/CFlag,TermsMsg,CorpCustID,CoverSheet,OrdEntryDate,ChainCode,ApplyTo#,PO#,,,,,,
Header,8345603,A,6826483,5/29/2010,1,54835,"WHOLE FDS COOP-DULUTH","610 EAST 4TH STREET","","DULUTH","MN","558050000","218-728-0884",8,"642",7,0,"NET 21 DAYS",54835,3664796,5/28/2010,"CMW",0,"LN2319460-03",,,,,,
RecType,InvNum,Type,UPC,ProductID,QuantityShipped,Unit,Size,Brand,Description,RegularSRP,Status,NetPricePerUnit,ExtendedPrice,SaleSRP,RegPricePerUnit,CustomerID,PriceOrigin,QuantityOrdered,Taxable,LB flag,CW flag,CW2,CNF_RegSRP,CNF_SpcSRP,CorpCustID,CorpProdID,OrderNumber,InvoiceDate,Servings,
Detail,8345603,B,728997-220002,0901561,"3","EA","18 OZ","ECOVR","AUTO DISHWASHING,TABLETS","6.85",,"4.080","12.24",".00","4.080",54835,"","3",0,"N","N",".00","","",54835,90156,6826483,5/29/2010,1,
Detail,8345603,B,745158-380214,0364455,"1","EA","18 #","HALO","SPOTS STEW DOG,ADLT,SALMN","41.05",,"24.580","24.58",".00","24.580",54835,"","1",0,"N","N",".00","","",54835,36445,6826483,5/29/2010,1,
Detail,8345603,B,031436-000111,0307173,"3","EA","10 LB","MALI'S","CHARCOAL LUMP,NATL HDWOOD","8.45",,"5.030","15.09",".00","5.030",54835,"","3",0,"N","N",".00","","",54835,30717,6826483,5/29/2010,1,
Detail,8345603,B,012344-060206,0485821,"2","EA","20#","NATLIF","DOG FOOD,LAMADERM","29.25",,"17.500","35.00",".00","17.500",54835,"","2",0,"N","N",".00","","",54835,48582,6826483,5/29/2010,1,
Detail,8345603,B,708821-062015,0557611,"1","CS","32 OZ","RESTOR","ALL PURPOSE CLEANR,CONCNT","5.59",,"3.333","20.00",".00","3.333",54835,"","1",0,"N","N",".00","","",54835,55761,6826483,5/29/2010,6,
Detail,8345603,B,732913-342082,0786269,"1","CS","70 CT","SEVNTH","BABY WIPES,TRAVEL REFILL","5.09",,"3.050","36.60",".00","3.050",54835,"","1",0,"N","N",".00","","",54835,78626,6826483,5/29/2010,12,
Detail,8345603,B,732913-228102,0214213,"1","CS","26 OZ","SEVNTH","CLNR,MULTI-SURF,DISINFECT","4.55",,"2.401","19.21","4.55","2.714",54835,"PRO 10","1",0,"N","N",".00","","",54835,21421,6826483,5/29/2010,8,
Detail,8345603,B,732913-137268,0644807,"1","CS","12/352CT","SEVNTH","BATH TISSUE, 2 PLY","11.89",,"7.110","28.44",".00","7.110",54835,"","1",0,"N","N",".00","","",54835,64480,6826483,5/29/2010,4,
Detail,8345603,B,732913-555017,0340786,"3","EA","30 CT","SEVNTH","KITCHEN BAG,TALL,13 GAL","6.35",,"3.770","11.31",".00","3.770",54835,"","3",0,"N","N",".00","","",54835,34078,6826483,5/29/2010,1,
Detail,8345603,B,026938-899806,0899807,"1","","EA","","TOTES CHARGE",".00",,".000",".00",".00",".000",54835,"NO CHG","1",0,"","",".00","N","",54835,89980,6826483,5/29/2010,1,
RecType,InvNum,Type,NumGroceryItems,NumRefrigItems,NumRepackItems,NumFrozenItems,TotalPcs,TotalWt,TotalCubes,NonSpecial,Special,GrossTotal,VolDiscnt,Discount,NetTotal,TotalRetail,Deposits,Adjustments,ProfitAmnt,Profit%,InvDate,CorpCustID,OrderNumber,,,,,,,
Footer,8345603,C,"10","0","1","0","11","165","1.09","183.26","19.21","202.47","0",".00","202.47","343.08",".00",".00",".00",".00",5/29/2010,54835,6826483,,,,,,,
