RecType,InvNum,Type,OrderNumber,InvoiceDate,DBA,CustomerNumber,CustomerName,CustAddr1,CustAddr2,City,State,ZipCode,PhoneNumber,Whse,Trip,Terms,D/CFlag,TermsMsg,CorpCustID,CoverSheet,OrdEntryDate,ChainCode,ApplyTo#,PO#,,,,,,
Header,8345608,A,6826744,5/29/2010,1,54835,"WHOLE FDS COOP-DULUTH","610 EAST 4TH STREET","","DULUTH","MN","558050000","218-728-0884",8,"642",7,0,"NET 21 DAYS",54835,3664796,5/28/2010,"CMW",0,"",,,,,,
RecType,InvNum,Type,UPC,ProductID,QuantityShipped,Unit,Size,Brand,Description,RegularSRP,Status,NetPricePerUnit,ExtendedPrice,SaleSRP,RegPricePerUnit,CustomerID,PriceOrigin,QuantityOrdered,Taxable,LB flag,CW flag,CW2,CNF_RegSRP,CNF_SpcSRP,CorpCustID,CorpProdID,OrderNumber,InvoiceDate,Servings,
Detail,8345608,B,724742-008314,0408724,"6","EA","4.5 OZ","ALBA","SUNSCREEN,DRY OIL,SPF 15","9.45",,"3.940","23.64","9.45","4.960",54835,"PRO 20","6",0,"N","N",".00","","",54835,40872,6826744,5/29/2010,1,
Detail,8345608,B,081738-363100,0390708,"5","EA","12 OZ","SHIKAI","SHOWER GEL,COCONUT","8.55",,"3.360","16.80","8.55","4.480",54835,"PRO 25","5",0,"N","N",".00","","",54835,39070,6826744,5/29/2010,1,
Detail,8345608,B,081738-363063,0273128,"3","EA","12 OZ","SHIKAI","SHOWER GEL,GARDENIA","8.55",,"3.360","10.08","8.55","4.480",54835,"PRO 25","3",0,"N","N",".00","","",54835,27312,6826744,5/29/2010,1,
Detail,8345608,B,081738-363070,0225573,"3","EA","12 OZ","SHIKAI","SHOWER GEL,SANDALWOOD","8.55",,"3.360","10.08","8.55","4.480",54835,"PRO 25","3",0,"N","N",".00","","",54835,22557,6826744,5/29/2010,1,
Detail,8345608,B,875386-000018,0742395,"1","EA","16 OZ","LIVHAR","HEMP PROTEIN,OG,ORIG FLAV","19.95",,"7.160","7.16","19.95","8.960",54835,"PRO 20","1",0,"N","N",".00","","",54835,74239,6826744,5/29/2010,1,
Detail,8345608,B,033674-151501,0296707,"1","EA","100 CAP","NATWAY","NETTLE HERB 435 MG","8.35",,"3.750","3.75",".00","3.750",54835,"","1",0,"N","N",".00","","",54835,29670,6826744,5/29/2010,1,
Detail,8345608,B,026938-899806,0899807,"2","","EA","","TOTES CHARGE",".00",,".000",".00",".00",".000",54835,"NO CHG","2",0,"","",".00","N","",54835,89980,6826744,5/29/2010,1,
RecType,InvNum,Type,NumGroceryItems,NumRefrigItems,NumRepackItems,NumFrozenItems,TotalPcs,TotalWt,TotalCubes,NonSpecial,Special,GrossTotal,VolDiscnt,Discount,NetTotal,TotalRetail,Deposits,Adjustments,ProfitAmnt,Profit%,InvDate,CorpCustID,OrderNumber,,,,,,,
Footer,8345608,C,"0","0","2","0","2","28",".43","3.75","67.76","71.51","0",".00","71.51","179.05",".00",".00",".00",".00",5/29/2010,54835,6826744,,,,,,,
