RecType,InvNum,Type,OrderNumber,InvoiceDate,DBA,CustomerNumber,CustomerName,CustAddr1,CustAddr2,City,State,ZipCode,PhoneNumber,Whse,Trip,Terms,D/CFlag,TermsMsg,CorpCustID,CoverSheet,OrdEntryDate,ChainCode,ApplyTo#,PO#,,,,,,
Header,8345597,A,6826431,5/29/2010,1,54835,"WHOLE FDS COOP-DULUTH","610 EAST 4TH STREET","","DULUTH","MN","558050000","218-728-0884",8,"642",7,0,"NET 21 DAYS",54835,3664796,5/28/2010,"CMW",0,"LN2319448-10",,,,,,
RecType,InvNum,Type,UPC,ProductID,QuantityShipped,Unit,Size,Brand,Description,RegularSRP,Status,NetPricePerUnit,ExtendedPrice,SaleSRP,RegPricePerUnit,CustomerID,PriceOrigin,QuantityOrdered,Taxable,LB flag,CW flag,CW2,CNF_RegSRP,CNF_SpcSRP,CorpCustID,CorpProdID,OrderNumber,InvoiceDate,Servings,
Detail,8345597,B,895591-001013,0688523,"1","CS","14 OZ","ECOSMA","FLYING INSECT KILLER","6.15",,"3.182","19.09","6.15","3.680",54835,"M 15","1",0,"N","N",".00","","",54835,68852,6826431,5/29/2010,6,
Detail,8345597,B,895591-001211,0695684,"1","CS","24 OZ","ECOSMA","WEED & GRASS KILLER","7.75",,"4.005","24.03","7.75","4.632",54835,"M 15","1",0,"N","N",".00","","",54835,69568,6826431,5/29/2010,6,
Detail,8345597,B,715418-020136,0338244,"2","EA","CT","GRENSP","NON SPILL SIPPY","7.65",,"3.950","7.90","7.65","4.570",54835,"M 15","2",0,"N","N",".00","","",54835,33824,6826431,5/29/2010,1,
Detail,8345597,B,026938-899806,0899807,"1","","EA","","TOTES CHARGE",".00",,".000",".00",".00",".000",54835,"NO CHG","1",0,"","",".00","N","",54835,89980,6826431,5/29/2010,1,
RecType,InvNum,Type,NumGroceryItems,NumRefrigItems,NumRepackItems,NumFrozenItems,TotalPcs,TotalWt,TotalCubes,NonSpecial,Special,GrossTotal,VolDiscnt,Discount,NetTotal,TotalRetail,Deposits,Adjustments,ProfitAmnt,Profit%,InvDate,CorpCustID,OrderNumber,,,,,,,
Footer,8345597,C,"2","0","1","0","3","26",".16",".00","51.02","51.02","0",".00","51.02","98.70",".00",".00",".00",".00",5/29/2010,54835,6826431,,,,,,,
