RecType,InvNum,Type,OrderNumber,InvoiceDate,DBA,CustomerNumber,CustomerName,CustAddr1,CustAddr2,City,State,ZipCode,PhoneNumber,Whse,Trip,Terms,D/CFlag,TermsMsg,CorpCustID,CoverSheet,OrdEntryDate,ChainCode,ApplyTo#,PO#,,,,,,
Header,8491150,A,8491150,6/23/2010,1,54835,"WHOLE FDS COOP-DULUTH","610 EAST 4TH STREET","","DULUTH","MN","558050000","218-728-0884",8,"000",0,1,"",54835,3731201,6/23/2010,"CMW",8506620,"",,,,,,
RecType,InvNum,Type,UPC,ProductID,QuantityShipped,Unit,Size,Brand,Description,RegularSRP,Status,NetPricePerUnit,ExtendedPrice,SaleSRP,RegPricePerUnit,CustomerID,PriceOrigin,QuantityOrdered,Taxable,LB flag,CW flag,CW2,CNF_RegSRP,CNF_SpcSRP,CorpCustID,CorpProdID,OrderNumber,InvoiceDate,Servings,
Detail,8491150,B,072417-103612,0497024,"1","CS","10.5 OZ","CADBRY","BISCUIT,DIGESTIVE",".00",,"2.800","33.60",".00","2.800",54835,"","1",0,"N","N",".00","","",54835,49702,8491150,6/23/2010,12,
Detail,8491150,B,306962-747244,0654343,"1","EA","2.6 OZ","BOIRON","ARNICA GEL&BLUE TBE BONUS",".00",,"7.230","7.23",".00","7.230",54835,"","1",0,"N","N",".00","","",54835,65434,8491150,6/23/2010,1,
Footer,8491150,C,"0","0","0","0","0","0",".00",".00",".00","40.83","0",".00","40.83",".00",".00",".00",".00",".00",6/23/2010,54835,8491150,,,,,,,
