RecType,InvNum,Type,OrderNumber,InvoiceDate,DBA,CustomerNumber,CustomerName,CustAddr1,CustAddr2,City,State,ZipCode,PhoneNumber,Whse,Trip,Terms,D/CFlag,TermsMsg,CorpCustID,CoverSheet,OrdEntryDate,ChainCode,ApplyTo#,PO#,,,,,,
Header,8288289,A,8288289,5/21/2010,1,54835,"WHOLE FDS COOP-DULUTH","610 EAST 4TH STREET","","DULUTH","MN","558050000","218-728-0884",8,"000",0,2,"",54835,3646017,5/21/2010,"CMW",8299326,"",,,,,,
RecType,InvNum,Type,UPC,ProductID,QuantityShipped,Unit,Size,Brand,Description,RegularSRP,Status,NetPricePerUnit,ExtendedPrice,SaleSRP,RegPricePerUnit,CustomerID,PriceOrigin,QuantityOrdered,Taxable,LB flag,CW flag,CW2,CNF_RegSRP,CNF_SpcSRP,CorpCustID,CorpProdID,OrderNumber,InvoiceDate,Servings,
Detail,8288289,B,025293-600232,0362525,"-2","CS","64 OZ","SILK","SILK,OG,UNSWTND SOY MILK",".00",,".538","-6.46",".00",".538",54835,"","-2",0,"N","N",".00","","",54835,36252,8288289,5/21/2010,6,
Detail,8288289,B,025293-600232,0362525,"-2","CS","64 OZ","SILK","SILK,OG,UNSWTND SOY MILK",".00",,".538","-6.46",".00",".538",54835,"","-2",0,"N","N",".00","","",54835,36252,8288289,5/21/2010,6,
Footer,8288289,C,"0","0","0","0","0","0",".00",".00",".00","-12.92","0",".00","-12.92",".00",".00",".00",".00",".00",5/21/2010,54835,8288289,,,,,,,
