RecType,InvNum,Type,OrderNumber,InvoiceDate,DBA,CustomerNumber,CustomerName,CustAddr1,CustAddr2,City,State,ZipCode,PhoneNumber,Whse,Trip,Terms,D/CFlag,TermsMsg,CorpCustID,CoverSheet,OrdEntryDate,ChainCode,ApplyTo#,PO#,,,,,,
Header,8127328,A,6628210,4/27/2010,1,54835,"WHOLE FOODS COMMUNITY COO","610 EAST 4TH STREET","","DULUTH","MN","558050000","218-728-0884",8,"247",7,0,"NET 21 DAYS",54835,3574998,4/26/2010,"CMW",0,"LN2256155-08",,,,,,
RecType,InvNum,Type,UPC,ProductID,QuantityShipped,Unit,Size,Brand,Description,RegularSRP,Status,NetPricePerUnit,ExtendedPrice,SaleSRP,RegPricePerUnit,CustomerID,PriceOrigin,QuantityOrdered,Taxable,LB flag,CW flag,CW2,CNF_RegSRP,CNF_SpcSRP,CorpCustID,CorpProdID,OrderNumber,InvoiceDate,Servings,
Detail,8127328,B,042272-000418,0222331,"1","CS","10.25 OZ","AMY'S","LASAGNA,GARDEN VEG,OG,GF","4.85",,"2.523","30.27","4.85","2.997",54835,"PRO 15","1",0,"N","N",".00","","",54835,22233,6628210,4/27/2010,12,
Detail,8127328,B,749601-012035,0722223,"1","CS","16 OZ","BERLIN","BREAD,SPELT WHITE","6.25",,"3.670","22.02",".00","3.670",54835,"","1",0,"N","N",".00","","",54835,72222,6628210,4/27/2010,6,
Detail,8127328,B,759283-601069,0564302,"1","CS","12 OZ","BOCA","GROUND CRUMBLES,MTLS,NATL","4.99",,"2.924","35.09",".00","2.924",54835,"","1",0,"N","N",".00","","",54835,56430,6628210,4/27/2010,12,
Detail,8127328,B,038794-347773,0350884,"2","CS","6 OZ","CEDAR","BURRITO,OG LF BN,RICE&CHE","2.55",,"1.393","33.42","2.55","1.594",54835,"CSD 15","2",0,"N","N",".00","","",54835,35088,6628210,4/27/2010,12,
Detail,8127328,B,638031-612161,0857458,"1","CS","12.95 OZ","FIELDR","SAUSAGE,MEXICAN CHIPOTLE","6.05",,"3.558","42.70",".00","3.558",54835,"","1",0,"N","N",".00","","",54835,85745,6628210,4/27/2010,12,
RecType,InvNum,Type,NumGroceryItems,NumRefrigItems,NumRepackItems,NumFrozenItems,TotalPcs,TotalWt,TotalCubes,NonSpecial,Special,GrossTotal,VolDiscnt,Discount,NetTotal,TotalRetail,Deposits,Adjustments,ProfitAmnt,Profit%,InvDate,CorpCustID,OrderNumber,,,,,,,
Footer,8127328,C,"0","0","0","6","6","48",".27","99.81","63.69","163.50","0",".00","163.50","289.38",".00",".00",".00",".00",4/27/2010,54835,6628210,,,,,,,
