RecType,InvNum,Type,OrderNumber,InvoiceDate,DBA,CustomerNumber,CustomerName,CustAddr1,CustAddr2,City,State,ZipCode,PhoneNumber,Whse,Trip,Terms,D/CFlag,TermsMsg,CorpCustID,CoverSheet,OrdEntryDate,ChainCode,ApplyTo#,PO#,,,,,,
Header,8127338,A,6629421,4/27/2010,1,54835,"WHOLE FOODS COMMUNITY COO","610 EAST 4TH STREET","","DULUTH","MN","558050000","218-728-0884",8,"247",7,0,"NET 21 DAYS",54835,3574998,4/26/2010,"CMW",0,"LN2256369-16",,,,,,
RecType,InvNum,Type,UPC,ProductID,QuantityShipped,Unit,Size,Brand,Description,RegularSRP,Status,NetPricePerUnit,ExtendedPrice,SaleSRP,RegPricePerUnit,CustomerID,PriceOrigin,QuantityOrdered,Taxable,LB flag,CW flag,CW2,CNF_RegSRP,CNF_SpcSRP,CorpCustID,CorpProdID,OrderNumber,InvoiceDate,Servings,
Detail,8127338,B,026938-482831,0482836,"1","CS","#","GREATR","FLOUR,OG,SPELT,WHOLE GRN","1.95",,"1.100","27.49",".00","1.100",54835,"","1",0,"N","N",".00","","",54835,48283,6629421,4/27/2010,25,
Detail,8127338,B,073416-401228,0170985,"1","CS","#","LUNDBG","RICE,OG,BROWN,SHORT","1.89",,".941","23.52","1.89","1.095",54835,"PRO 15","1",0,"N","N",".00","","",54835,17098,6629421,4/27/2010,25,
RecType,InvNum,Type,NumGroceryItems,NumRefrigItems,NumRepackItems,NumFrozenItems,TotalPcs,TotalWt,TotalCubes,NonSpecial,Special,GrossTotal,VolDiscnt,Discount,NetTotal,TotalRetail,Deposits,Adjustments,ProfitAmnt,Profit%,InvDate,CorpCustID,OrderNumber,,,,,,,
Footer,8127338,C,"2","0","0","0","2","51",".14","27.49","23.52","51.01","0",".00","51.01","96.00",".00",".00",".00",".00",4/27/2010,54835,6629421,,,,,,,
