RecType,InvNum,Type,OrderNumber,InvoiceDate,DBA,CustomerNumber,CustomerName,CustAddr1,CustAddr2,City,State,ZipCode,PhoneNumber,Whse,Trip,Terms,D/CFlag,TermsMsg,CorpCustID,CoverSheet,OrdEntryDate,ChainCode,ApplyTo#,PO#,,,,,,
Header,8127326,A,6628208,4/27/2010,1,54835,"WHOLE FOODS COMMUNITY COO","610 EAST 4TH STREET","","DULUTH","MN","558050000","218-728-0884",8,"247",7,0,"NET 21 DAYS",54835,3574998,4/26/2010,"CMW",0,"LN2256155-05",,,,,,
RecType,InvNum,Type,UPC,ProductID,QuantityShipped,Unit,Size,Brand,Description,RegularSRP,Status,NetPricePerUnit,ExtendedPrice,SaleSRP,RegPricePerUnit,CustomerID,PriceOrigin,QuantityOrdered,Taxable,LB flag,CW flag,CW2,CNF_RegSRP,CNF_SpcSRP,CorpCustID,CorpProdID,OrderNumber,InvoiceDate,Servings,
Detail,8127326,B,722430-300160,0772335,"1","CS","16 OZ","GTS","SYNERGY,OG,CRANBERRY","2.95",,"2.191","26.29",".00","2.191",54835,"","1",0,"N","N",".00","","",54835,77233,6628208,4/27/2010,12,
Detail,8127326,B,722430-400167,0772350,"2","CS","16 OZ","GTS","SYNERGY,OG,STRAWBERRY","2.95",,"2.191","52.58",".00","2.191",54835,"","2",0,"N","N",".00","","",54835,77235,6628208,4/27/2010,12,
Detail,8127326,B,052159-000028,0636944,"1","CS","32 OZ","STNFLD","YOGURT,OG,WM,FRENCH VAN","4.65",,"2.208","13.25","4.65","2.778",54835,"PRO 20","1",0,"N","N",".00","","",54835,63694,6628208,4/27/2010,6,
Detail,8127326,B,758543-450003,0124842,"1","CS","5.3 OZ","VOSKOS","GREEK YOG,FIG","1.69",,"1.020","12.24",".00","1.020",54835,"","1",0,"N","N",".00","","",54835,12484,6628208,4/27/2010,12,
Detail,8127326,B,758543-110006,0182691,"1","CS","8 OZ","VOSKOS","GREEK YOG,PLAIN FF","1.99",,"1.186","14.23",".00","1.186",54835,"","1",0,"N","N",".00","","",54835,18269,6628208,4/27/2010,12,
RecType,InvNum,Type,NumGroceryItems,NumRefrigItems,NumRepackItems,NumFrozenItems,TotalPcs,TotalWt,TotalCubes,NonSpecial,Special,GrossTotal,VolDiscnt,Discount,NetTotal,TotalRetail,Deposits,Adjustments,ProfitAmnt,Profit%,InvDate,CorpCustID,OrderNumber,,,,,,,
Footer,8127326,C,"0","6","0","0","6","91",".25","105.34","13.25","118.59","0",".00","118.59","178.26",".00",".00",".00",".00",4/27/2010,54835,6628208,,,,,,,
