RecType,InvNum,Type,OrderNumber,InvoiceDate,DBA,CustomerNumber,CustomerName,CustAddr1,CustAddr2,City,State,ZipCode,PhoneNumber,Whse,Trip,Terms,D/CFlag,TermsMsg,CorpCustID,CoverSheet,OrdEntryDate,ChainCode,ApplyTo#,PO#,,,,,,
Header,8127342,A,6629427,4/27/2010,1,54835,"WHOLE FOODS COMMUNITY COO","610 EAST 4TH STREET","","DULUTH","MN","558050000","218-728-0884",8,"247",7,0,"NET 21 DAYS",54835,3574998,4/26/2010,"CMW",0,"LN2256369-21",,,,,,
RecType,InvNum,Type,UPC,ProductID,QuantityShipped,Unit,Size,Brand,Description,RegularSRP,Status,NetPricePerUnit,ExtendedPrice,SaleSRP,RegPricePerUnit,CustomerID,PriceOrigin,QuantityOrdered,Taxable,LB flag,CW flag,CW2,CNF_RegSRP,CNF_SpcSRP,CorpCustID,CorpProdID,OrderNumber,InvoiceDate,Servings,
Detail,8127342,B,089836-001375,0310888,"1","EA","#","FRNTHB","CUMIN SEED,WHOLE","14.25",,"5.240","5.24",".00","5.240",54835,"","1",0,"N","N",".00","","",54835,31088,6629427,4/27/2010,1,
Detail,8127342,B,089836-026507,0478271,"1","EA","#","FRNTHB","CURRY POWDER,OG","19.75",,"7.270","7.27",".00","7.270",54835,"","1",0,"N","N",".00","","",54835,47827,6629427,4/27/2010,1,
Detail,8127342,B,089836-025241,0298331,"1","EA","#","FRNTHB","GARLIC GRANULES,OG","15.69",,"5.770","5.77",".00","5.770",54835,"","1",0,"N","N",".00","","",54835,29833,6629427,4/27/2010,1,
Detail,8127342,B,089836-026002,0546671,"1","EA","#","FRNTHB","PEPPER,BLACK,OG,MED,GRIND","22.35",,"6.730","6.73","22.35","8.230",54835,"PRO 20","1",0,"N","N",".00","","",54835,54667,6629427,4/27/2010,1,
Detail,8127342,B,089836-006301,0311167,"1","EA","#","FRNTHB","PEPPERMINT LEAF,OG,C/S","21.19",,"7.800","7.80",".00","7.800",54835,"","1",0,"N","N",".00","","",54835,31116,6629427,4/27/2010,1,
Detail,8127342,B,089836-028723,0551739,"1","EA","#","FRNTHB","TEA,OG,FT,CHAI","35.29",,"13.000","13.00",".00","13.000",54835,"","1",0,"N","N",".00","","",54835,55173,6629427,4/27/2010,1,
Detail,8127342,B,026938-899806,0899807,"1","","EA","","TOTES CHARGE",".00",,".000",".00",".00",".000",54835,"NO CHG","1",0,"","",".00","N","",54835,89980,6629427,4/27/2010,1,
Detail,8127342,B,089836-026491,0546556,"0","EA","#","FRNTHB","ITALIAN SEASONING,OG,WHL",".00",OUT,".000",".00",".00",".000",54835,"","1",0,"N","N",".00","","",54835,54655,6629427,4/27/2010,1,
RecType,InvNum,Type,NumGroceryItems,NumRefrigItems,NumRepackItems,NumFrozenItems,TotalPcs,TotalWt,TotalCubes,NonSpecial,Special,GrossTotal,VolDiscnt,Discount,NetTotal,TotalRetail,Deposits,Adjustments,ProfitAmnt,Profit%,InvDate,CorpCustID,OrderNumber,,,,,,,
Footer,8127342,C,"0","0","1","0","1","13",".18","39.08","6.73","45.81","0",".00","45.81","128.52",".00",".00",".00",".00",4/27/2010,54835,6629427,,,,,,,
