RecType,InvNum,Type,OrderNumber,InvoiceDate,DBA,CustomerNumber,CustomerName,CustAddr1,CustAddr2,City,State,ZipCode,PhoneNumber,Whse,Trip,Terms,D/CFlag,TermsMsg,CorpCustID,CoverSheet,OrdEntryDate,ChainCode,ApplyTo#,PO#,,,,,,
Header,8127335,A,6629417,4/27/2010,1,54835,"WHOLE FOODS COMMUNITY COO","610 EAST 4TH STREET","","DULUTH","MN","558050000","218-728-0884",8,"247",7,0,"NET 21 DAYS",54835,3574998,4/26/2010,"CMW",0,"LN2256369-10",,,,,,
RecType,InvNum,Type,UPC,ProductID,QuantityShipped,Unit,Size,Brand,Description,RegularSRP,Status,NetPricePerUnit,ExtendedPrice,SaleSRP,RegPricePerUnit,CustomerID,PriceOrigin,QuantityOrdered,Taxable,LB flag,CW flag,CW2,CNF_RegSRP,CNF_SpcSRP,CorpCustID,CorpProdID,OrderNumber,InvoiceDate,Servings,
Detail,8127335,B,895591-001013,0688523,"1","CS","14 OZ","ECOSMA","FLYING INSECT KILLER","6.15",,"3.182","19.09","6.15","3.680",54835,"M 15","1",0,"N","N",".00","","",54835,68852,6629417,4/27/2010,6,
Detail,8127335,B,770009-050015,0808758,"4","EA","200 FT","IFYC","COOKING TWINE,NATURAL","2.65",,"1.240","4.96","2.65","1.560",54835,"PRO 20","4",0,"N","N",".00","","",54835,80875,6629417,4/27/2010,1,
Detail,8127335,B,026938-899806,0899807,"1","","EA","","TOTES CHARGE",".00",,".000",".00",".00",".000",54835,"NO CHG","1",0,"","",".00","N","",54835,89980,6629417,4/27/2010,1,
RecType,InvNum,Type,NumGroceryItems,NumRefrigItems,NumRepackItems,NumFrozenItems,TotalPcs,TotalWt,TotalCubes,NonSpecial,Special,GrossTotal,VolDiscnt,Discount,NetTotal,TotalRetail,Deposits,Adjustments,ProfitAmnt,Profit%,InvDate,CorpCustID,OrderNumber,,,,,,,
Footer,8127335,C,"1","0","1","0","2","14",".15",".00","24.05","24.05","0",".00","24.05","47.50",".00",".00",".00",".00",4/27/2010,54835,6629417,,,,,,,
