RecType,InvNum,Type,OrderNumber,InvoiceDate,DBA,CustomerNumber,CustomerName,CustAddr1,CustAddr2,City,State,ZipCode,PhoneNumber,Whse,Trip,Terms,D/CFlag,TermsMsg,CorpCustID,CoverSheet,OrdEntryDate,ChainCode,ApplyTo#,PO#,,,,,,
Header,8127333,A,6629282,4/27/2010,1,54835,"WHOLE FOODS COMMUNITY COO","610 EAST 4TH STREET","","DULUTH","MN","558050000","218-728-0884",8,"247",7,0,"NET 21 DAYS",54835,3574998,4/26/2010,"CMW",0,"LN2256333-03",,,,,,
RecType,InvNum,Type,UPC,ProductID,QuantityShipped,Unit,Size,Brand,Description,RegularSRP,Status,NetPricePerUnit,ExtendedPrice,SaleSRP,RegPricePerUnit,CustomerID,PriceOrigin,QuantityOrdered,Taxable,LB flag,CW flag,CW2,CNF_RegSRP,CNF_SpcSRP,CorpCustID,CorpProdID,OrderNumber,InvoiceDate,Servings,
Detail,8127333,B,031493-921831,0733147,"1","CS","24 OZ","RUDI'S","BRD,OG,CINNAMON RAISIN","4.95",,"2.888","34.65",".00","2.888",54835,"","1",0,"N","N",".00","","",54835,73314,6629282,4/27/2010,12,
Detail,8127333,B,031493-242424,0940387,"2","CS","22 OZ","RUDI'S","BRD,OG,HONEY SWT WHL WHT","4.65",,"2.714","43.42",".00","2.714",54835,"","2",0,"N","N",".00","","",54835,94038,6629282,4/27/2010,8,
Detail,8127333,B,031493-804899,0845420,"1","CS","22 OZ","RUDI'S","BRD,OG,RYE,JEWISH LIGHT","4.65",,"2.714","21.71",".00","2.714",54835,"","1",0,"N","N",".00","","",54835,84542,6629282,4/27/2010,8,
Detail,8127333,B,031493-317511,0940270,"1","CS","22 OZ","RUDI'S","BRD,OG,SOURDGH,ROCKY MTN","4.65",,"2.714","21.71",".00","2.714",54835,"","1",0,"N","N",".00","","",54835,94027,6629282,4/27/2010,8,
Detail,8127333,B,031493-071208,0342543,"1","CS","20 OZ","RUDI'S","BRD,OG,SPELT,ANCNT GRAIN","5.59",,"3.289","26.31",".00","3.289",54835,"","1",0,"N","N",".00","","",54835,34254,6629282,4/27/2010,8,
Detail,8127333,B,031493-023405,0723213,"1","CS","20 OZ","RUDI'S","BRD,OG,14 GRAIN","4.65",,"2.714","21.71",".00","2.714",54835,"","1",0,"N","N",".00","","",54835,72321,6629282,4/27/2010,8,
Detail,8127333,B,031493-023207,0543553,"1","CS","20 OZ","RUDI'S","BRD,OG,7 GRAIN & FLAX","4.65",,"2.714","21.71",".00","2.714",54835,"","1",0,"N","N",".00","","",54835,54355,6629282,4/27/2010,8,
Detail,8127333,B,895543-001023,0100636,"1","CS","6 CT","SNOMAW","WRAPS,OG,FLOUR W/EVOO","5.05",,"2.590","31.08","5.05","2.956",54835,"M 15","1",0,"N","N",".00","","",54835,10063,6629282,4/27/2010,12,
Detail,8127333,B,075119-602254,0349258,"1","CS","14.8 OZ","ENER-G","ENGLISH MUFFIN W/TOFU","5.85",,"3.345","20.07",".00","3.345",54835,"","1",0,"N","N",".00","","",54835,34925,6629282,4/27/2010,6,
Detail,8127333,B,075119-145805,0559104,"1","CS","19 OZ","ENER-G","LOAF,BROWN RICE,YST-FREE","5.75",,"3.278","19.67",".00","3.278",54835,"","1",0,"N","N",".00","","",54835,55910,6629282,4/27/2010,6,
Detail,8127333,B,075119-145706,0315408,"1","CS","16 OZ","ENER-G","LOAF,WHITE RICE","5.35",,"3.047","18.28",".00","3.047",54835,"","1",0,"N","N",".00","","",54835,31540,6629282,4/27/2010,6,
Detail,8127333,B,031493-021609,0775759,"0","CS","22 OZ","RUDI'S","BRD,OG,100% WHOLE WHEAT",".00",OUT,".000",".00",".00",".000",54835,"PRO 20","2",0,"N","N",".00","","",54835,77575,6629282,4/27/2010,8,
Detail,8127333,B,031493-021609,0775759,"0","CS","22 OZ","RUDI'S","BRD,OG,100% WHOLE WHEAT",".00",OUT,".000",".00",".00",".000",54835,"PRO 20","4",0,"N","N",".00","","",54835,77575,6629282,4/27/2010,8,
Detail,8127333,B,031493-543736,0940361,"0","CS","22 OZ","RUDI'S","BRD,OG,COLORADO CRKD WHT",".00",OUT,".000",".00",".00",".000",54835,"PRO 20","4",0,"N","N",".00","","",54835,94036,6629282,4/27/2010,8,
RecType,InvNum,Type,NumGroceryItems,NumRefrigItems,NumRepackItems,NumFrozenItems,TotalPcs,TotalWt,TotalCubes,NonSpecial,Special,GrossTotal,VolDiscnt,Discount,NetTotal,TotalRetail,Deposits,Adjustments,ProfitAmnt,Profit%,InvDate,CorpCustID,OrderNumber,,,,,,,
Footer,8127333,C,"3","0","0","9","12","136",".96","249.24","31.08","280.32","0",".00","280.32","489.62",".00",".00",".00",".00",4/27/2010,54835,6629282,,,,,,,
