RecType,InvNum,Type,OrderNumber,InvoiceDate,DBA,CustomerNumber,CustomerName,CustAddr1,CustAddr2,City,State,ZipCode,PhoneNumber,Whse,Trip,Terms,D/CFlag,TermsMsg,CorpCustID,CoverSheet,OrdEntryDate,ChainCode,ApplyTo#,PO#,,,,,,
Header,8127349,A,6629692,4/27/2010,1,54835,"WHOLE FOODS COMMUNITY COO","610 EAST 4TH STREET","","DULUTH","MN","558050000","218-728-0884",8,"247",7,0,"NET 21 DAYS",54835,3574998,4/26/2010,"CMW",0,"",,,,,,
RecType,InvNum,Type,UPC,ProductID,QuantityShipped,Unit,Size,Brand,Description,RegularSRP,Status,NetPricePerUnit,ExtendedPrice,SaleSRP,RegPricePerUnit,CustomerID,PriceOrigin,QuantityOrdered,Taxable,LB flag,CW flag,CW2,CNF_RegSRP,CNF_SpcSRP,CorpCustID,CorpProdID,OrderNumber,InvoiceDate,Servings,
Detail,8127349,B,021908-503479,0169219,"1","CS","10 OZ","CSCADE","EDAMAME,OG,SHELLED","2.95",,"1.382","16.58","2.95","1.739",54835,"PRO 20","1",0,"N","N",".00","","",54835,16921,6629692,4/27/2010,12,
Detail,8127349,B,021908-504155,0432385,"1","CS","10 OZ","CSCADE","PEAS & CARROTS,OG","2.95",,"1.382","16.58","2.95","1.739",54835,"PRO 20","1",0,"N","N",".00","","",54835,43238,6629692,4/27/2010,12,
Detail,8127349,B,758543-470001,0124677,"1","CS","5.3 OZ","VOSKOS","GREEK YOG,BLUEBERRY","1.69",,"1.020","12.24",".00","1.020",54835,"","1",0,"N","N",".00","","",54835,12467,6629692,4/27/2010,12,
RecType,InvNum,Type,NumGroceryItems,NumRefrigItems,NumRepackItems,NumFrozenItems,TotalPcs,TotalWt,TotalCubes,NonSpecial,Special,GrossTotal,VolDiscnt,Discount,NetTotal,TotalRetail,Deposits,Adjustments,ProfitAmnt,Profit%,InvDate,CorpCustID,OrderNumber,,,,,,,
Footer,8127349,C,"0","1","0","2","3","21",".10","12.24","33.16","45.40","0",".00","45.40","91.08",".00",".00",".00",".00",4/27/2010,54835,6629692,,,,,,,
