RecType,InvNum,Type,OrderNumber,InvoiceDate,DBA,CustomerNumber,CustomerName,CustAddr1,CustAddr2,City,State,ZipCode,PhoneNumber,Whse,Trip,Terms,D/CFlag,TermsMsg,CorpCustID,CoverSheet,OrdEntryDate,ChainCode,ApplyTo#,PO#,,,,,,
Header,8127347,A,6629566,4/27/2010,1,54835,"WHOLE FOODS COMMUNITY COO","610 EAST 4TH STREET","","DULUTH","MN","558050000","218-728-0884",8,"247",7,0,"NET 21 DAYS",54835,3574998,4/26/2010,"CMW",0,"LN2256389-08",,,,,,
RecType,InvNum,Type,UPC,ProductID,QuantityShipped,Unit,Size,Brand,Description,RegularSRP,Status,NetPricePerUnit,ExtendedPrice,SaleSRP,RegPricePerUnit,CustomerID,PriceOrigin,QuantityOrdered,Taxable,LB flag,CW flag,CW2,CNF_RegSRP,CNF_SpcSRP,CorpCustID,CorpProdID,OrderNumber,InvoiceDate,Servings,
Detail,8127347,B,729906-170043,0173997,"1","CS","12 OZ","CNTRYC","SNDWCHCRM,OG,CHOC,CHOC CR","4.15",,"1.913","11.48","4.15","2.380",54835,"PRO 20","1",0,"N","N",".00","","",54835,17399,6629566,4/27/2010,6,
Detail,8127347,B,058449-420040,0515692,"1","CS","9 OZ","ENVKID","ANIMAL COOKIES,OG,VAN,G/F","3.95",,"2.256","27.07",".00","2.256",54835,"","1",0,"N","N",".00","","",54835,51569,6629566,4/27/2010,12,
Detail,8127347,B,074682-107821,0238790,"1","CS","32 OZ","KNDSN","JUICE,OG,JUST TART CHERRY","6.75",,"3.348","40.17","6.75","3.966",54835,"PRO 15","1",0,"N","N",".00","","",54835,23879,6629566,4/27/2010,12,
Detail,8127347,B,074682-107227,0441246,"1","CS","32 OZ","KNDSN","JUICE,MORNING BLEND","3.95",,"1.964","23.57","3.95","2.320",54835,"PRO 15","1",0,"N","N",".00","","",54835,44124,6629566,4/27/2010,12,
Detail,8127347,B,636647-120100,0486837,"0","EA","16 OZ","JEWEL","SUGAR,OG,DATE",".00",OUT,".000",".00",".00",".000",54835,"","3",0,"N","N",".00","","",54835,48683,6629566,4/27/2010,1,
Detail,8127347,B,748404-287923,0476689,"0","CS","8.5 OZ","SEEDS","WHI BSMTI RCE,OG,TAPOVAN","3.79",,".000",".00","3.79",".000",54835,"M 15","0",0,"N","N",".00","","",54835,47668,6629566,4/27/2010,12,
Detail,8127347,B,748404-000027,0974915,"0","CS","13 OZ","SEEDS","DRESSING,OG,ITAL HERB VGT",".00",OUT,".000",".00",".00",".000",54835,"","1",0,"N","N",".00","","",54835,97491,6629566,4/27/2010,12,
RecType,InvNum,Type,NumGroceryItems,NumRefrigItems,NumRepackItems,NumFrozenItems,TotalPcs,TotalWt,TotalCubes,NonSpecial,Special,GrossTotal,VolDiscnt,Discount,NetTotal,TotalRetail,Deposits,Adjustments,ProfitAmnt,Profit%,InvDate,CorpCustID,OrderNumber,,,,,,,
Footer,8127347,C,"4","0","0","0","4","92",".29","27.07","75.22","102.29","0",".00","102.29","200.70",".00",".00",".00",".00",4/27/2010,54835,6629566,,,,,,,
