RecType,InvNum,Type,OrderNumber,InvoiceDate,DBA,CustomerNumber,CustomerName,CustAddr1,CustAddr2,City,State,ZipCode,PhoneNumber,Whse,Trip,Terms,D/CFlag,TermsMsg,CorpCustID,CoverSheet,OrdEntryDate,ChainCode,ApplyTo#,PO#,,,,,,
Header,8748154,A,8748154,8/2/2010,1,54835,"WHOLE FDS COOP-DULUTH","610 EAST 4TH STREET","","DULUTH","MN","558050000","218-728-0884",8,"000",0,2,"",54835,3829902,8/2/2010,"CMW",8751009,"",,,,,,
RecType,InvNum,Type,UPC,ProductID,QuantityShipped,Unit,Size,Brand,Description,RegularSRP,Status,NetPricePerUnit,ExtendedPrice,SaleSRP,RegPricePerUnit,CustomerID,PriceOrigin,QuantityOrdered,Taxable,LB flag,CW flag,CW2,CNF_RegSRP,CNF_SpcSRP,CorpCustID,CorpProdID,OrderNumber,InvoiceDate,Servings,
Detail,8748154,B,038261-857361,0417568,"-1","CS","33 OZ","BUBBIE","PURE KOSHER DILL",".00",,"3.309","-39.71",".00","3.309",54835,"","-1",0,"N","N",".00","","",54835,41756,8748154,8/2/2010,12,
Detail,8748154,B,038261-857507,0421123,"-1","CS","33 OZ","BUBBIE","BREAD & BUTTER CHIPS",".00",,".000",".00",".00",".000",54835,"","-1",0,"N","N",".00","","",54835,42112,8748154,8/2/2010,12,
Detail,8748154,B,024107-110011,0519967,"-2","CS","4/4 OZ","COOLCP","COOL CUPS,ORANGE",".00",,".000",".00",".00",".000",54835,"","-2",0,"N","N",".00","","",54835,51996,8748154,8/2/2010,6,
Detail,8748154,B,052159-000073,0631028,"-2","CS","32 OZ","STNFLD","YGRT,OG,FF,FRENCH VAN",".00",,"2.778","-33.34",".00","2.778",54835,"","-2",0,"N","N",".00","","",54835,63102,8748154,8/2/2010,6,
Footer,8748154,C,"0","0","0","0","0","0",".00",".00",".00","-73.05","0",".00","-73.05",".00",".00",".00",".00",".00",8/2/2010,54835,8748154,,,,,,,
