RecType,InvNum,Type,OrderNumber,InvoiceDate,DBA,CustomerNumber,CustomerName,CustAddr1,CustAddr2,City,State,ZipCode,PhoneNumber,Whse,Trip,Terms,D/CFlag,TermsMsg,CorpCustID,CoverSheet,OrdEntryDate,ChainCode,ApplyTo#,PO#,,,,,,
Header,8601129,A,8601129,7/9/2010,1,54835,"WHOLE FDS COOP-DULUTH","610 EAST 4TH STREET","","DULUTH","MN","558050000","218-728-0884",8,"000",0,2,"",54835,3774437,7/9/2010,"CMW",8612018,"",,,,,,
RecType,InvNum,Type,UPC,ProductID,QuantityShipped,Unit,Size,Brand,Description,RegularSRP,Status,NetPricePerUnit,ExtendedPrice,SaleSRP,RegPricePerUnit,CustomerID,PriceOrigin,QuantityOrdered,Taxable,LB flag,CW flag,CW2,CNF_RegSRP,CNF_SpcSRP,CorpCustID,CorpProdID,OrderNumber,InvoiceDate,Servings,
Detail,8601129,B,725342-290536,0106294,"-1","CS","28 OZ","MUIR","TOMATO,OG,DICED,FIRE RST",".00",,"2.093","-25.12",".00","2.093",54835,"","-1",0,"N","N",".00","","",54835,10629,8601129,7/9/2010,12,
Detail,8601129,B,070617-001301,0134007,"-1","CS","9 OZ","BARB","WHEATINES,OG,SALTED TOPS",".00",,"1.875","-22.50",".00","1.875",54835,"","-1",0,"N","N",".00","","",54835,13400,8601129,7/9/2010,12,
Footer,8601129,C,"0","0","0","0","0","0",".00",".00",".00","-47.62","0",".00","-47.62",".00",".00",".00",".00",".00",7/9/2010,54835,8601129,,,,,,,
