RecType,InvNum,Type,OrderNumber,InvoiceDate,DBA,CustomerNumber,CustomerName,CustAddr1,CustAddr2,City,State,ZipCode,PhoneNumber,Whse,Trip,Terms,D/CFlag,TermsMsg,CorpCustID,CoverSheet,OrdEntryDate,ChainCode,ApplyTo#,PO#,,,,,,
Header,8600654,A,8600654,7/9/2010,1,54835,"WHOLE FDS COOP-DULUTH","610 EAST 4TH STREET","","DULUTH","MN","558050000","218-728-0884",8,"000",0,2,"",54835,3774437,7/9/2010,"CMW",8612018,"",,,,,,
RecType,InvNum,Type,UPC,ProductID,QuantityShipped,Unit,Size,Brand,Description,RegularSRP,Status,NetPricePerUnit,ExtendedPrice,SaleSRP,RegPricePerUnit,CustomerID,PriceOrigin,QuantityOrdered,Taxable,LB flag,CW flag,CW2,CNF_RegSRP,CNF_SpcSRP,CorpCustID,CorpProdID,OrderNumber,InvoiceDate,Servings,
Detail,8600654,B,073416-020016,0453589,"-1","CS","5.5 OZ","LUNDBG","RISOTTO,CREAMY PARMESAN",".00",,"1.594","-19.13",".00","1.594",54835,"","-1",0,"N","N",".00","","",54835,45358,8600654,7/9/2010,12,
Detail,8600654,B,073416-090101,0600403,"-1","CS","1 LB","LUNDBG","BR RICE BLEND,COUNTRYWILD",".00",,".000",".00",".00",".000",54835,"","-1",0,"N","N",".00","","",54835,60040,8600654,7/9/2010,12,
RecType,InvNum,Type,NumGroceryItems,NumRefrigItems,NumRepackItems,NumFrozenItems,TotalPcs,TotalWt,TotalCubes,NonSpecial,Special,GrossTotal,VolDiscnt,Discount,NetTotal,TotalRetail,Deposits,Adjustments,ProfitAmnt,Profit%,InvDate,CorpCustID,OrderNumber,,,,,,,
Footer,8600654,C,"0","0","0","0","0","0",".00",".00",".00","-19.13","0",".00","-19.13",".00",".00",".00",".00",".00",7/9/2010,54835,8600654,,,,,,,
