RecType,InvNum,Type,OrderNumber,InvoiceDate,DBA,CustomerNumber,CustomerName,CustAddr1,CustAddr2,City,State,ZipCode,PhoneNumber,Whse,Trip,Terms,D/CFlag,TermsMsg,CorpCustID,CoverSheet,OrdEntryDate,ChainCode,ApplyTo#,PO#,,,,,,
Header,8197337,A,8197337,5/7/2010,1,54835,"WHOLE FOODS COMMUNITY COO","610 EAST 4TH STREET","","DULUTH","MN","558050000","218-728-0884",8,"000",0,2,"",54835,3608993,5/7/2010,"CMW",8207039,"",,,,,,
RecType,InvNum,Type,UPC,ProductID,QuantityShipped,Unit,Size,Brand,Description,RegularSRP,Status,NetPricePerUnit,ExtendedPrice,SaleSRP,RegPricePerUnit,CustomerID,PriceOrigin,QuantityOrdered,Taxable,LB flag,CW flag,CW2,CNF_RegSRP,CNF_SpcSRP,CorpCustID,CorpProdID,OrderNumber,InvoiceDate,Servings,
Detail,8197337,B,074682-114621,0215343,"-1","CS","4/10.5OZ","KNDSN","SPRITZER,RED RASPBERRY",".00",,"2.437","-14.62",".00","2.437",54835,"","-1",0,"N","N",".00","","",54835,21534,8197337,5/7/2010,6,
Detail,8197337,B,076950-450257,0355271,"-1","CS","16 BAG","YOGI","TEA,OG,GINKGO CLARITY",".00",,"2.768","-16.61",".00","2.768",54835,"","-1",0,"N","N",".00","","",54835,35527,8197337,5/7/2010,6,
Detail,8197337,B,088194-310204,0391714,"-1","CS","32 OZ","BCWEST","LF YOGURT,VANILLA",".00",,".000",".00",".00",".000",54835,"","-1",0,"N","N",".00","","",54835,39171,8197337,5/7/2010,6,
Detail,8197337,B,070617-002858,0411322,"-1","CS","11 OZ","BARB","RITE LITE ROUNDS,OG,LF",".00",,"2.320","-27.84",".00","2.320",54835,"","-1",0,"N","N",".00","","",54835,41132,8197337,5/7/2010,12,
Detail,8197337,B,790555-011551,0555755,"-2","CS","14.5 OZ","IMAGIN","SOUP,OG,CNTRY SPLIT PEA",".00",,".000",".00",".00",".000",54835,"","-2",0,"N","N",".00","","",54835,55575,8197337,5/7/2010,12,
Detail,8197337,B,073491-303004,0583211,"-1","CS","4/4 OZ","KOZY","PUDDING,CHOCOLATE",".00",,"1.486","-17.83",".00","1.486",54835,"","-1",0,"N","N",".00","","",54835,58321,8197337,5/7/2010,12,
Detail,8197337,B,076950-450134,0951707,"-1","CS","16 BAG","YOGI","TEA,GREEN,MUSCLE RECOVERY",".00",,".000",".00",".00",".000",54835,"","-1",0,"N","N",".00","","",54835,95170,8197337,5/7/2010,6,
Footer,8197337,C,"0","0","0","0","0","0",".00",".00",".00","-76.90","0",".00","-76.90",".00",".00",".00",".00",".00",5/7/2010,54835,8197337,,,,,,,
