RecType,InvNum,Type,OrderNumber,InvoiceDate,DBA,CustomerNumber,CustomerName,CustAddr1,CustAddr2,City,State,ZipCode,PhoneNumber,Whse,Trip,Terms,D/CFlag,TermsMsg,CorpCustID,CoverSheet,OrdEntryDate,ChainCode,ApplyTo#,PO#,,,,,,
Header,9023354,A,7438340,9/11/2010,1,54835,"WHOLE FDS COOP-DULUTH","610 EAST 4TH STREET","","DULUTH","MN","558050000","218-728-0884",8,"642",7,0,"NET 21 DAYS",54835,3940039,9/10/2010,"CMW",0,"LN2526875-05",,,,,,
RecType,InvNum,Type,UPC,ProductID,QuantityShipped,Unit,Size,Brand,Description,RegularSRP,Status,NetPricePerUnit,ExtendedPrice,SaleSRP,RegPricePerUnit,CustomerID,PriceOrigin,QuantityOrdered,Taxable,LB flag,CW flag,CW2,CNF_RegSRP,CNF_SpcSRP,CorpCustID,CorpProdID,OrderNumber,InvoiceDate,Servings,
Detail,9023354,B,088194-340096,0391771,"1","CS","6 OZ","BCWEST","WHL MLK YGRT,CHRY VANILLA","1.09",,".525","6.30","1.09",".648",54835,"PRO 20","1",0,"N","N",".00","","",54835,39177,7438340,9/11/2010,12,
Detail,9023354,B,088194-340027,0391995,"1","CS","6 OZ","BCWEST","WHL MLK YGRT,VANILLA","1.09",,".525","6.30","1.09",".648",54835,"PRO 20","1",0,"N","N",".00","","",54835,39199,7438340,9/11/2010,12,
Detail,9023354,B,043454-400101,0373985,"3","CS","14 OZ","LTLIFE","GIMME LEAN,SAUSAGE STYLE","4.45",,"2.634","94.83",".00","2.634",54835,"","3",0,"N","N",".00","","",54835,37398,7438340,9/11/2010,12,
Detail,9023354,B,043454-100100,0454603,"1","CS","12 OZ","LTLIFE","TOFU PUPS","4.25",,"2.182","26.18","4.25","2.513",54835,"M 15","1",0,"N","N",".00","","",54835,45460,7438340,9/11/2010,12,
Detail,9023354,B,043192-201022,0681205,"1","CS","32 OZ","NANCYS","KEFIR,OG,LF,BLUEBERRY","4.45",,"2.633","15.80",".00","2.633",54835,"","1",0,"N","N",".00","","",54835,68120,7438340,9/11/2010,6,
Detail,9023354,B,043192-201046,0689331,"1","CS","32 OZ","NANCYS","KEFIR,OG,LF,PEACH","4.45",,"2.633","15.80",".00","2.633",54835,"","1",0,"N","N",".00","","",54835,68933,7438340,9/11/2010,6,
Detail,9023354,B,043192-201077,0689315,"1","CS","32 OZ","NANCYS","KEFIR,OG,LF,PLAIN","4.45",,"2.633","15.80",".00","2.633",54835,"","1",0,"N","N",".00","","",54835,68931,7438340,9/11/2010,6,
Detail,9023354,B,043192-201053,0689349,"1","CS","32 OZ","NANCYS","KEFIR,OG,LF,RASPBERRY","4.45",,"2.633","15.80",".00","2.633",54835,"","1",0,"N","N",".00","","",54835,68934,7438340,9/11/2010,6,
Detail,9023354,B,043192-201060,0893461,"1","CS","32 OZ","NANCYS","KEFIR,OG,LF,STRAWBERRY","4.45",,"2.633","15.80",".00","2.633",54835,"","1",0,"N","N",".00","","",54835,89346,7438340,9/11/2010,6,
Detail,9023354,B,060822-003078,0453258,"3","CS","5.5 OZ","YVES","VEGGIE DELI SLICES,HAM","2.85",,"1.699","40.77",".00","1.699",54835,"","3",0,"N","N",".00","","",54835,45325,7438340,9/11/2010,8,
Detail,9023354,B,035302-002162,0504175,"0","CS","12 OZ","SOYDLI","TOFU,OG,FIRM NIGARI,LF",".00",OUT,".000",".00",".00",".000",54835,"","2",0,"N","N",".00","","",54835,50417,7438340,9/11/2010,6,
RecType,InvNum,Type,NumGroceryItems,NumRefrigItems,NumRepackItems,NumFrozenItems,TotalPcs,TotalWt,TotalCubes,NonSpecial,Special,GrossTotal,VolDiscnt,Discount,NetTotal,TotalRetail,Deposits,Adjustments,ProfitAmnt,Profit%,InvDate,CorpCustID,OrderNumber,,,,,,,
Footer,9023354,C,"0","14","0","0","14","135",".34","214.60","38.78","253.38","0",".00","253.38","439.26",".00",".00",".00",".00",9/11/2010,54835,7438340,,,,,,,
