RecType,InvNum,Type,OrderNumber,InvoiceDate,DBA,CustomerNumber,CustomerName,CustAddr1,CustAddr2,City,State,ZipCode,PhoneNumber,Whse,Trip,Terms,D/CFlag,TermsMsg,CorpCustID,CoverSheet,OrdEntryDate,ChainCode,ApplyTo#,PO#,,,,,,
Header,9023363,A,7438507,9/11/2010,1,54835,"WHOLE FDS COOP-DULUTH","610 EAST 4TH STREET","","DULUTH","MN","558050000","218-728-0884",8,"642",7,0,"NET 21 DAYS",54835,3940039,9/10/2010,"CMW",0,"LN2526899-10",,,,,,
RecType,InvNum,Type,UPC,ProductID,QuantityShipped,Unit,Size,Brand,Description,RegularSRP,Status,NetPricePerUnit,ExtendedPrice,SaleSRP,RegPricePerUnit,CustomerID,PriceOrigin,QuantityOrdered,Taxable,LB flag,CW flag,CW2,CNF_RegSRP,CNF_SpcSRP,CorpCustID,CorpProdID,OrderNumber,InvoiceDate,Servings,
Detail,9023363,B,770009-050046,0714394,"6","EA","2 SQ YDS","IFYC","CHEESECLOTH","2.75",,"1.610","9.66",".00","1.610",54835,"","6",0,"N","N",".00","","",54835,71439,7438507,9/11/2010,1,
Detail,9023363,B,770009-050015,0808758,"3","EA","200 FT","IFYC","COOKING TWINE,NATURAL","2.65",,"1.540","4.62",".00","1.540",54835,"","3",0,"N","N",".00","","",54835,80875,7438507,9/11/2010,1,
Detail,9023363,B,026938-899806,0899807,"1","","EA","","TOTES CHARGE",".00",,".000",".00",".00",".000",54835,"NO CHG","1",0,"","",".00","N","",54835,89980,7438507,9/11/2010,1,
RecType,InvNum,Type,NumGroceryItems,NumRefrigItems,NumRepackItems,NumFrozenItems,TotalPcs,TotalWt,TotalCubes,NonSpecial,Special,GrossTotal,VolDiscnt,Discount,NetTotal,TotalRetail,Deposits,Adjustments,ProfitAmnt,Profit%,InvDate,CorpCustID,OrderNumber,,,,,,,
Footer,9023363,C,"0","0","1","0","1","8",".16","14.28",".00","14.28","0",".00","14.28","24.45",".00",".00",".00",".00",9/11/2010,54835,7438507,,,,,,,
