RecType,InvNum,Type,OrderNumber,InvoiceDate,DBA,CustomerNumber,CustomerName,CustAddr1,CustAddr2,City,State,ZipCode,PhoneNumber,Whse,Trip,Terms,D/CFlag,TermsMsg,CorpCustID,CoverSheet,OrdEntryDate,ChainCode,ApplyTo#,PO#,,,,,,
Header,9023351,A,7438087,9/11/2010,1,54835,"WHOLE FDS COOP-DULUTH","610 EAST 4TH STREET","","DULUTH","MN","558050000","218-728-0884",8,"642",7,0,"NET 21 DAYS",54835,3940039,9/10/2010,"CMW",0,"LN2526849-03",,,,,,
RecType,InvNum,Type,UPC,ProductID,QuantityShipped,Unit,Size,Brand,Description,RegularSRP,Status,NetPricePerUnit,ExtendedPrice,SaleSRP,RegPricePerUnit,CustomerID,PriceOrigin,QuantityOrdered,Taxable,LB flag,CW flag,CW2,CNF_RegSRP,CNF_SpcSRP,CorpCustID,CorpProdID,OrderNumber,InvoiceDate,Servings,
Detail,9023351,B,031493-060851,0821934,"1","CS","12 OZ","RUDI'S","ENG MUFFIN,OG,MULTIGRAIN","3.95",,"1.819","14.55","3.95","2.285",54835,"PRO 20","1",0,"N","N",".00","","",54835,82193,7438087,9/11/2010,8,
Detail,9023351,B,031493-061056,0821959,"1","CS","12 OZ","RUDI'S","ENG MUFFIN,OG,SPELT","3.95",,"1.819","14.55","3.95","2.285",54835,"PRO 20","1",0,"N","N",".00","","",54835,82195,7438087,9/11/2010,8,
Detail,9023351,B,031493-060653,0821918,"1","CS","12 OZ","RUDI'S","ENG MUFFIN,OG,WHEAT","3.95",,"1.819","14.55","3.95","2.285",54835,"PRO 20","1",0,"N","N",".00","","",54835,82191,7438087,9/11/2010,8,
Detail,9023351,B,031493-021609,0775759,"2","CS","22 OZ","RUDI'S","BRD,OG,100% WHOLE WHEAT","4.65",,"2.678","42.84",".00","2.678",54835,"","2",0,"N","N",".00","","",54835,77575,7438087,9/11/2010,8,
Detail,9023351,B,031493-921831,0733147,"1","CS","24 OZ","RUDI'S","BRD,OG,CINNAMON RAISIN","4.85",,"2.798","33.58",".00","2.798",54835,"","1",0,"N","N",".00","","",54835,73314,7438087,9/11/2010,12,
Detail,9023351,B,031493-242424,0940387,"3","CS","22 OZ","RUDI'S","BRD,OG,HONEY SWT WHL WHT","4.65",,"2.678","64.26",".00","2.678",54835,"","3",0,"N","N",".00","","",54835,94038,7438087,9/11/2010,8,
Detail,9023351,B,031493-828888,0940338,"2","CS","22 OZ","RUDI'S","BRD,OG,OAT,MULTIGRAIN","4.65",,"2.678","42.84",".00","2.678",54835,"","2",0,"N","N",".00","","",54835,94033,7438087,9/11/2010,8,
Detail,9023351,B,031493-804899,0845420,"1","CS","22 OZ","RUDI'S","BRD,OG,RYE,JEWISH LIGHT","4.65",,"2.678","21.42",".00","2.678",54835,"","1",0,"N","N",".00","","",54835,84542,7438087,9/11/2010,8,
Detail,9023351,B,031493-317511,0940270,"1","CS","22 OZ","RUDI'S","BRD,OG,SOURDGH,ROCKY MTN","4.65",,"2.678","21.42",".00","2.678",54835,"","1",0,"N","N",".00","","",54835,94027,7438087,9/11/2010,8,
Detail,9023351,B,031493-071208,0342543,"1","CS","20 OZ","RUDI'S","BRD,OG,SPELT,ANCNT GRAIN","5.59",,"3.246","25.97",".00","3.246",54835,"","1",0,"N","N",".00","","",54835,34254,7438087,9/11/2010,8,
Detail,9023351,B,031493-023405,0723213,"1","CS","20 OZ","RUDI'S","BRD,OG,14 GRAIN","4.65",,"2.678","21.42",".00","2.678",54835,"","1",0,"N","N",".00","","",54835,72321,7438087,9/11/2010,8,
Detail,9023351,B,031493-023207,0543553,"1","CS","20 OZ","RUDI'S","BRD,OG,7 GRAIN & FLAX","4.65",,"2.678","21.42",".00","2.678",54835,"","1",0,"N","N",".00","","",54835,54355,7438087,9/11/2010,8,
RecType,InvNum,Type,NumGroceryItems,NumRefrigItems,NumRepackItems,NumFrozenItems,TotalPcs,TotalWt,TotalCubes,NonSpecial,Special,GrossTotal,VolDiscnt,Discount,NetTotal,TotalRetail,Deposits,Adjustments,ProfitAmnt,Profit%,InvDate,CorpCustID,OrderNumber,,,,,,,
Footer,9023351,C,"0","0","0","16","16","183","1.37","295.17","43.65","338.82","0",".00","338.82","606.92",".00",".00",".00",".00",9/11/2010,54835,7438087,,,,,,,
