RecType,InvNum,Type,OrderNumber,InvoiceDate,DBA,CustomerNumber,CustomerName,CustAddr1,CustAddr2,City,State,ZipCode,PhoneNumber,Whse,Trip,Terms,D/CFlag,TermsMsg,CorpCustID,CoverSheet,OrdEntryDate,ChainCode,ApplyTo#,PO#,,,,,,
Header,9023352,A,7438337,9/11/2010,1,54835,"WHOLE FDS COOP-DULUTH","610 EAST 4TH STREET","","DULUTH","MN","558050000","218-728-0884",8,"642",7,0,"NET 21 DAYS",54835,3940039,9/10/2010,"CMW",0,"LN2526875-03",,,,,,
RecType,InvNum,Type,UPC,ProductID,QuantityShipped,Unit,Size,Brand,Description,RegularSRP,Status,NetPricePerUnit,ExtendedPrice,SaleSRP,RegPricePerUnit,CustomerID,PriceOrigin,QuantityOrdered,Taxable,LB flag,CW flag,CW2,CNF_RegSRP,CNF_SpcSRP,CorpCustID,CorpProdID,OrderNumber,InvoiceDate,Servings,
Detail,9023352,B,093966-130003,0187286,"1","CS","16 OZ","OGVAL","BUTTER,OG,N/S,CULT,STICKS","7.09",,"4.219","63.28",".00","4.219",54835,"","1",0,"N","N",".00","","",54835,18728,7438337,9/11/2010,15,
Detail,9023352,B,093966-330007,0213645,"1","CS","16 OZ","OGVAL","BUTTER,OG,SLTD,STICKS","7.09",,"4.219","63.28",".00","4.219",54835,"","1",0,"N","N",".00","","",54835,21364,7438337,9/11/2010,15,
Detail,9023352,B,015700-227206,0500058,"1","LB","1#","PLUGRA","BUTTER,EUROPEAN STYLE","4.65",,"2.749","98.98",".00","2.749",54835,"","1",0,"N","N",".00","","",54835,50005,7438337,9/11/2010,36,
RecType,InvNum,Type,NumGroceryItems,NumRefrigItems,NumRepackItems,NumFrozenItems,TotalPcs,TotalWt,TotalCubes,NonSpecial,Special,GrossTotal,VolDiscnt,Discount,NetTotal,TotalRetail,Deposits,Adjustments,ProfitAmnt,Profit%,InvDate,CorpCustID,OrderNumber,,,,,,,
Footer,9023352,C,"0","3","0","0","3","67",".15","225.54",".00","225.54","0",".00","225.54","380.10",".00",".00",".00",".00",9/11/2010,54835,7438337,,,,,,,
