RecType,InvNum,Type,OrderNumber,InvoiceDate,DBA,CustomerNumber,CustomerName,CustAddr1,CustAddr2,City,State,ZipCode,PhoneNumber,Whse,Trip,Terms,D/CFlag,TermsMsg,CorpCustID,CoverSheet,OrdEntryDate,ChainCode,ApplyTo#,PO#,,,,,,
Header,9023357,A,7438344,9/11/2010,1,54835,"WHOLE FDS COOP-DULUTH","610 EAST 4TH STREET","","DULUTH","MN","558050000","218-728-0884",8,"642",7,0,"NET 21 DAYS",54835,3940039,9/10/2010,"CMW",0,"LN2526875-10",,,,,,
RecType,InvNum,Type,UPC,ProductID,QuantityShipped,Unit,Size,Brand,Description,RegularSRP,Status,NetPricePerUnit,ExtendedPrice,SaleSRP,RegPricePerUnit,CustomerID,PriceOrigin,QuantityOrdered,Taxable,LB flag,CW flag,CW2,CNF_RegSRP,CNF_SpcSRP,CorpCustID,CorpProdID,OrderNumber,InvoiceDate,Servings,
Detail,9023357,B,025317-565004,0289074,"1","CS","16 OZ","APLEGT","BURGER,OG,TURKEY","8.69",,"5.054","60.65",".00","5.054",54835,"","1",0,"N","N",".00","","",54835,28907,7438344,9/11/2010,12,
Detail,9023357,B,048481-009815,0273102,"1","CS","12 OZ","SHLTON","TURKEY BREAKFAST SAUSAGE","5.75",,"3.335","20.01",".00","3.335",54835,"","1",0,"N","N",".00","","",54835,27310,7438344,9/11/2010,6,
Detail,9023357,B,048481-009914,0273003,"1","CS","12 OZ","SHLTON","TURKEY FRANKS","3.85",,"2.222","13.33",".00","2.222",54835,"","1",0,"N","N",".00","","",54835,27300,7438344,9/11/2010,6,
RecType,InvNum,Type,NumGroceryItems,NumRefrigItems,NumRepackItems,NumFrozenItems,TotalPcs,TotalWt,TotalCubes,NonSpecial,Special,GrossTotal,VolDiscnt,Discount,NetTotal,TotalRetail,Deposits,Adjustments,ProfitAmnt,Profit%,InvDate,CorpCustID,OrderNumber,,,,,,,
Footer,9023357,C,"0","0","0","3","3","23",".14","93.99",".00","93.99","0",".00","93.99","161.88",".00",".00",".00",".00",9/11/2010,54835,7438344,,,,,,,
