RecType,InvNum,Type,OrderNumber,InvoiceDate,DBA,CustomerNumber,CustomerName,CustAddr1,CustAddr2,City,State,ZipCode,PhoneNumber,Whse,Trip,Terms,D/CFlag,TermsMsg,CorpCustID,CoverSheet,OrdEntryDate,ChainCode,ApplyTo#,PO#,,,,,,
Header,8173945,A,6670895,5/4/2010,1,54835,"WHOLE FOODS COMMUNITY COO","610 EAST 4TH STREET","","DULUTH","MN","558050000","218-728-0884",8,"247",7,0,"NET 21 DAYS",54835,3594502,5/3/2010,"CMW",0,"LN2269512-17",,,,,,
RecType,InvNum,Type,UPC,ProductID,QuantityShipped,Unit,Size,Brand,Description,RegularSRP,Status,NetPricePerUnit,ExtendedPrice,SaleSRP,RegPricePerUnit,CustomerID,PriceOrigin,QuantityOrdered,Taxable,LB flag,CW flag,CW2,CNF_RegSRP,CNF_SpcSRP,CorpCustID,CorpProdID,OrderNumber,InvoiceDate,Servings,
Detail,8173945,B,079858-518470,0473330,"3","CS","#","EAST","PEANUT BUTTER,CRUNCHY","2.59",,"1.452","152.46",".00","1.452",54835,"","3",0,"N","N",".00","","",54835,47333,6670895,5/4/2010,35,
Detail,8173945,B,026938-314620,0314625,"0","EA","#","BULK F","WALNUTS,RAW,HVS,PCS",".00",OUT,".000",".00",".00",".000",54835,"","1",0,"N","N",".00","","",54835,31462,6670895,5/4/2010,5,
RecType,InvNum,Type,NumGroceryItems,NumRefrigItems,NumRepackItems,NumFrozenItems,TotalPcs,TotalWt,TotalCubes,NonSpecial,Special,GrossTotal,VolDiscnt,Discount,NetTotal,TotalRetail,Deposits,Adjustments,ProfitAmnt,Profit%,InvDate,CorpCustID,OrderNumber,,,,,,,
Footer,8173945,C,"3","0","0","0","3","111",".33","152.46",".00","152.46","0",".00","152.46","271.95",".00",".00",".00",".00",5/4/2010,54835,6670895,,,,,,,
