RecType,InvNum,Type,OrderNumber,InvoiceDate,DBA,CustomerNumber,CustomerName,CustAddr1,CustAddr2,City,State,ZipCode,PhoneNumber,Whse,Trip,Terms,D/CFlag,TermsMsg,CorpCustID,CoverSheet,OrdEntryDate,ChainCode,ApplyTo#,PO#,,,,,,
Header,8173952,A,6671512,5/4/2010,1,54835,"WHOLE FOODS COMMUNITY COO","610 EAST 4TH STREET","","DULUTH","MN","558050000","218-728-0884",8,"247",7,0,"NET 21 DAYS",54835,3594502,5/3/2010,"CMW",0,"",,,,,,
RecType,InvNum,Type,UPC,ProductID,QuantityShipped,Unit,Size,Brand,Description,RegularSRP,Status,NetPricePerUnit,ExtendedPrice,SaleSRP,RegPricePerUnit,CustomerID,PriceOrigin,QuantityOrdered,Taxable,LB flag,CW flag,CW2,CNF_RegSRP,CNF_SpcSRP,CorpCustID,CorpProdID,OrderNumber,InvoiceDate,Servings,
Detail,8173952,B,852697-001477,0210898,"1","CS","1 OZ","HAPPY","YGRT MELTS,OG,STRAWBERRY","3.49",,"1.634","13.07","3.49","2.210",54835,"PRO 27","1",0,"N","N",".00","","",54835,21089,6671512,5/4/2010,8,
Footer,8173952,C,"1","0","0","0","1","2",".04",".00","13.07","13.07","0",".00","13.07","27.92",".00",".00",".00",".00",5/4/2010,54835,6671512,,,,,,,
