RecType,InvNum,Type,OrderNumber,InvoiceDate,DBA,CustomerNumber,CustomerName,CustAddr1,CustAddr2,City,State,ZipCode,PhoneNumber,Whse,Trip,Terms,D/CFlag,TermsMsg,CorpCustID,CoverSheet,OrdEntryDate,ChainCode,ApplyTo#,PO#,,,,,,
Header,8173936,A,6670878,5/4/2010,1,54835,"WHOLE FOODS COMMUNITY COO","610 EAST 4TH STREET","","DULUTH","MN","558050000","218-728-0884",8,"247",7,0,"NET 21 DAYS",54835,3594502,5/3/2010,"CMW",0,"LN2269508-02",,,,,,
RecType,InvNum,Type,UPC,ProductID,QuantityShipped,Unit,Size,Brand,Description,RegularSRP,Status,NetPricePerUnit,ExtendedPrice,SaleSRP,RegPricePerUnit,CustomerID,PriceOrigin,QuantityOrdered,Taxable,LB flag,CW flag,CW2,CNF_RegSRP,CNF_SpcSRP,CorpCustID,CorpProdID,OrderNumber,InvoiceDate,Servings,
Detail,8173936,B,026938-462734,0462739,"2","LB","5 #","BRUNKW","CHEDDAR,COLORED","6.49",,"3.400","34.00",".00","3.400",54835,"","2",0,"N","Y","10.00","","",54835,46273,6670878,5/4/2010,1,
Detail,8173936,B,026938-462277,0462275,"1","LB","5 #","BRUNKW","CHEDDAR,YELLOW,MED","6.99",,"3.660","18.30",".00","3.660",54835,"","1",0,"N","Y","5.00","","",54835,46227,6670878,5/4/2010,1,
Detail,8173936,B,026938-462895,0462895,"1","LB","5 #","BRUNKW","CHEDDR,MILD WHITE RM","6.79",,"3.550","17.75",".00","3.550",54835,"","1",0,"N","Y","5.00","","",54835,46289,6670878,5/4/2010,1,
Detail,8173936,B,026938-468514,0468512,"1","CS","1 #","CEDARG","CHEDDAR,OG,MILD WHITE","9.65",,"5.046","40.37",".00","5.046",54835,"","1",0,"N","N",".00","","",54835,46851,6670878,5/4/2010,8,
Detail,8173936,B,026938-468552,0468553,"1","CS","1 #","CEDARG","COLBY,MARBLE rBGH FREE","8.25",,"4.326","34.61",".00","4.326",54835,"","1",0,"N","N",".00","","",54835,46855,6670878,5/4/2010,8,
Detail,8173936,B,049568-520100,0477091,"1","CS","10 OZ","FOLLOW","MOZZARELLA VEGAN CHEESE","5.15",,"2.341","28.09","5.15","2.685",54835,"M 15","1",0,"N","N",".00","","",54835,47709,6670878,5/4/2010,12,
Detail,8173936,B,045296-081319,0260851,"1","CS","8 OZ","LISANT","SOY SHREDDED CHS,CHEDDAR","4.35",,"2.275","27.30",".00","2.275",54835,"","1",0,"N","N",".00","","",54835,26085,6670878,5/4/2010,12,
Detail,8173936,B,093966-472080,0598284,"1","CS","6 OZ","OGVAL","4-CHS ITAL BLND,OG,SHRED","5.69",,"2.555","30.66","5.69","2.979",54835,"PRO 13","1",0,"N","N",".00","","",54835,59828,6670878,5/4/2010,12,
Detail,8173936,B,093966-002270,0728840,"1","CS","6 OZ","OGVAL","MEXICAN CHEESE,OG,SHRED","5.69",,"2.555","30.66","5.69","2.979",54835,"PRO 13","1",0,"N","N",".00","","",54835,72884,6670878,5/4/2010,12,
Detail,8173936,B,093966-412109,0598060,"1","CS","6 OZ","OGVAL","MILD CHEDDAR,OG,SHRED","5.69",,"2.555","30.66","5.69","2.979",54835,"PRO 13","1",0,"N","N",".00","","",54835,59806,6670878,5/4/2010,12,
Detail,8173936,B,093966-452709,0598086,"1","CS","6 OZ","OGVAL","MOZZ,OG,SHRED,PART SKIM","5.69",,"2.555","30.66","5.69","2.979",54835,"PRO 13","1",0,"N","N",".00","","",54835,59808,6670878,5/4/2010,12,
Detail,8173936,B,093966-000054,0602441,"2","CS","1 OZ","OGVAL","STRINGLES,OG",".85",,".443","21.26",".00",".443",54835,"","2",0,"N","N",".00","","",54835,60244,6670878,5/4/2010,24,
Detail,8173936,B,020188-050253,0327270,"1","CS","8 OZ","TOFUTI","BTR THN CRM CHESE,NON-HYD","3.85",,"1.494","17.93","3.85","1.993",54835,"PRO 25","1",0,"N","N",".00","","",54835,32727,6670878,5/4/2010,12,
Detail,8173936,B,077172-480022,0947762,"1","CS","8 OZ","WHVALY","CHEESE FOOD SLCS,OG,MOZZ","5.29",,"2.769","33.23",".00","2.769",54835,"","1",0,"N","N",".00","","",54835,94776,6670878,5/4/2010,12,
RecType,InvNum,Type,NumGroceryItems,NumRefrigItems,NumRepackItems,NumFrozenItems,TotalPcs,TotalWt,TotalCubes,NonSpecial,Special,GrossTotal,VolDiscnt,Discount,NetTotal,TotalRetail,Deposits,Adjustments,ProfitAmnt,Profit%,InvDate,CorpCustID,OrderNumber,,,,,,,
Footer,8173936,C,"0","16","0","0","16","89",".34","226.82","168.66","395.48","0",".00","395.48","814.60",".00",".00",".00",".00",5/4/2010,54835,6670878,,,,,,,
