RecType,InvNum,Type,OrderNumber,InvoiceDate,DBA,CustomerNumber,CustomerName,CustAddr1,CustAddr2,City,State,ZipCode,PhoneNumber,Whse,Trip,Terms,D/CFlag,TermsMsg,CorpCustID,CoverSheet,OrdEntryDate,ChainCode,ApplyTo#,PO#,,,,,,
Header,8173949,A,6671258,5/4/2010,1,54835,"WHOLE FOODS COMMUNITY COO","610 EAST 4TH STREET","","DULUTH","MN","558050000","218-728-0884",8,"247",7,0,"NET 21 DAYS",54835,3594502,5/3/2010,"CMW",0,"LN2269549-09",,,,,,
RecType,InvNum,Type,UPC,ProductID,QuantityShipped,Unit,Size,Brand,Description,RegularSRP,Status,NetPricePerUnit,ExtendedPrice,SaleSRP,RegPricePerUnit,CustomerID,PriceOrigin,QuantityOrdered,Taxable,LB flag,CW flag,CW2,CNF_RegSRP,CNF_SpcSRP,CorpCustID,CorpProdID,OrderNumber,InvoiceDate,Servings,
Detail,8173949,B,035883-005040,0926543,"1","CS","14 OZ","PETGRD","CAT,CHICKEN & WHEAT GERM","2.55",,"1.310","15.72","2.55","1.517",54835,"M 16","1",0,"N","N",".00","","",54835,92654,6671258,5/4/2010,12,
Detail,8173949,B,035883-008072,0710202,"1","EA","160 WAF","PETGRD","YEAST & GARLIC WAFERS","7.55",,"4.120","4.12","7.55","4.520",54835,"M 10","1",0,"N","N",".00","","",54835,71020,6671258,5/4/2010,1,
Detail,8173949,B,732913-137206,0332478,"1","CS","120 CT","SEVNTH","PAPER TOWELS,NATURAL","2.99",,"1.772","53.16",".00","1.772",54835,"","1",0,"N","N",".00","","",54835,33247,6671258,5/4/2010,30,
Detail,8173949,B,026938-899806,0899807,"1","","EA","","TOTES CHARGE",".00",,".000",".00",".00",".000",54835,"NO CHG","1",0,"","",".00","N","",54835,89980,6671258,5/4/2010,1,
RecType,InvNum,Type,NumGroceryItems,NumRefrigItems,NumRepackItems,NumFrozenItems,TotalPcs,TotalWt,TotalCubes,NonSpecial,Special,GrossTotal,VolDiscnt,Discount,NetTotal,TotalRetail,Deposits,Adjustments,ProfitAmnt,Profit%,InvDate,CorpCustID,OrderNumber,,,,,,,
Footer,8173949,C,"2","0","1","0","3","47",".58","53.16","19.84","73.00","0",".00","73.00","127.85",".00",".00",".00",".00",5/4/2010,54835,6671258,,,,,,,
