RecType,InvNum,Type,OrderNumber,InvoiceDate,DBA,CustomerNumber,CustomerName,CustAddr1,CustAddr2,City,State,ZipCode,PhoneNumber,Whse,Trip,Terms,D/CFlag,TermsMsg,CorpCustID,CoverSheet,OrdEntryDate,ChainCode,ApplyTo#,PO#,,,,,,
Header,8990442,A,7403427,9/7/2010,1,54835,"WHOLE FDS COOP-DULUTH","610 EAST 4TH STREET","","DULUTH","MN","558050000","218-728-0884",8,"247",7,0,"NET 21 DAYS",54835,3926279,9/3/2010,"CMW",0,"LN2515896-04",,,,,,
RecType,InvNum,Type,UPC,ProductID,QuantityShipped,Unit,Size,Brand,Description,RegularSRP,Status,NetPricePerUnit,ExtendedPrice,SaleSRP,RegPricePerUnit,CustomerID,PriceOrigin,QuantityOrdered,Taxable,LB flag,CW flag,CW2,CNF_RegSRP,CNF_SpcSRP,CorpCustID,CorpProdID,OrderNumber,InvoiceDate,Servings,
Detail,8990442,B,895543-001023,0100636,"5","CS","6 CT","SNOMAW","WRAPS,OG,FLOUR W/EVOO","5.05",,"2.918","175.05",".00","2.918",54835,"","5",0,"N","N",".00","","",54835,10063,7403427,9/7/2010,12,
Detail,8990442,B,074873-253214,0190942,"1","CS","25 OZ","WBRAE","BEANS,OG,BLACK,FF","2.85",,"1.607","19.28",".00","1.607",54835,"","1",0,"N","N",".00","","",54835,19094,7403427,9/7/2010,12,
RecType,InvNum,Type,NumGroceryItems,NumRefrigItems,NumRepackItems,NumFrozenItems,TotalPcs,TotalWt,TotalCubes,NonSpecial,Special,GrossTotal,VolDiscnt,Discount,NetTotal,TotalRetail,Deposits,Adjustments,ProfitAmnt,Profit%,InvDate,CorpCustID,OrderNumber,,,,,,,
Footer,8990442,C,"1","0","0","5","6","81",".27","194.33",".00","194.33","0",".00","194.33","337.20",".00",".00",".00",".00",9/7/2010,54835,7403427,,,,,,,
