RecType,InvNum,Type,OrderNumber,InvoiceDate,DBA,CustomerNumber,CustomerName,CustAddr1,CustAddr2,City,State,ZipCode,PhoneNumber,Whse,Trip,Terms,D/CFlag,TermsMsg,CorpCustID,CoverSheet,OrdEntryDate,ChainCode,ApplyTo#,PO#,,,,,,
Header,8990441,A,7403426,9/7/2010,1,54835,"WHOLE FDS COOP-DULUTH","610 EAST 4TH STREET","","DULUTH","MN","558050000","218-728-0884",8,"247",7,0,"NET 21 DAYS",54835,3926279,9/3/2010,"CMW",0,"LN2515896-03",,,,,,
RecType,InvNum,Type,UPC,ProductID,QuantityShipped,Unit,Size,Brand,Description,RegularSRP,Status,NetPricePerUnit,ExtendedPrice,SaleSRP,RegPricePerUnit,CustomerID,PriceOrigin,QuantityOrdered,Taxable,LB flag,CW flag,CW2,CNF_RegSRP,CNF_SpcSRP,CorpCustID,CorpProdID,OrderNumber,InvoiceDate,Servings,
Detail,8990441,B,026938-462734,0462739,"1","LB","5 #","BRUNKW","CHEDDAR,COLORED","6.49",,"3.360","17.14",".00","3.360",54835,"","1",0,"N","Y","5.10","","",54835,46273,7403426,9/7/2010,1,
Detail,8990441,B,026938-463014,0463018,"1","LB","5 #","BRUNKW","MONTEREY JACK RM","6.69",,"3.460","17.30",".00","3.460",54835,"","1",0,"N","Y","5.00","","",54835,46301,7403426,9/7/2010,1,
Detail,8990441,B,026938-462437,0462432,"1","LB","5 #","BRUNKW","PEPPER JACK,JALAPENO","6.65",,"3.440","17.27",".00","3.440",54835,"","1",0,"N","Y","5.02","","",54835,46243,7403426,9/7/2010,1,
Detail,8990441,B,026938-468491,0468496,"1","CS","1 #","CEDARG","CHEDDAR,MLD,rBGH FREE,YEL","8.25",,"4.270","34.16",".00","4.270",54835,"","1",0,"N","N",".00","","",54835,46849,7403426,9/7/2010,8,
Detail,8990441,B,026938-468514,0468512,"1","CS","1 #","CEDARG","CHEDDAR,OG,MILD WHITE","9.65",,"4.980","39.84",".00","4.980",54835,"","1",0,"N","N",".00","","",54835,46851,7403426,9/7/2010,8,
Detail,8990441,B,093966-211016,0431346,"1","CS","8 OZ","OGVAL","CREAM CHEESE,OG,BARS,PAST","3.95",,"2.022","24.26",".00","2.022",54835,"","1",0,"N","N",".00","","",54835,43134,7403426,9/7/2010,12,
Detail,8990441,B,093966-221015,0431361,"1","CS","8 OZ","OGVAL","NEUFCHATEL,OG,BARS,PAST","3.95",,"2.022","24.26",".00","2.022",54835,"","1",0,"N","N",".00","","",54835,43136,7403426,9/7/2010,12,
Detail,8990441,B,093966-000054,0602441,"1","CS","1 OZ","OGVAL","STRINGLES,OG",".85",,".437","10.49",".00",".437",54835,"","1",0,"N","N",".00","","",54835,60244,7403426,9/7/2010,24,
Detail,8990441,B,093966-002140,0728733,"1","CS","6 OZ","OGVAL","STRINGLES,OG,PART SKIM","6.05",,"2.631","31.57","6.05","3.126",54835,"PRO 15","1",0,"N","N",".00","","",54835,72873,7403426,9/7/2010,12,
Detail,8990441,B,093966-002164,0728782,"1","CS","6 OZ","OGVAL","STRINGLES,OG,PST,CLBY JCK","6.05",,"2.631","31.57","6.05","3.126",54835,"PRO 15","1",0,"N","N",".00","","",54835,72878,7403426,9/7/2010,12,
Detail,8990441,B,026938-505998,0505990,"1","LB","7 #","SWSVAL","SWISS,GRADE A","5.19",,"2.680","14.58",".00","2.680",54835,"","1",0,"N","Y","5.44","","",54835,50599,7403426,9/7/2010,1,
Detail,8990441,B,020188-050253,0327270,"1","CS","8 OZ","TOFUTI","BTR THN CRM CHESE,NON-HYD","3.85",,"1.967","23.60",".00","1.967",54835,"","1",0,"N","N",".00","","",54835,32727,7403426,9/7/2010,12,
RecType,InvNum,Type,NumGroceryItems,NumRefrigItems,NumRepackItems,NumFrozenItems,TotalPcs,TotalWt,TotalCubes,NonSpecial,Special,GrossTotal,VolDiscnt,Discount,NetTotal,TotalRetail,Deposits,Adjustments,ProfitAmnt,Profit%,InvDate,CorpCustID,OrderNumber,,,,,,,
Footer,8990441,C,"0","12","0","0","12","69",".18","222.90","63.14","286.04","0",".00","286.04","577.96",".00",".00",".00",".00",9/7/2010,54835,7403426,,,,,,,
