RecType,InvNum,Type,OrderNumber,InvoiceDate,DBA,CustomerNumber,CustomerName,CustAddr1,CustAddr2,City,State,ZipCode,PhoneNumber,Whse,Trip,Terms,D/CFlag,TermsMsg,CorpCustID,CoverSheet,OrdEntryDate,ChainCode,ApplyTo#,PO#,,,,,,
Header,8990449,A,7408618,9/7/2010,1,54835,"WHOLE FDS COOP-DULUTH","610 EAST 4TH STREET","","DULUTH","MN","558050000","218-728-0884",8,"247",7,0,"NET 21 DAYS",54835,3926279,9/5/2010,"CMW",0,"LN2517732-08",,,,,,
RecType,InvNum,Type,UPC,ProductID,QuantityShipped,Unit,Size,Brand,Description,RegularSRP,Status,NetPricePerUnit,ExtendedPrice,SaleSRP,RegPricePerUnit,CustomerID,PriceOrigin,QuantityOrdered,Taxable,LB flag,CW flag,CW2,CNF_RegSRP,CNF_SpcSRP,CorpCustID,CorpProdID,OrderNumber,InvoiceDate,Servings,
Detail,8990449,B,722252-105318,0758656,"1","CS","1.59 OZ","CLIF","MOJO BAR,OG,MIXED NUTS","1.59",,".697","8.36","1.59",".885",54835,"PRO 21","1",0,"N","N",".00","","",54835,75865,7408618,9/7/2010,12,
Detail,8990449,B,042563-600891,0580084,"1","CS","15.25 OZ","FIELDY","CORN,OG,WHOLE KERNEL","1.85",,"1.007","12.08",".00","1.019",54835,"PRO  0","1",0,"N","N",".00","","",54835,58008,7408618,9/7/2010,12,
Detail,8990449,B,734027-905054,0200857,"1","CS","3 OZ","GINGRP","GINGINS,HARD CANDY,BAG","2.15",,"1.200","28.79",".00","1.200",54835,"","1",0,"N","N",".00","","",54835,20085,7408618,9/7/2010,24,
Detail,8990449,B,048481-011115,0253740,"1","CS","15 OZ","SHLTON","CHILI,CHICKEN,MILD,W/BN","3.89",,"2.209","26.51",".00","2.209",54835,"","1",0,"N","N",".00","","",54835,25374,7408618,9/7/2010,12,
Detail,8990449,B,026938-899806,0899807,"1","","EA","","TOTES CHARGE",".00",,".000",".00",".00",".000",54835,"NO CHG","1",0,"","",".00","N","",54835,89980,7408618,9/7/2010,1,
Detail,8990449,B,852697-001316,0208793,"0","CS","4.22 OZ","HAPPYT","BABY FD,OG,BAN,PCH,COC,PR",".00",OUT,".000",".00",".00",".000",54835,"","1",0,"N","N",".00","","",54835,20879,7408618,9/7/2010,16,
RecType,InvNum,Type,NumGroceryItems,NumRefrigItems,NumRepackItems,NumFrozenItems,TotalPcs,TotalWt,TotalCubes,NonSpecial,Special,GrossTotal,VolDiscnt,Discount,NetTotal,TotalRetail,Deposits,Adjustments,ProfitAmnt,Profit%,InvDate,CorpCustID,OrderNumber,,,,,,,
Footer,8990449,C,"3","0","1","0","4","40",".25","67.38","8.36","75.74","0",".00","75.74","139.56",".00",".00",".00",".00",9/7/2010,54835,7408618,,,,,,,
