RecType,InvNum,Type,OrderNumber,InvoiceDate,DBA,CustomerNumber,CustomerName,CustAddr1,CustAddr2,City,State,ZipCode,PhoneNumber,Whse,Trip,Terms,D/CFlag,TermsMsg,CorpCustID,CoverSheet,OrdEntryDate,ChainCode,ApplyTo#,PO#,,,,,,
Header,8990448,A,7403659,9/7/2010,1,54835,"WHOLE FDS COOP-DULUTH","610 EAST 4TH STREET","","DULUTH","MN","558050000","218-728-0884",8,"247",7,0,"NET 21 DAYS",54835,3926279,9/3/2010,"CMW",0,"LN2515958-21",,,,,,
RecType,InvNum,Type,UPC,ProductID,QuantityShipped,Unit,Size,Brand,Description,RegularSRP,Status,NetPricePerUnit,ExtendedPrice,SaleSRP,RegPricePerUnit,CustomerID,PriceOrigin,QuantityOrdered,Taxable,LB flag,CW flag,CW2,CNF_RegSRP,CNF_SpcSRP,CorpCustID,CorpProdID,OrderNumber,InvoiceDate,Servings,
Detail,8990448,B,089836-027801,0546739,"1","EA","#","FRNTHB","BROTH POWDER,OG,VEG,L/S","24.59",,"8.970","8.97",".00","8.970",54835,"","1",0,"N","N",".00","","",54835,54673,7403659,9/7/2010,1,
Detail,8990448,B,089836-025920,0448514,"1","EA","#","FRNTHB","CUMIN SEED,OG,GROUND","21.35",,"7.790","7.79",".00","7.790",54835,"","1",0,"N","N",".00","","",54835,44851,7403659,9/7/2010,1,
Detail,8990448,B,089836-027221,0448571,"1","EA","#","FRNTHB","GARAM MASALA,OG","29.09",,"10.610","10.61",".00","10.610",54835,"","1",0,"N","N",".00","","",54835,44857,7403659,9/7/2010,1,
Detail,8990448,B,089836-025241,0298331,"1","EA","#","FRNTHB","GARLIC GRANULES,OG","15.65",,"5.700","5.70",".00","5.700",54835,"","1",0,"N","N",".00","","",54835,29833,7403659,9/7/2010,1,
Detail,8990448,B,089836-001764,0397281,"1","EA","#","FRNTHB","PAPRIKA,HUNGARIAN,GROUND","18.55",,"6.760","6.76",".00","6.760",54835,"","1",0,"N","N",".00","","",54835,39728,7403659,9/7/2010,1,
Detail,8990448,B,089836-007148,0478412,"1","EA","#","FRNTHB","PAPRIKA,OG,GROUND","19.25",,"7.010","7.01",".00","7.010",54835,"","1",0,"N","N",".00","","",54835,47841,7403659,9/7/2010,1,
Detail,8990448,B,089836-044068,0520676,"1","EA","#","FRNTHB","SEA SLT,HAWAIN BLK,COARSE","14.65",,"4.610","4.61","14.65","5.340",54835,"M 15","1",0,"N","N",".00","","",54835,52067,7403659,9/7/2010,1,
Detail,8990448,B,089836-044051,0520692,"1","EA","#","FRNTHB","SEA SLT,HAWAIN RED,COARSE","14.65",,"4.610","4.61","14.65","5.340",54835,"M 15","1",0,"N","N",".00","","",54835,52069,7403659,9/7/2010,1,
Detail,8990448,B,026938-899806,0899807,"1","","EA","","TOTES CHARGE",".00",,".000",".00",".00",".000",54835,"NO CHG","1",0,"","",".00","N","",54835,89980,7403659,9/7/2010,1,
Detail,8990448,B,089836-029881,0740407,"0","EA","#","FRNTHB","PAPRIKA,OG,SMOKED",".00",OUT,".000",".00",".00",".000",54835,"","1",0,"N","N",".00","","",54835,74040,7403659,9/7/2010,1,
RecType,InvNum,Type,NumGroceryItems,NumRefrigItems,NumRepackItems,NumFrozenItems,TotalPcs,TotalWt,TotalCubes,NonSpecial,Special,GrossTotal,VolDiscnt,Discount,NetTotal,TotalRetail,Deposits,Adjustments,ProfitAmnt,Profit%,InvDate,CorpCustID,OrderNumber,,,,,,,
Footer,8990448,C,"0","0","1","0","1","15",".18","46.84","9.22","56.06","0",".00","56.06","157.78",".00",".00",".00",".00",9/7/2010,54835,7403659,,,,,,,
