RecType,InvNum,Type,OrderNumber,InvoiceDate,DBA,CustomerNumber,CustomerName,CustAddr1,CustAddr2,City,State,ZipCode,PhoneNumber,Whse,Trip,Terms,D/CFlag,TermsMsg,CorpCustID,CoverSheet,OrdEntryDate,ChainCode,ApplyTo#,PO#,,,,,,
Header,8507286,A,8507286,6/25/2010,1,54835,"WHOLE FDS COOP-DULUTH","610 EAST 4TH STREET","","DULUTH","MN","558050000","218-728-0884",8,"000",0,2,"",54835,3738227,6/25/2010,"CMW",8523517,"",,,,,,
RecType,InvNum,Type,UPC,ProductID,QuantityShipped,Unit,Size,Brand,Description,RegularSRP,Status,NetPricePerUnit,ExtendedPrice,SaleSRP,RegPricePerUnit,CustomerID,PriceOrigin,QuantityOrdered,Taxable,LB flag,CW flag,CW2,CNF_RegSRP,CNF_SpcSRP,CorpCustID,CorpProdID,OrderNumber,InvoiceDate,Servings,
Detail,8507286,B,099482-403195,0895730,"-1","CS","64 OZ","365","JCE,NAT CRAN COCKTAIL",".00",,".000",".00",".00",".000",54835,"","-1",0,"N","N",".00","","",54835,89573,8507286,6/25/2010,8,
Detail,8507286,B,074305-050169,0900258,"-1","CS","16 OZ","BRAGG","RTD,OG,APL CIDR VIN/HONEY",".00",,"1.468","-17.61",".00","1.468",54835,"","-1",0,"N","N",".00","","",54835,90025,8507286,6/25/2010,12,
Footer,8507286,C,"0","0","0","0","0","0",".00",".00",".00","-17.61","0",".00","-17.61",".00",".00",".00",".00",".00",6/25/2010,54835,8507286,,,,,,,
