RecType,InvNum,Type,OrderNumber,InvoiceDate,DBA,CustomerNumber,CustomerName,CustAddr1,CustAddr2,City,State,ZipCode,PhoneNumber,Whse,Trip,Terms,D/CFlag,TermsMsg,CorpCustID,CoverSheet,OrdEntryDate,ChainCode,ApplyTo#,PO#,,,,,,
Header,8507203,A,8507203,6/25/2010,1,54835,"WHOLE FDS COOP-DULUTH","610 EAST 4TH STREET","","DULUTH","MN","558050000","218-728-0884",8,"000",0,2,"",54835,3738227,6/25/2010,"CMW",8523517,"",,,,,,
RecType,InvNum,Type,UPC,ProductID,QuantityShipped,Unit,Size,Brand,Description,RegularSRP,Status,NetPricePerUnit,ExtendedPrice,SaleSRP,RegPricePerUnit,CustomerID,PriceOrigin,QuantityOrdered,Taxable,LB flag,CW flag,CW2,CNF_RegSRP,CNF_SpcSRP,CorpCustID,CorpProdID,OrderNumber,InvoiceDate,Servings,
Detail,8507203,B,035883-050187,0428540,"-1","EA","18 #","PETGRD","DOG,CHICKEN,PREM LIFESPAN",".00",,".000",".00",".00",".000",54835,"","-1",0,"N","N",".00","","",54835,42854,8507203,6/25/2010,1,
Detail,8507203,B,042563-016425,0942375,"-1","CS","#","BULK K","FLAX SEED,OG,BROWN",".00",,".907","-22.67",".00",".907",54835,"","-1",0,"N","N",".00","","",54835,94237,8507203,6/25/2010,25,
RecType,InvNum,Type,NumGroceryItems,NumRefrigItems,NumRepackItems,NumFrozenItems,TotalPcs,TotalWt,TotalCubes,NonSpecial,Special,GrossTotal,VolDiscnt,Discount,NetTotal,TotalRetail,Deposits,Adjustments,ProfitAmnt,Profit%,InvDate,CorpCustID,OrderNumber,,,,,,,
Footer,8507203,C,"0","0","0","0","0","0",".00",".00",".00","-22.67","0",".00","-22.67",".00",".00",".00",".00",".00",6/25/2010,54835,8507203,,,,,,,
