RecType,InvNum,Type,OrderNumber,InvoiceDate,DBA,CustomerNumber,CustomerName,CustAddr1,CustAddr2,City,State,ZipCode,PhoneNumber,Whse,Trip,Terms,D/CFlag,TermsMsg,CorpCustID,CoverSheet,OrdEntryDate,ChainCode,ApplyTo#,PO#,,,,,,
Header,9101553,A,7509292,9/23/2010,1,54835,"WHOLE FDS COOP-DULUTH","610 EAST 4TH STREET","","DULUTH","MN","558050000","218-728-0884",8,"412",7,0,"NET 21 DAYS",54835,3971864,9/22/2010,"CMW",0,"LN2549461-04",,,,,,
RecType,InvNum,Type,UPC,ProductID,QuantityShipped,Unit,Size,Brand,Description,RegularSRP,Status,NetPricePerUnit,ExtendedPrice,SaleSRP,RegPricePerUnit,CustomerID,PriceOrigin,QuantityOrdered,Taxable,LB flag,CW flag,CW2,CNF_RegSRP,CNF_SpcSRP,CorpCustID,CorpProdID,OrderNumber,InvoiceDate,Servings,
Detail,9101553,B,076314-301805,0565580,"6","EA","30 PKT","ALACER","EMERGEN-C,KIDZ MULTI,ORNG","20.39",,"7.820","46.92","20.39","9.070",54835,"OGD 15","6",0,"N","N",".00","","",54835,56558,7509292,9/23/2010,1,
Detail,9101553,B,042515-435014,0301804,"3","EA","16 OZ","LEWIS","BREWER'S YEAST 100% PURE","19.05",,"8.460","25.38",".00","8.460",54835,"","3",0,"N","N",".00","","",54835,30180,7509292,9/23/2010,1,
Detail,9101553,B,026938-899806,0899807,"1","","EA","","TOTES CHARGE",".00",,".000",".00",".00",".000",54835,"NO CHG","1",0,"","",".00","N","",54835,89980,7509292,9/23/2010,1,
Detail,9101553,B,076314-301812,0565663,"0","EA","30 PKT","ALACER","EMERGEN-C,KIDZ MULTI,STRW",".00",OUT,".000",".00",".00",".000",54835,"OGD 15","6",0,"N","N",".00","","",54835,56566,7509292,9/23/2010,1,
Detail,9101553,B,076314-301904,0757880,"0","EA","30 PKT","ALACER","MULTI-VIT PLUS,CHERRY POM",".00",OUT,".000",".00",".00",".000",54835,"OGD 15","6",0,"N","N",".00","","",54835,75788,7509292,9/23/2010,1,
Detail,9101553,B,046985-016193,0518761,"0","EA","30 CAP","QUANTM","COLD & FLU SEASON +",".00",OUT,".000",".00",".00",".000",54835,"","4",0,"N","N",".00","","",54835,51876,7509292,9/23/2010,1,
RecType,InvNum,Type,NumGroceryItems,NumRefrigItems,NumRepackItems,NumFrozenItems,TotalPcs,TotalWt,TotalCubes,NonSpecial,Special,GrossTotal,VolDiscnt,Discount,NetTotal,TotalRetail,Deposits,Adjustments,ProfitAmnt,Profit%,InvDate,CorpCustID,OrderNumber,,,,,,,
Footer,9101553,C,"0","0","1","0","1","15",".18","25.38","46.92","72.30","0",".00","72.30","179.49",".00",".00",".00",".00",9/23/2010,54835,7509292,,,,,,,
