RecType,InvNum,Type,OrderNumber,InvoiceDate,DBA,CustomerNumber,CustomerName,CustAddr1,CustAddr2,City,State,ZipCode,PhoneNumber,Whse,Trip,Terms,D/CFlag,TermsMsg,CorpCustID,CoverSheet,OrdEntryDate,ChainCode,ApplyTo#,PO#,,,,,,
Header,9098695,A,9098695,9/23/2010,1,54835,"WHOLE FDS COOP-DULUTH","610 EAST 4TH STREET","","DULUTH","MN","558050000","218-728-0884",8,"000",0,2,"",54835,3971864,9/23/2010,"CMW",9101534,"",,,,,,
RecType,InvNum,Type,UPC,ProductID,QuantityShipped,Unit,Size,Brand,Description,RegularSRP,Status,NetPricePerUnit,ExtendedPrice,SaleSRP,RegPricePerUnit,CustomerID,PriceOrigin,QuantityOrdered,Taxable,LB flag,CW flag,CW2,CNF_RegSRP,CNF_SpcSRP,CorpCustID,CorpProdID,OrderNumber,InvoiceDate,Servings,
Detail,9098695,B,750088-702302,0202242,"-1","CS","6 OZ","CULTRE","YGRT,OG,BLBRY,2% CRM TOP",".00",,".000",".00",".00",".000",54835,"","-1",0,"N","N",".00","","",54835,20224,9098695,9/23/2010,12,
Detail,9098695,B,715418-024271,0337683,"-1","EA","CT","GRENSP","BABY FOOD MILL",".00",,"6.760","-6.76",".00","6.760",54835,"","-1",0,"N","N",".00","","",54835,33768,9098695,9/23/2010,1,
Detail,9098695,B,093966-003857,0369041,"-1","CS","8 OZ","OGVAL","BUTTER,OG,PASTURE",".00",,"2.503","-30.04",".00","2.503",54835,"","-1",0,"N","N",".00","","",54835,36904,9098695,9/23/2010,12,
Detail,9098695,B,065684-654307,0675439,"-1","CS","6 OZ","LIBERT","MEDITRN YOGURT,STRAWBERRY",".00",,".733","-8.79",".00",".733",54835,"","-1",0,"N","N",".00","","",54835,67543,9098695,9/23/2010,12,
Detail,9098695,B,093966-000566,0824417,"-1","CS","8 OZ","OGVAL","BUTTER,OG,EUROPEAN UNSALT",".00",,".000",".00",".00",".000",54835,"","-1",0,"N","N",".00","","",54835,82441,9098695,9/23/2010,12,
RecType,InvNum,Type,NumGroceryItems,NumRefrigItems,NumRepackItems,NumFrozenItems,TotalPcs,TotalWt,TotalCubes,NonSpecial,Special,GrossTotal,VolDiscnt,Discount,NetTotal,TotalRetail,Deposits,Adjustments,ProfitAmnt,Profit%,InvDate,CorpCustID,OrderNumber,,,,,,,
Footer,9098695,C,"0","0","0","0","0","0",".00",".00",".00","-45.59","0",".00","-45.59",".00",".00",".00",".00",".00",9/23/2010,54835,9098695,,,,,,,
