RecType,InvNum,Type,OrderNumber,InvoiceDate,DBA,CustomerNumber,CustomerName,CustAddr1,CustAddr2,City,State,ZipCode,PhoneNumber,Whse,Trip,Terms,D/CFlag,TermsMsg,CorpCustID,CoverSheet,OrdEntryDate,ChainCode,ApplyTo#,PO#,,,,,,
Header,9101540,A,7508652,9/23/2010,1,54835,"WHOLE FDS COOP-DULUTH","610 EAST 4TH STREET","","DULUTH","MN","558050000","218-728-0884",8,"412",7,0,"NET 21 DAYS",54835,3971864,9/22/2010,"CMW",0,"LN2549346-08",,,,,,
RecType,InvNum,Type,UPC,ProductID,QuantityShipped,Unit,Size,Brand,Description,RegularSRP,Status,NetPricePerUnit,ExtendedPrice,SaleSRP,RegPricePerUnit,CustomerID,PriceOrigin,QuantityOrdered,Taxable,LB flag,CW flag,CW2,CNF_RegSRP,CNF_SpcSRP,CorpCustID,CorpProdID,OrderNumber,InvoiceDate,Servings,
Detail,9101540,B,042272-003501,0204412,"1","CS","6 OZ","AMY'S","BURRITO,OG,BEAN & RICE,LS","2.65",,"1.639","19.67",".00","1.639",54835,"","1",0,"N","N",".00","","",54835,20441,7508652,9/23/2010,12,
Detail,9101540,B,058449-000150,0939579,"1","CS","14 OZ","NATPTH","MANNA BRD,OG,MILLET RICE","4.15",,"2.101","16.81","4.15","2.399",54835,"M 15","1",0,"N","N",".00","","",54835,93957,7508652,9/23/2010,8,
Detail,9101540,B,698997-809548,0351098,"1","CS","14 OZ","UDI'S","BAGEL,PLAIN,GF,4 PK","5.95",,"3.444","27.55",".00","3.444",54835,"","1",0,"N","N",".00","","",54835,35109,7508652,9/23/2010,8,
RecType,InvNum,Type,NumGroceryItems,NumRefrigItems,NumRepackItems,NumFrozenItems,TotalPcs,TotalWt,TotalCubes,NonSpecial,Special,GrossTotal,VolDiscnt,Discount,NetTotal,TotalRetail,Deposits,Adjustments,ProfitAmnt,Profit%,InvDate,CorpCustID,OrderNumber,,,,,,,
Footer,9101540,C,"0","0","0","3","3","20",".12","47.22","16.81","64.03","0",".00","64.03","112.60",".00",".00",".00",".00",9/23/2010,54835,7508652,,,,,,,
