RecType,InvNum,Type,OrderNumber,InvoiceDate,DBA,CustomerNumber,CustomerName,CustAddr1,CustAddr2,City,State,ZipCode,PhoneNumber,Whse,Trip,Terms,D/CFlag,TermsMsg,CorpCustID,CoverSheet,OrdEntryDate,ChainCode,ApplyTo#,PO#,,,,,,
Header,9101544,A,7508776,9/23/2010,1,54835,"WHOLE FDS COOP-DULUTH","610 EAST 4TH STREET","","DULUTH","MN","558050000","218-728-0884",8,"412",7,0,"NET 21 DAYS",54835,3971864,9/22/2010,"CMW",0,"LN2549373-02",,,,,,
RecType,InvNum,Type,UPC,ProductID,QuantityShipped,Unit,Size,Brand,Description,RegularSRP,Status,NetPricePerUnit,ExtendedPrice,SaleSRP,RegPricePerUnit,CustomerID,PriceOrigin,QuantityOrdered,Taxable,LB flag,CW flag,CW2,CNF_RegSRP,CNF_SpcSRP,CorpCustID,CorpProdID,OrderNumber,InvoiceDate,Servings,
Detail,9101544,B,026938-468514,0468512,"1","CS","1 #","CEDARG","CHEDDAR,OG,MILD WHITE","9.65",,"4.980","39.84",".00","4.980",54835,"","1",0,"N","N",".00","","",54835,46851,7508776,9/23/2010,8,
Detail,9101544,B,871459-000022,0194373,"1","CS","8 OZ","DAIYA","SHREDS,CHEDDAR STYLE","5.75",,"2.952","35.42",".00","2.952",54835,"","1",0,"N","N",".00","","",54835,19437,7508776,9/23/2010,12,
Detail,9101544,B,871459-000015,0194357,"1","CS","8 OZ","DAIYA","SHREDS,MOZZARELLA STYLE","5.75",,"2.952","35.42",".00","2.952",54835,"","1",0,"N","N",".00","","",54835,19435,7508776,9/23/2010,12,
Detail,9101544,B,093966-213409,0151035,"1","CS","8 OZ","OGVAL","COLBY,OG,YELLOW","5.95",,"3.071","36.85",".00","3.071",54835,"","1",0,"N","N",".00","","",54835,15103,7508776,9/23/2010,12,
Detail,9101544,B,093966-412109,0598060,"1","CS","6 OZ","OGVAL","MILD CHEDDAR,OG,SHRED","5.69",,"2.940","35.28",".00","2.940",54835,"","1",0,"N","N",".00","","",54835,59806,7508776,9/23/2010,12,
Detail,9101544,B,093966-253702,0122705,"1","CS","8 OZ","OGVAL","MOZZARELLA,OG,PART SKIM","6.15",,"3.181","38.17",".00","3.181",54835,"","1",0,"N","N",".00","","",54835,12270,7508776,9/23/2010,12,
Detail,9101544,B,093966-002195,0728832,"1","CS","15 OZ","OGVAL","RICOTTA CHEESE,OG","7.55",,"3.892","23.35",".00","3.892",54835,"","1",0,"N","N",".00","","",54835,72883,7508776,9/23/2010,6,
Detail,9101544,B,093966-000054,0602441,"2","CS","1 OZ","OGVAL","STRINGLES,OG",".85",,".437","20.98",".00",".437",54835,"","2",0,"N","N",".00","","",54835,60244,7508776,9/23/2010,24,
Detail,9101544,B,026938-505998,0505990,"1","LB","7 #","SWSVAL","SWISS,GRADE A","5.19",,"2.680","20.10",".00","2.680",54835,"","1",0,"N","Y","7.50","","",54835,50599,7508776,9/23/2010,1,
RecType,InvNum,Type,NumGroceryItems,NumRefrigItems,NumRepackItems,NumFrozenItems,TotalPcs,TotalWt,TotalCubes,NonSpecial,Special,GrossTotal,VolDiscnt,Discount,NetTotal,TotalRetail,Deposits,Adjustments,ProfitAmnt,Profit%,InvDate,CorpCustID,OrderNumber,,,,,,,
Footer,9101544,C,"0","10","0","0","10","55",".21","285.41",".00","285.41","0",".00","285.41","553.71",".00",".00",".00",".00",9/23/2010,54835,7508776,,,,,,,
