RecType,InvNum,Type,OrderNumber,InvoiceDate,DBA,CustomerNumber,CustomerName,CustAddr1,CustAddr2,City,State,ZipCode,PhoneNumber,Whse,Trip,Terms,D/CFlag,TermsMsg,CorpCustID,CoverSheet,OrdEntryDate,ChainCode,ApplyTo#,PO#,,,,,,
Header,9101538,A,7508650,9/23/2010,1,54835,"WHOLE FDS COOP-DULUTH","610 EAST 4TH STREET","","DULUTH","MN","558050000","218-728-0884",8,"412",7,0,"NET 21 DAYS",54835,3971864,9/22/2010,"CMW",0,"LN2549346-05",,,,,,
RecType,InvNum,Type,UPC,ProductID,QuantityShipped,Unit,Size,Brand,Description,RegularSRP,Status,NetPricePerUnit,ExtendedPrice,SaleSRP,RegPricePerUnit,CustomerID,PriceOrigin,QuantityOrdered,Taxable,LB flag,CW flag,CW2,CNF_RegSRP,CNF_SpcSRP,CorpCustID,CorpProdID,OrderNumber,InvoiceDate,Servings,
Detail,9101538,B,758543-110006,0182691,"1","CS","8 OZ","VOSKOS","GREEK YGRT,PLAIN,FF","1.99",,"1.033","12.40","1.99","1.171",54835,"M 15","1",0,"N","N",".00","","",54835,18269,7508650,9/23/2010,12,
Detail,9101538,B,795709-010145,0153874,"1","CS","6 OZ","WALABY","YOGURT,OG,LF,BAN VANILLA","1.15",,".545","6.54","1.15",".678",54835,"PRO 20","1",0,"N","N",".00","","",54835,15387,7508650,9/23/2010,12,
Detail,9101538,B,795709-010077,0146795,"1","CS","6 OZ","WALABY","YOGURT,OG,LF,BLACK CHERRY","1.15",,".545","6.54","1.15",".678",54835,"PRO 20","1",0,"N","N",".00","","",54835,14679,7508650,9/23/2010,12,
Detail,9101538,B,795709-010046,0146753,"1","CS","6 OZ","WALABY","YOGURT,OG,LF,ORNG/PASNFRT","1.15",,".545","6.54","1.15",".678",54835,"PRO 20","1",0,"N","N",".00","","",54835,14675,7508650,9/23/2010,12,
Detail,9101538,B,795709-030044,0719351,"1","CS","6 OZ","WALABY","YOGURT,OG,NF,BLACKBERRY","1.15",,".545","6.54","1.15",".678",54835,"PRO 20","1",0,"N","N",".00","","",54835,71935,7508650,9/23/2010,12,
RecType,InvNum,Type,NumGroceryItems,NumRefrigItems,NumRepackItems,NumFrozenItems,TotalPcs,TotalWt,TotalCubes,NonSpecial,Special,GrossTotal,VolDiscnt,Discount,NetTotal,TotalRetail,Deposits,Adjustments,ProfitAmnt,Profit%,InvDate,CorpCustID,OrderNumber,,,,,,,
Footer,9101538,C,"0","5","0","0","5","27",".11",".00","38.56","38.56","0",".00","38.56","79.08",".00",".00",".00",".00",9/23/2010,54835,7508650,,,,,,,
