RecType,InvNum,Type,OrderNumber,InvoiceDate,DBA,CustomerNumber,CustomerName,CustAddr1,CustAddr2,City,State,ZipCode,PhoneNumber,Whse,Trip,Terms,D/CFlag,TermsMsg,CorpCustID,CoverSheet,OrdEntryDate,ChainCode,ApplyTo#,PO#,,,,,,
Header,9101560,A,7509623,9/23/2010,1,54835,"WHOLE FDS COOP-DULUTH","610 EAST 4TH STREET","","DULUTH","MN","558050000","218-728-0884",8,"412",7,0,"NET 21 DAYS",54835,3971864,9/22/2010,"CMW",0,"",,,,,,
RecType,InvNum,Type,UPC,ProductID,QuantityShipped,Unit,Size,Brand,Description,RegularSRP,Status,NetPricePerUnit,ExtendedPrice,SaleSRP,RegPricePerUnit,CustomerID,PriceOrigin,QuantityOrdered,Taxable,LB flag,CW flag,CW2,CNF_RegSRP,CNF_SpcSRP,CorpCustID,CorpProdID,OrderNumber,InvoiceDate,Servings,
Detail,9101560,B,026938-463052,0463059,"1","LB","6 #","BULK","MOZZARELLA,PART SKIM","6.85",,"3.530","19.77",".00","3.530",54835,"","1",0,"N","Y","5.60","","",54835,46305,7509623,9/23/2010,1,
Footer,9101560,C,"0","1","0","0","1","6",".09","19.77",".00","19.77","0",".00","19.77","38.36",".00",".00",".00",".00",9/23/2010,54835,7509623,,,,,,,
