RecType,InvNum,Type,OrderNumber,InvoiceDate,DBA,CustomerNumber,CustomerName,CustAddr1,CustAddr2,City,State,ZipCode,PhoneNumber,Whse,Trip,Terms,D/CFlag,TermsMsg,CorpCustID,CoverSheet,OrdEntryDate,ChainCode,ApplyTo#,PO#,,,,,,
Header,8780448,A,7216466,8/5/2010,1,54835,"WHOLE FDS COOP-DULUTH","610 EAST 4TH STREET","","DULUTH","MN","558050000","218-728-0884",8,"412",7,0,"NET 21 DAYS",54835,3841905,8/4/2010,"CMW",0,"",,,,,,
RecType,InvNum,Type,UPC,ProductID,QuantityShipped,Unit,Size,Brand,Description,RegularSRP,Status,NetPricePerUnit,ExtendedPrice,SaleSRP,RegPricePerUnit,CustomerID,PriceOrigin,QuantityOrdered,Taxable,LB flag,CW flag,CW2,CNF_RegSRP,CNF_SpcSRP,CorpCustID,CorpProdID,OrderNumber,InvoiceDate,Servings,
Detail,8780448,B,077326-830338,0405878,"1","CS","4 OZ","TOM'S","BAR SOAP,NAT,DEODORANT","3.85",,"1.743","10.46","3.85","2.022",54835,"POV 15","1",0,"N","N",".00","","",54835,40587,7216466,8/5/2010,6,
Detail,8780448,B,077326-830406,0406082,"1","CS","4 OZ","TOM'S","BAR SOAP,NAT,SENSITIVE","3.85",,"1.743","10.46","3.85","2.022",54835,"POV 15","1",0,"N","N",".00","","",54835,40608,7216466,8/5/2010,6,
Detail,8780448,B,077326-830376,0406009,"1","CS","4 OZ","TOM'S","BAR SOAP,RELAXING","3.85",,"1.743","10.46","3.85","2.022",54835,"POV 15","1",0,"N","N",".00","","",54835,40600,7216466,8/5/2010,6,
Detail,8780448,B,026938-899806,0899807,"1","","EA","","TOTES CHARGE",".00",,".000",".00",".00",".000",54835,"NO CHG","1",0,"","",".00","N","",54835,89980,7216466,8/5/2010,1,
RecType,InvNum,Type,NumGroceryItems,NumRefrigItems,NumRepackItems,NumFrozenItems,TotalPcs,TotalWt,TotalCubes,NonSpecial,Special,GrossTotal,VolDiscnt,Discount,NetTotal,TotalRetail,Deposits,Adjustments,ProfitAmnt,Profit%,InvDate,CorpCustID,OrderNumber,,,,,,,
Footer,8780448,C,"0","0","1","0","1","12",".16",".00","31.38","31.38","0",".00","31.38","69.30",".00",".00",".00",".00",8/5/2010,54835,7216466,,,,,,,
