RecType,InvNum,Type,OrderNumber,InvoiceDate,DBA,CustomerNumber,CustomerName,CustAddr1,CustAddr2,City,State,ZipCode,PhoneNumber,Whse,Trip,Terms,D/CFlag,TermsMsg,CorpCustID,CoverSheet,OrdEntryDate,ChainCode,ApplyTo#,PO#,,,,,,
Header,8780450,A,7216537,8/5/2010,1,54835,"WHOLE FDS COOP-DULUTH","610 EAST 4TH STREET","","DULUTH","MN","558050000","218-728-0884",8,"412",7,0,"NET 21 DAYS",54835,3841905,8/4/2010,"CMW",0,"LN2444232-08",,,,,,
RecType,InvNum,Type,UPC,ProductID,QuantityShipped,Unit,Size,Brand,Description,RegularSRP,Status,NetPricePerUnit,ExtendedPrice,SaleSRP,RegPricePerUnit,CustomerID,PriceOrigin,QuantityOrdered,Taxable,LB flag,CW flag,CW2,CNF_RegSRP,CNF_SpcSRP,CorpCustID,CorpProdID,OrderNumber,InvoiceDate,Servings,
Detail,8780450,B,854356-001248,0157610,"2","CS","16.9 OZ","CARPED","KOMBUCHA,CRANBERRY JUICE","2.69",,"1.373","32.94","2.69","1.573",54835,"CSD 15","2",0,"N","N",".00","","",54835,15761,7216537,8/5/2010,12,
Detail,8780450,B,854356-000234,0692665,"2","CS","16.9 OZ","CARPED","TEA,KOMBUCHA","2.75",,"1.373","32.94","2.75","1.573",54835,"CSD 15","2",0,"N","N",".00","","",54835,69266,7216537,8/5/2010,12,
Detail,8780450,B,891048-001001,0131458,"1","CS","1.9 OZ","EARNST","BAR,BAKED,ALMD TRAIL MIX","1.65",,".928","11.13",".00",".928",54835,"","1",0,"N","N",".00","","",54835,13145,7216537,8/5/2010,12,
Detail,8780450,B,708656-100005,0225433,"1","CS","3.5 OZ","GRNBLK","CHOCOLATE,OG,DARK 70%","3.75",,"2.132","21.32",".00","2.132",54835,"","1",0,"N","N",".00","","",54835,22543,7216537,8/5/2010,10,
Detail,8780450,B,024335-160062,0458000,"1","CS","16 OZ","LITTLB","REFRD BEANS,OG,PINTO,LF","2.35",,"1.333","16.00",".00","1.333",54835,"","1",0,"N","N",".00","","",54835,45800,7216537,8/5/2010,12,
Detail,8780450,B,875386-000407,0622548,"1","CS","32 OZ","LIVHAR","HEMPMILK,TEMPT,UNSWT ORGN","4.25",,"1.963","23.56","4.25","2.413",54835,"PRO 20","1",0,"N","N",".00","","",54835,62254,7216537,8/5/2010,12,
Detail,8780450,B,075720-000500,0439026,"2","CS","33.8 OZ","POLAND","SPRKLNG WATER,RASP/LIME","1.35",,".747","17.92",".00",".747",54835,"","2",0,"N","N",".00","","",54835,43902,7216537,8/5/2010,12,
Detail,8780450,B,074682-111019,0340083,"1","CS","3/8 OZ","KNDSN","ASEPT/3 PAK,APPLE,OG","3.05",,"1.519","13.67","3.05","1.794",54835,"PRO 15","1",0,"N","N",".00","","",54835,34008,7216537,8/5/2010,9,
Detail,8780450,B,074682-107319,0623462,"2","CS","32 OZ","KNDSN","JUICE,OG,VERY VEGGIE","4.15",,"2.436","58.46",".00","2.436",54835,"","2",0,"N","N",".00","","",54835,62346,7216537,8/5/2010,12,
Detail,8780450,B,028558-121237,0498923,"2","CS","8 OZ","SEASON","POTATO CHIPS,RF,RIPPLED","3.65",,"2.175","52.20",".00","2.175",54835,"","2",0,"N","N",".00","","",54835,49892,7216537,8/5/2010,12,
Detail,8780450,B,737628-220076,0508424,"3","CS","1.6 OZ","THAIKI","NOODLE,INST,RST GRLC&VEG",".95",,".523","18.84",".00",".523",54835,"","3",0,"N","N",".00","","",54835,50842,7216537,8/5/2010,12,
Detail,8780450,B,076950-450301,0355131,"10","CS","16 BAG","YOGI","TEA,KAVA STRESS RELIEF","4.79",,"2.733","164.00",".00","2.733",54835,"","10",0,"N","N",".00","","",54835,35513,7216537,8/5/2010,6,
Detail,8780450,B,894773-001025,0371559,"10","CS","6/12 OZ","ZEVIA","SODA, NAT TWIST, DIET","6.49",,"3.053","122.10","6.49","3.730",54835,"PRO 20","10",0,"N","N",".00","","",54835,37155,7216537,8/5/2010,4,
Detail,8780450,B,026938-899806,0899807,"1","","EA","","TOTES CHARGE",".00",,".000",".00",".00",".000",54835,"NO CHG","1",0,"","",".00","N","",54835,89980,7216537,8/5/2010,1,
Detail,8780450,B,084253-222150,0305946,"0","CS","32 OZ","IMAGIN","RICE ENRICH BEV,OG,ORIG",".00",OUT,".000",".00",".00",".000",54835,"","1",0,"N","N",".00","","",54835,30594,7216537,8/5/2010,12,
Detail,8780450,B,084253-222167,0305987,"0","CS","32 OZ","IMAGIN","RICE ENRICH VAN,NONDAIRY",".00",OUT,".000",".00",".00",".000",54835,"","2",0,"N","N",".00","","",54835,30598,7216537,8/5/2010,12,
Detail,8780450,B,898999-000022,0797753,"0","CS","11.2OZ","VITACO","COCONUT WATER,NATURAL",".00",OUT,".000",".00",".00",".000",54835,"","5",0,"N","N",".00","","",54835,79775,7216537,8/5/2010,12,
RecType,InvNum,Type,NumGroceryItems,NumRefrigItems,NumRepackItems,NumFrozenItems,TotalPcs,TotalWt,TotalCubes,NonSpecial,Special,GrossTotal,VolDiscnt,Discount,NetTotal,TotalRetail,Deposits,Adjustments,ProfitAmnt,Profit%,InvDate,CorpCustID,OrderNumber,,,,,,,
Footer,8780450,C,"29","4","1","0","34","513","2.37","359.87","225.21","585.08","0",".00","585.08","1,095.31",".00",".00",".00",".00",8/5/2010,54835,7216537,,,,,,,
