RecType,InvNum,Type,OrderNumber,InvoiceDate,DBA,CustomerNumber,CustomerName,CustAddr1,CustAddr2,City,State,ZipCode,PhoneNumber,Whse,Trip,Terms,D/CFlag,TermsMsg,CorpCustID,CoverSheet,OrdEntryDate,ChainCode,ApplyTo#,PO#,,,,,,
Header,8780440,A,7216410,8/5/2010,1,54835,"WHOLE FDS COOP-DULUTH","610 EAST 4TH STREET","","DULUTH","MN","558050000","218-728-0884",8,"412",7,0,"NET 21 DAYS",54835,3841905,8/4/2010,"CMW",0,"",,,,,,
RecType,InvNum,Type,UPC,ProductID,QuantityShipped,Unit,Size,Brand,Description,RegularSRP,Status,NetPricePerUnit,ExtendedPrice,SaleSRP,RegPricePerUnit,CustomerID,PriceOrigin,QuantityOrdered,Taxable,LB flag,CW flag,CW2,CNF_RegSRP,CNF_SpcSRP,CorpCustID,CorpProdID,OrderNumber,InvoiceDate,Servings,
Detail,8780440,B,755355-100393,0316604,"6","EA","8.8 OZ","SOUTHF","SOAP BAR,ACAI POMEGRANTE","5.49",,"2.190","13.14","5.49","2.870",54835,"PRO 25","6",0,"N","N",".00","","",54835,31660,7216410,8/5/2010,1,
Detail,8780440,B,755355-100379,0248609,"6","EA","8.8 OZ","SOUTHF","SOAP BAR,MILLD LIME BASIL","5.49",,"2.190","13.14","5.49","2.870",54835,"PRO 25","6",0,"N","N",".00","","",54835,24860,7216410,8/5/2010,1,
Detail,8780440,B,755355-100058,0308668,"6","EA","8 OZ","SOUTHF","SOAP,GLYCERIN,TTRE SNDLWD","5.45",,"2.180","13.08","5.45","2.860",54835,"PRO 25","6",0,"N","N",".00","","",54835,30866,7216410,8/5/2010,1,
Detail,8780440,B,755355-100096,0216499,"6","EA","8.8 OZ","SOUTHF","SOAP,NATURAL,LAVENDER,BAR","5.49",,"2.190","13.14","5.49","2.870",54835,"PRO 25","6",0,"N","N",".00","","",54835,21649,7216410,8/5/2010,1,
Detail,8780440,B,755355-100119,0216515,"6","EA","8.8 OZ","SOUTHF","SOAP,NATURAL,LMN VERB,BAR","5.49",,"2.190","13.14","5.49","2.870",54835,"PRO 25","6",0,"N","N",".00","","",54835,21651,7216410,8/5/2010,1,
Detail,8780440,B,026938-899806,0899807,"1","","EA","","TOTES CHARGE",".00",,".000",".00",".00",".000",54835,"NO CHG","1",0,"","",".00","N","",54835,89980,7216410,8/5/2010,1,
RecType,InvNum,Type,NumGroceryItems,NumRefrigItems,NumRepackItems,NumFrozenItems,TotalPcs,TotalWt,TotalCubes,NonSpecial,Special,GrossTotal,VolDiscnt,Discount,NetTotal,TotalRetail,Deposits,Adjustments,ProfitAmnt,Profit%,InvDate,CorpCustID,OrderNumber,,,,,,,
Footer,8780440,C,"0","0","1","0","1","23",".17",".00","65.64","65.64","0",".00","65.64","164.46",".00",".00",".00",".00",8/5/2010,54835,7216410,,,,,,,
