RecType,InvNum,Type,OrderNumber,InvoiceDate,DBA,CustomerNumber,CustomerName,CustAddr1,CustAddr2,City,State,ZipCode,PhoneNumber,Whse,Trip,Terms,D/CFlag,TermsMsg,CorpCustID,CoverSheet,OrdEntryDate,ChainCode,ApplyTo#,PO#,,,,,,
Header,8780434,A,7216179,8/5/2010,1,54835,"WHOLE FDS COOP-DULUTH","610 EAST 4TH STREET","","DULUTH","MN","558050000","218-728-0884",8,"412",7,0,"NET 21 DAYS",54835,3841905,8/4/2010,"CMW",0,"LN2444175-12",,,,,,
RecType,InvNum,Type,UPC,ProductID,QuantityShipped,Unit,Size,Brand,Description,RegularSRP,Status,NetPricePerUnit,ExtendedPrice,SaleSRP,RegPricePerUnit,CustomerID,PriceOrigin,QuantityOrdered,Taxable,LB flag,CW flag,CW2,CNF_RegSRP,CNF_SpcSRP,CorpCustID,CorpProdID,OrderNumber,InvoiceDate,Servings,
Detail,8780434,B,025317-120005,0608687,"1","CS","8 OZ","APLEGT","BACON,TURKEY SLICED,ANTIB","4.25",,"2.491","29.89",".00","2.491",54835,"","1",0,"N","N",".00","","",54835,60868,7216179,8/5/2010,12,
Detail,8780434,B,812410-000194,0553073,"1","CS","8 OZ","H&LSEA","WHITE SHRIMP,EASY PEEL","8.65",,"5.098","30.59",".00","5.098",54835,"","1",0,"N","N",".00","","",54835,55307,7216179,8/5/2010,6,
Detail,8780434,B,048481-009938,0759100,"1","CS","12 OZ","SHLTON","CHICKEN FRANKS","3.79",,"2.222","13.33",".00","2.222",54835,"","1",0,"N","N",".00","","",54835,75910,7216179,8/5/2010,6,
Detail,8780434,B,048481-009815,0273102,"1","CS","12 OZ","SHLTON","TURKEY BREAKFAST SAUSAGE","5.69",,"3.335","20.01",".00","3.335",54835,"","1",0,"N","N",".00","","",54835,27310,7216179,8/5/2010,6,
Detail,8780434,B,048481-009914,0273003,"1","CS","12 OZ","SHLTON","TURKEY FRANKS","3.79",,"2.222","13.33",".00","2.222",54835,"","1",0,"N","N",".00","","",54835,27300,7216179,8/5/2010,6,
Detail,8780434,B,048481-009839,0274605,"1","CS","12 OZ","SHLTON","TURKEY ITALIAN SAUSAGE","5.69",,"2.907","17.44","5.69","3.335",54835,"M 15","1",0,"N","N",".00","","",54835,27460,7216179,8/5/2010,6,
RecType,InvNum,Type,NumGroceryItems,NumRefrigItems,NumRepackItems,NumFrozenItems,TotalPcs,TotalWt,TotalCubes,NonSpecial,Special,GrossTotal,VolDiscnt,Discount,NetTotal,TotalRetail,Deposits,Adjustments,ProfitAmnt,Profit%,InvDate,CorpCustID,OrderNumber,,,,,,,
Footer,8780434,C,"0","0","0","6","6","33",".16","107.15","17.44","124.59","0",".00","124.59","216.66",".00",".00",".00",".00",8/5/2010,54835,7216179,,,,,,,
