RecType,InvNum,Type,OrderNumber,InvoiceDate,DBA,CustomerNumber,CustomerName,CustAddr1,CustAddr2,City,State,ZipCode,PhoneNumber,Whse,Trip,Terms,D/CFlag,TermsMsg,CorpCustID,CoverSheet,OrdEntryDate,ChainCode,ApplyTo#,PO#,,,,,,
Header,8780456,A,7217850,8/5/2010,1,54835,"WHOLE FDS COOP-DULUTH","610 EAST 4TH STREET","","DULUTH","MN","558050000","218-728-0884",8,"412",7,0,"NET 21 DAYS",54835,3841905,8/4/2010,"CMW",0,"",,,,,,
RecType,InvNum,Type,UPC,ProductID,QuantityShipped,Unit,Size,Brand,Description,RegularSRP,Status,NetPricePerUnit,ExtendedPrice,SaleSRP,RegPricePerUnit,CustomerID,PriceOrigin,QuantityOrdered,Taxable,LB flag,CW flag,CW2,CNF_RegSRP,CNF_SpcSRP,CorpCustID,CorpProdID,OrderNumber,InvoiceDate,Servings,
Detail,8780456,B,031493-060851,0821934,"1","CS","12 OZ","RUDI'S","ENG MUFFIN,OG,MULTIGRAIN","3.89",,"2.285","18.28",".00","2.285",54835,"","1",0,"N","N",".00","","",54835,82193,7217850,8/5/2010,8,
Detail,8780456,B,031493-828888,0940338,"3","CS","22 OZ","RUDI'S","BRD,OG,OAT,MULTIGRAIN","4.55",,"2.131","51.15","4.55","2.678",54835,"PRO 20","3",0,"N","N",".00","","",54835,94033,7217850,8/5/2010,8,
Detail,8780456,B,895543-001023,0100636,"2","CS","6 CT","SNOMAW","WRAPS,OG,FLOUR W/EVOO","4.95",,"2.552","61.24","4.95","2.918",54835,"M 15","2",0,"N","N",".00","","",54835,10063,7217850,8/5/2010,12,
Footer,8780456,C,"0","0","0","6","6","67",".45","18.28","112.39","130.67","0",".00","130.67","259.12",".00",".00",".00",".00",8/5/2010,54835,7217850,,,,,,,
