RecType,InvNum,Type,OrderNumber,InvoiceDate,DBA,CustomerNumber,CustomerName,CustAddr1,CustAddr2,City,State,ZipCode,PhoneNumber,Whse,Trip,Terms,D/CFlag,TermsMsg,CorpCustID,CoverSheet,OrdEntryDate,ChainCode,ApplyTo#,PO#,,,,,,
Header,8780455,A,7216978,8/5/2010,1,54835,"WHOLE FDS COOP-DULUTH","610 EAST 4TH STREET","","DULUTH","MN","558050000","218-728-0884",8,"412",7,0,"NET 21 DAYS",54835,3841905,8/4/2010,"CMW",0,"",,,,,,
RecType,InvNum,Type,UPC,ProductID,QuantityShipped,Unit,Size,Brand,Description,RegularSRP,Status,NetPricePerUnit,ExtendedPrice,SaleSRP,RegPricePerUnit,CustomerID,PriceOrigin,QuantityOrdered,Taxable,LB flag,CW flag,CW2,CNF_RegSRP,CNF_SpcSRP,CorpCustID,CorpProdID,OrderNumber,InvoiceDate,Servings,
Detail,8780455,B,089836-029621,0172726,"3","EA","#","FRNTHB","CACAO NIBS,OG,FT","11.25",,"6.490","19.47",".00","6.490",54835,"","3",0,"N","N",".00","","",54835,17272,7216978,8/5/2010,1,
Detail,8780455,B,011933-908257,0484758,"2","CS","#","HLAND","FLOUR,OG,WW,WHT HRD BLEND",".95",,".539","26.96",".00",".539",54835,"","2",0,"N","N",".00","","",54835,48475,7216978,8/5/2010,25,
Detail,8780455,B,026938-899806,0899807,"1","","EA","","TOTES CHARGE",".00",,".000",".00",".00",".000",54835,"NO CHG","1",0,"","",".00","N","",54835,89980,7216978,8/5/2010,1,
RecType,InvNum,Type,NumGroceryItems,NumRefrigItems,NumRepackItems,NumFrozenItems,TotalPcs,TotalWt,TotalCubes,NonSpecial,Special,GrossTotal,VolDiscnt,Discount,NetTotal,TotalRetail,Deposits,Adjustments,ProfitAmnt,Profit%,InvDate,CorpCustID,OrderNumber,,,,,,,
Footer,8780455,C,"2","0","1","0","3","61",".32","46.43",".00","46.43","0",".00","46.43","81.25",".00",".00",".00",".00",8/5/2010,54835,7216978,,,,,,,
