RecType,InvNum,Type,OrderNumber,InvoiceDate,DBA,CustomerNumber,CustomerName,CustAddr1,CustAddr2,City,State,ZipCode,PhoneNumber,Whse,Trip,Terms,D/CFlag,TermsMsg,CorpCustID,CoverSheet,OrdEntryDate,ChainCode,ApplyTo#,PO#,,,,,,
Header,8780446,A,7216416,8/5/2010,1,54835,"WHOLE FDS COOP-DULUTH","610 EAST 4TH STREET","","DULUTH","MN","558050000","218-728-0884",8,"412",7,0,"NET 21 DAYS",54835,3841905,8/4/2010,"CMW",0,"LN2444205-16",,,,,,
RecType,InvNum,Type,UPC,ProductID,QuantityShipped,Unit,Size,Brand,Description,RegularSRP,Status,NetPricePerUnit,ExtendedPrice,SaleSRP,RegPricePerUnit,CustomerID,PriceOrigin,QuantityOrdered,Taxable,LB flag,CW flag,CW2,CNF_RegSRP,CNF_SpcSRP,CorpCustID,CorpProdID,OrderNumber,InvoiceDate,Servings,
Detail,8780446,B,074333-458449,0492686,"1","CS","#","AM","FLOUR,OG,WHITE,UNBLEACHED","1.49",,".864","43.20",".00",".864",54835,"","1",0,"N","N",".00","","",54835,49268,7216416,8/5/2010,50,
Detail,8780446,B,026938-482893,0482893,"1","CS","#","GREATR","FLOUR,OG,WW BREAD","1.29",,".728","18.21",".00",".728",54835,"","1",0,"N","N",".00","","",54835,48289,7216416,8/5/2010,25,
Detail,8780446,B,012511-356255,0768036,"1","CS","#","WHLSOM","SUCANAT,OG,FT","2.89",,"1.657","41.43",".00","1.657",54835,"","1",0,"N","N",".00","","",54835,76803,7216416,8/5/2010,25,
RecType,InvNum,Type,NumGroceryItems,NumRefrigItems,NumRepackItems,NumFrozenItems,TotalPcs,TotalWt,TotalCubes,NonSpecial,Special,GrossTotal,VolDiscnt,Discount,NetTotal,TotalRetail,Deposits,Adjustments,ProfitAmnt,Profit%,InvDate,CorpCustID,OrderNumber,,,,,,,
Footer,8780446,C,"3","0","0","0","3","102",".27","102.84",".00","102.84","0",".00","102.84","179.00",".00",".00",".00",".00",8/5/2010,54835,7216416,,,,,,,
