RecType,InvNum,Type,OrderNumber,InvoiceDate,DBA,CustomerNumber,CustomerName,CustAddr1,CustAddr2,City,State,ZipCode,PhoneNumber,Whse,Trip,Terms,D/CFlag,TermsMsg,CorpCustID,CoverSheet,OrdEntryDate,ChainCode,ApplyTo#,PO#,,,,,,
Header,8780454,A,7216589,8/5/2010,1,54835,"WHOLE FDS COOP-DULUTH","610 EAST 4TH STREET","","DULUTH","MN","558050000","218-728-0884",8,"412",7,0,"NET 21 DAYS",54835,3841905,8/4/2010,"CMW",0,"",,,,,,
RecType,InvNum,Type,UPC,ProductID,QuantityShipped,Unit,Size,Brand,Description,RegularSRP,Status,NetPricePerUnit,ExtendedPrice,SaleSRP,RegPricePerUnit,CustomerID,PriceOrigin,QuantityOrdered,Taxable,LB flag,CW flag,CW2,CNF_RegSRP,CNF_SpcSRP,CorpCustID,CorpProdID,OrderNumber,InvoiceDate,Servings,
Detail,8780454,B,058449-420040,0515692,"1","CS","9 OZ","ENVKID","ANIMAL COOKIES,OG,VAN,G/F","3.89",,"2.226","26.71",".00","2.226",54835,"","1",0,"N","N",".00","","",54835,51569,7216589,8/5/2010,12,
Detail,8780454,B,084253-260206,0646125,"1","CS","32 OZ","IMAGIN","SOY ENRICH BEV,OG,ORIG","3.59",,"2.063","24.76",".00","2.063",54835,"","1",0,"N","N",".00","","",54835,64612,7216589,8/5/2010,12,
Detail,8780454,B,070617-412527,0517201,"1","CS","7.8 OZ","NATCHC","CEREAL BAR,BLBRY,MULTIGRN","3.89",,"2.230","17.84",".00","2.230",54835,"","1",0,"N","N",".00","","",54835,51720,7216589,8/5/2010,8,
Detail,8780454,B,070617-412541,0517227,"2","CS","7.8 OZ","NATCHC","CEREAL BAR,RSBRY,MULTIGRN","3.89",,"2.230","35.68",".00","2.230",54835,"","2",0,"N","N",".00","","",54835,51722,7216589,8/5/2010,8,
Detail,8780454,B,790555-051526,0919217,"2","CS","15 OZ","WALNUT","BEANS,OG,BLACK","2.59",,"1.475","35.40",".00","1.475",54835,"","2",0,"N","N",".00","","",54835,91921,7216589,8/5/2010,12,
RecType,InvNum,Type,NumGroceryItems,NumRefrigItems,NumRepackItems,NumFrozenItems,TotalPcs,TotalWt,TotalCubes,NonSpecial,Special,GrossTotal,VolDiscnt,Discount,NetTotal,TotalRetail,Deposits,Adjustments,ProfitAmnt,Profit%,InvDate,CorpCustID,OrderNumber,,,,,,,
Footer,8780454,C,"7","0","0","0","7","80",".34","140.39",".00","140.39","0",".00","140.39","245.28",".00",".00",".00",".00",8/5/2010,54835,7216589,,,,,,,
