RecType,InvNum,Type,OrderNumber,InvoiceDate,DBA,CustomerNumber,CustomerName,CustAddr1,CustAddr2,City,State,ZipCode,PhoneNumber,Whse,Trip,Terms,D/CFlag,TermsMsg,CorpCustID,CoverSheet,OrdEntryDate,ChainCode,ApplyTo#,PO#,,,,,,
Header,8831257,A,8831257,8/13/2010,1,54835,"WHOLE FDS COOP-DULUTH","610 EAST 4TH STREET","","DULUTH","MN","558050000","218-728-0884",8,"000",0,2,"",54835,3866552,8/13/2010,"CMW",8841433,"",,,,,,
RecType,InvNum,Type,UPC,ProductID,QuantityShipped,Unit,Size,Brand,Description,RegularSRP,Status,NetPricePerUnit,ExtendedPrice,SaleSRP,RegPricePerUnit,CustomerID,PriceOrigin,QuantityOrdered,Taxable,LB flag,CW flag,CW2,CNF_RegSRP,CNF_SpcSRP,CorpCustID,CorpProdID,OrderNumber,InvoiceDate,Servings,
Detail,8831257,B,729906-119691,0161067,"-1","CS","8/1.25OZ","CNTRYC","INSTNT OATMEAL,OG,FIT KID",".00",,"2.143","-12.86",".00","2.143",54835,"","-1",0,"N","N",".00","","",54835,16106,8831257,8/13/2010,6,
Detail,8831257,B,035742-154582,0349886,"-1","CS","8.5 OZ","HV","HEALTHY TART,OG,CHOC,LF",".00",,".000",".00",".00",".000",54835,"","-1",0,"N","N",".00","","",54835,34988,8831257,8/13/2010,6,
Footer,8831257,C,"0","0","0","0","0","0",".00",".00",".00","-12.86","0",".00","-12.86",".00",".00",".00",".00",".00",8/13/2010,54835,8831257,,,,,,,
