RecType,InvNum,Type,OrderNumber,InvoiceDate,DBA,CustomerNumber,CustomerName,CustAddr1,CustAddr2,City,State,ZipCode,PhoneNumber,Whse,Trip,Terms,D/CFlag,TermsMsg,CorpCustID,CoverSheet,OrdEntryDate,ChainCode,ApplyTo#,PO#,,,,,,
Header,8830845,A,8830845,8/13/2010,1,54835,"WHOLE FDS COOP-DULUTH","610 EAST 4TH STREET","","DULUTH","MN","558050000","218-728-0884",8,"000",0,2,"",54835,3866552,8/13/2010,"CMW",8841433,"",,,,,,
RecType,InvNum,Type,UPC,ProductID,QuantityShipped,Unit,Size,Brand,Description,RegularSRP,Status,NetPricePerUnit,ExtendedPrice,SaleSRP,RegPricePerUnit,CustomerID,PriceOrigin,QuantityOrdered,Taxable,LB flag,CW flag,CW2,CNF_RegSRP,CNF_SpcSRP,CorpCustID,CorpProdID,OrderNumber,InvoiceDate,Servings,
Detail,8830845,B,025293-600560,0362517,"-1","CS","64 OZ","SILK","SILK VERY VANILLA",".00",,"2.063","-12.38",".00","2.063",54835,"","-1",0,"N","N",".00","","",54835,36251,8830845,8/13/2010,6,
Detail,8830845,B,025293-600393,0730523,"-1","CS","64 OZ","SILK","SILK SOY MILK,PLAIN",".00",,"2.063","-12.38",".00","2.063",54835,"","-1",0,"N","N",".00","","",54835,73052,8830845,8/13/2010,6,
RecType,InvNum,Type,NumGroceryItems,NumRefrigItems,NumRepackItems,NumFrozenItems,TotalPcs,TotalWt,TotalCubes,NonSpecial,Special,GrossTotal,VolDiscnt,Discount,NetTotal,TotalRetail,Deposits,Adjustments,ProfitAmnt,Profit%,InvDate,CorpCustID,OrderNumber,,,,,,,
Footer,8830845,C,"0","0","0","0","0","0",".00",".00",".00","-24.76","0",".00","-24.76",".00",".00",".00",".00",".00",8/13/2010,54835,8830845,,,,,,,
