RecType,InvNum,Type,OrderNumber,InvoiceDate,DBA,CustomerNumber,CustomerName,CustAddr1,CustAddr2,City,State,ZipCode,PhoneNumber,Whse,Trip,Terms,D/CFlag,TermsMsg,CorpCustID,CoverSheet,OrdEntryDate,ChainCode,ApplyTo#,PO#,,,,,,
Header,8238112,A,6727945,5/13/2010,1,54835,"WHOLE FOODS COMMUNITY COO","610 EAST 4TH STREET","","DULUTH","MN","558050000","218-728-0884",8,"412",7,0,"NET 21 DAYS",54835,3621556,5/12/2010,"CMW",0,"LN2287896-02",,,,,,
RecType,InvNum,Type,UPC,ProductID,QuantityShipped,Unit,Size,Brand,Description,RegularSRP,Status,NetPricePerUnit,ExtendedPrice,SaleSRP,RegPricePerUnit,CustomerID,PriceOrigin,QuantityOrdered,Taxable,LB flag,CW flag,CW2,CNF_RegSRP,CNF_SpcSRP,CorpCustID,CorpProdID,OrderNumber,InvoiceDate,Servings,
Detail,8238112,B,087614-800318,0909663,"2","EA","1.25 OZ","BDYRSC","PH PROTECTOR DROPS","6.65",,"3.970","7.94",".00","3.970",54835,"","2",0,"N","N",".00","","",54835,90966,6727945,5/13/2010,1,
Detail,8238112,B,356163-300908,0724294,"2","EA","4 OZ","EMRITA","PRO-GEST CRM,PARABEN FREE","41.79",,"17.420","34.84","41.79","21.930",54835,"PRO 20","2",0,"N","N",".00","","",54835,72429,6727945,5/13/2010,1,
Detail,8238112,B,371400-711606,0960211,"1","EA","60 TAB","BIOALL","OUTDOOR ALLERGY","9.45",,"4.240","4.24",".00","4.240",54835,"","1",0,"N","N",".00","","",54835,96021,6727945,5/13/2010,1,
Detail,8238112,B,371400-709603,0960179,"1","EA","60 TAB","BIOALL","PET ALLERGY","9.45",,"3.670","3.67","9.45","4.240",54835,"M 15","1",0,"N","N",".00","","",54835,96017,6727945,5/13/2010,1,
Detail,8238112,B,701619-107202,0136614,"1","EA","4 OZ","HERBS","ELDERTUSSIN ELDERBRY SYP","12.95",,"5.820","5.82",".00","5.820",54835,"","1",0,"N","N",".00","","",54835,13661,6727945,5/13/2010,1,
Detail,8238112,B,613098-683507,0394213,"2","EA","90 BEARS","HERONU","YUMMY BEAR,MULTI-VIT&MNRL","15.55",,"6.980","13.96",".00","6.980",54835,"","2",0,"N","N",".00","","",54835,39421,6727945,5/13/2010,1,
Detail,8238112,B,023542-106412,0429027,"2","EA","100 CAP","KYOLIC","#106 W/VITAMIN E,CAYENNE","17.35",,"7.790","15.58",".00","7.790",54835,"","2",0,"N","N",".00","","",54835,42902,6727945,5/13/2010,1,
Detail,8238112,B,875386-000018,0742395,"1","EA","16 OZ","LIVHAR","HEMP PROTEIN,OG,ORIG FLAV","19.95",,"7.160","7.16","19.95","8.960",54835,"PRO 20","1",0,"N","N",".00","","",54835,74239,6727945,5/13/2010,1,
Detail,8238112,B,033674-631003,0591842,"1","EA","60 TAB","NATWAY","TURMERIC EXTRACT","15.25",,"6.850","6.85",".00","6.850",54835,"","1",0,"N","N",".00","","",54835,59184,6727945,5/13/2010,1,
Detail,8238112,B,022506-127012,0579045,"1","EA","60 CAP","SPCESN","BORAGE OIL,1000MG","30.55",,"13.740","13.74",".00","13.740",54835,"","1",0,"N","N",".00","","",54835,57904,6727945,5/13/2010,1,
Detail,8238112,B,022506-677890,0209999,"1","EA","14 OZ","SPCESN","FLAXSEED,OG,GRND,ESSENTL","8.49",,"3.810","3.81",".00","3.810",54835,"","1",0,"N","N",".00","","",54835,20999,6727945,5/13/2010,1,
Detail,8238112,B,026938-899806,0899807,"1","","EA","","TOTES CHARGE",".00",,".000",".00",".00",".000",54835,"NO CHG","1",0,"","",".00","N","",54835,89980,6727945,5/13/2010,1,
Detail,8238112,B,836470-010061,0781831,"0","EA","16 OZ","MICMIR","CHERRY CONC,100% TART MNT",".00",OUT,".000",".00",".00",".000",54835,"","1",0,"N","N",".00","","",54835,78183,6727945,5/13/2010,1,
RecType,InvNum,Type,NumGroceryItems,NumRefrigItems,NumRepackItems,NumFrozenItems,TotalPcs,TotalWt,TotalCubes,NonSpecial,Special,GrossTotal,VolDiscnt,Discount,NetTotal,TotalRetail,Deposits,Adjustments,ProfitAmnt,Profit%,InvDate,CorpCustID,OrderNumber,,,,,,,
Footer,8238112,C,"0","1","1","0","2","12",".17","71.94","45.67","117.61","0",".00","117.61","268.77",".00",".00",".00",".00",5/13/2010,54835,6727945,,,,,,,
