RecType,InvNum,Type,OrderNumber,InvoiceDate,DBA,CustomerNumber,CustomerName,CustAddr1,CustAddr2,City,State,ZipCode,PhoneNumber,Whse,Trip,Terms,D/CFlag,TermsMsg,CorpCustID,CoverSheet,OrdEntryDate,ChainCode,ApplyTo#,PO#,,,,,,
Header,8238120,A,6728016,5/13/2010,1,54835,"WHOLE FOODS COMMUNITY COO","610 EAST 4TH STREET","","DULUTH","MN","558050000","218-728-0884",8,"412",7,0,"NET 21 DAYS",54835,3621556,5/12/2010,"CMW",0,"LN2287909-03",,,,,,
RecType,InvNum,Type,UPC,ProductID,QuantityShipped,Unit,Size,Brand,Description,RegularSRP,Status,NetPricePerUnit,ExtendedPrice,SaleSRP,RegPricePerUnit,CustomerID,PriceOrigin,QuantityOrdered,Taxable,LB flag,CW flag,CW2,CNF_RegSRP,CNF_SpcSRP,CorpCustID,CorpProdID,OrderNumber,InvoiceDate,Servings,
Detail,8238120,B,717256-000615,0246033,"6","EA","64 OZ","BIOKLN","LIQ LAUNDRY,CITRUS","12.79",,"7.650","45.90",".00","7.650",54835,"","6",0,"N","N",".00","","",54835,24603,6728016,5/13/2010,1,
Detail,8238120,B,749174-097002,0221150,"3","EA","25 OZ","EARTHF","DISHMATE,ALMOND","3.49",,"2.090","6.27",".00","2.090",54835,"","3",0,"N","N",".00","","",54835,22115,6728016,5/13/2010,1,
Detail,8238120,B,749174-097224,0338624,"3","EA","25 OZ","EARTHF","DISHMATE,GRAPEFRUIT","3.49",,"2.090","6.27",".00","2.090",54835,"","3",0,"N","N",".00","","",54835,33862,6728016,5/13/2010,1,
Detail,8238120,B,745158-600404,0360966,"1","CS","5 OZ","HALO","SPOTS STEW DOG,CHICKEN","1.69",,".998","11.97",".00",".998",54835,"","1",0,"N","N",".00","","",54835,36096,6728016,5/13/2010,12,
Detail,8238120,B,770009-010484,0169862,"3","EA","60 CT","IFYC","BAKING CUPS,BROWN 2.5IN","1.59",,".950","2.85",".00",".950",54835,"","3",0,"N","N",".00","","",54835,16986,6728016,5/13/2010,1,
Detail,8238120,B,031436-000111,0307173,"3","EA","10 LB","MALI'S","CHARCOAL LUMP,NATL HDWOOD","8.45",,"5.030","15.09",".00","5.030",54835,"","3",0,"N","N",".00","","",54835,30717,6728016,5/13/2010,1,
Detail,8238120,B,012344-050085,0485540,"5","EA","8#","NATLIF","DRY CAT FOOD,REG","16.95",,"8.760","43.80","16.95","10.130",54835,"M 15","5",0,"N","N",".00","","",54835,48554,6728016,5/13/2010,1,
Detail,8238120,B,757645-660105,0691733,"1","CS","7 #","NEWMAN","DOG FOOD,OG,ADLT,CHKN&RCE","20.45",,"12.233","48.93",".00","12.233",54835,"","1",0,"N","N",".00","","",54835,69173,6728016,5/13/2010,4,
Detail,8238120,B,757645-613057,0572958,"1","CS","10 OZ","NEWMAN","DOG TREATS,OG,SMALL,CHCKN","3.89",,"2.015","12.09","3.89","2.332",54835,"CSD 15","1",0,"N","N",".00","","",54835,57295,6728016,5/13/2010,6,
Detail,8238120,B,026851-120407,0907725,"2","EA","4.4 #","ONERTH","ADULT CAT FORMULA,DRY","9.15",,"5.480","10.96",".00","5.480",54835,"","2",0,"N","N",".00","","",54835,90772,6728016,5/13/2010,1,
Detail,8238120,B,872242-007389,0708859,"3","EA","16 OZ","PETPRM","SHAMPOO,DOG,HYPO ALLERGNC","8.45",,"5.040","15.12",".00","5.040",54835,"","3",0,"N","N",".00","","",54835,70885,6728016,5/13/2010,1,
Detail,8238120,B,732913-342082,0786269,"1","CS","70 CT","SEVNTH","BABY WIPES,TRAVEL REFILL","5.09",,"3.050","36.60",".00","3.050",54835,"","1",0,"N","N",".00","","",54835,78626,6728016,5/13/2010,12,
Detail,8238120,B,787748-228797,0301317,"2","EA","14 LB","SWHEAT","CAT LITTER, SWEET SCOOP","12.89",,"7.710","15.42",".00","7.710",54835,"","2",0,"N","N",".00","","",54835,30131,6728016,5/13/2010,1,
Detail,8238120,B,026938-899806,0899807,"2","","EA","","TOTES CHARGE",".00",,".000",".00",".00",".000",54835,"NO CHG","2",0,"","",".00","N","",54835,89980,6728016,5/13/2010,1,
RecType,InvNum,Type,NumGroceryItems,NumRefrigItems,NumRepackItems,NumFrozenItems,TotalPcs,TotalWt,TotalCubes,NonSpecial,Special,GrossTotal,VolDiscnt,Discount,NetTotal,TotalRetail,Deposits,Adjustments,ProfitAmnt,Profit%,InvDate,CorpCustID,OrderNumber,,,,,,,
Footer,8238120,C,"16","0","2","0","18","222","1.89","215.38","55.89","271.27","0",".00","271.27","468.48",".00",".00",".00",".00",5/13/2010,54835,6728016,,,,,,,
