RecType,InvNum,Type,OrderNumber,InvoiceDate,DBA,CustomerNumber,CustomerName,CustAddr1,CustAddr2,City,State,ZipCode,PhoneNumber,Whse,Trip,Terms,D/CFlag,TermsMsg,CorpCustID,CoverSheet,OrdEntryDate,ChainCode,ApplyTo#,PO#,,,,,,
Header,8238121,A,6728017,5/13/2010,1,54835,"WHOLE FOODS COMMUNITY COO","610 EAST 4TH STREET","","DULUTH","MN","558050000","218-728-0884",8,"412",7,0,"NET 21 DAYS",54835,3621556,5/12/2010,"CMW",0,"LN2287909-08",,,,,,
RecType,InvNum,Type,UPC,ProductID,QuantityShipped,Unit,Size,Brand,Description,RegularSRP,Status,NetPricePerUnit,ExtendedPrice,SaleSRP,RegPricePerUnit,CustomerID,PriceOrigin,QuantityOrdered,Taxable,LB flag,CW flag,CW2,CNF_RegSRP,CNF_SpcSRP,CorpCustID,CorpProdID,OrderNumber,InvoiceDate,Servings,
Detail,8238121,B,074305-011283,0462077,"2","EA","1 GAL","BRAGG","APL CIDR VINGR,OG,RAW,UN","18.55",,"10.630","21.26",".00","10.630",54835,"","2",0,"N","N",".00","","",54835,46207,6728017,5/13/2010,1,
Detail,8238121,B,638882-002036,0337931,"2","CS","15 OZ","FARMER","SWEET POTATO,OG,CAN,PUREE","3.15",,"1.781","42.74",".00","1.781",54835,"","2",0,"N","N",".00","","",54835,33793,6728017,5/13/2010,12,
Detail,8238121,B,042608-470212,0773374,"1","CS","32 OZ","LAKEWD","JUICE,OG,POM W/BLUE HH","4.65",,"2.288","27.45","4.65","2.725",54835,"PRO 15","1",0,"N","N",".00","","",54835,77337,6728017,5/13/2010,12,
Detail,8238121,B,058449-450047,0986604,"1","CS","8/1.75OZ","NATPTH","OATMEAL POUCH,OG,APL CINN","4.09",,"1.747","10.48","4.09","2.447",54835,"M 35","1",0,"N","N",".00","","",54835,98660,6728017,5/13/2010,6,
Detail,8238121,B,058449-450030,0986802,"1","CS","8/1.75OZ","NATPTH","OATMEAL POUCH,OG,MPLE NUT","4.09",,"1.747","10.48","4.09","2.447",54835,"M 35","1",0,"N","N",".00","","",54835,98680,6728017,5/13/2010,6,
Detail,8238121,B,041653-456745,0345918,"1","CS","10.5 OZ","UNCSAM","CEREAL,UNCLE SAM W/BERRIE","4.25",,"2.523","30.28",".00","2.523",54835,"","1",0,"N","N",".00","","",54835,34591,6728017,5/13/2010,12,
Detail,8238121,B,074873-163223,0306845,"2","CS","15 OZ","WBRAE","BEANS,OG,GREAT NORTH","2.09",,"1.185","28.44",".00","1.185",54835,"","2",0,"N","N",".00","","",54835,30684,6728017,5/13/2010,12,
Detail,8238121,B,026938-899806,0899807,"1","","EA","","TOTES CHARGE",".00",,".000",".00",".00",".000",54835,"NO CHG","1",0,"","",".00","N","",54835,89980,6728017,5/13/2010,1,
RecType,InvNum,Type,NumGroceryItems,NumRefrigItems,NumRepackItems,NumFrozenItems,TotalPcs,TotalWt,TotalCubes,NonSpecial,Special,GrossTotal,VolDiscnt,Discount,NetTotal,TotalRetail,Deposits,Adjustments,ProfitAmnt,Profit%,InvDate,CorpCustID,OrderNumber,,,,,,,
Footer,8238121,C,"8","0","1","0","9","146",".59","122.72","48.41","171.13","0",".00","171.13","318.74",".00",".00",".00",".00",5/13/2010,54835,6728017,,,,,,,
