RecType,InvNum,Type,OrderNumber,InvoiceDate,DBA,CustomerNumber,CustomerName,CustAddr1,CustAddr2,City,State,ZipCode,PhoneNumber,Whse,Trip,Terms,D/CFlag,TermsMsg,CorpCustID,CoverSheet,OrdEntryDate,ChainCode,ApplyTo#,PO#,,,,,,
Header,8238119,A,6727956,5/13/2010,1,54835,"WHOLE FOODS COMMUNITY COO","610 EAST 4TH STREET","","DULUTH","MN","558050000","218-728-0884",8,"412",7,0,"NET 21 DAYS",54835,3621556,5/12/2010,"CMW",0,"LN2287896-21",,,,,,
RecType,InvNum,Type,UPC,ProductID,QuantityShipped,Unit,Size,Brand,Description,RegularSRP,Status,NetPricePerUnit,ExtendedPrice,SaleSRP,RegPricePerUnit,CustomerID,PriceOrigin,QuantityOrdered,Taxable,LB flag,CW flag,CW2,CNF_RegSRP,CNF_SpcSRP,CorpCustID,CorpProdID,OrderNumber,InvoiceDate,Servings,
Detail,8238119,B,089836-028693,0546317,"1","EA","#","FRNTHB","BROTH POWDER,OG,CHCKN FLV","20.19",,"7.430","7.43",".00","7.430",54835,"","1",0,"N","N",".00","","",54835,54631,6727956,5/13/2010,1,
Detail,8238119,B,089836-025920,0448514,"1","EA","#","FRNTHB","CUMIN SEED,OG,GROUND","21.45",,"7.900","7.90",".00","7.900",54835,"","1",0,"N","N",".00","","",54835,44851,6727956,5/13/2010,1,
Detail,8238119,B,089836-001375,0310888,"1","EA","#","FRNTHB","CUMIN SEED,WHOLE","14.25",,"5.240","5.24",".00","5.240",54835,"","1",0,"N","N",".00","","",54835,31088,6727956,5/13/2010,1,
Detail,8238119,B,089836-025241,0298331,"1","EA","#","FRNTHB","GARLIC GRANULES,OG","15.69",,"5.770","5.77",".00","5.770",54835,"","1",0,"N","N",".00","","",54835,29833,6727956,5/13/2010,1,
Detail,8238119,B,089836-009524,0546614,"1","EA","#","FRNTHB","MILK THISTLE SEED,OG,WHL","20.19",,"7.430","7.43",".00","7.430",54835,"","1",0,"N","N",".00","","",54835,54661,6727956,5/13/2010,1,
Detail,8238119,B,089836-007025,0310664,"1","EA","#","FRNTHB","PAU D'ARCO BARK C/S","12.19",,"4.480","4.48",".00","4.480",54835,"","1",0,"N","N",".00","","",54835,31066,6727956,5/13/2010,1,
Detail,8238119,B,089836-026002,0546671,"1","EA","#","FRNTHB","PEPPER,BLACK,OG,MED,GRIND","22.35",,"6.730","6.73","22.35","8.230",54835,"PRO 20","1",0,"N","N",".00","","",54835,54667,6727956,5/13/2010,1,
Detail,8238119,B,089836-003799,0448613,"1","EA","#","FRNTHB","ROSEMARY LEAF,OG,WHOLE","15.55",,"5.730","5.73",".00","5.730",54835,"","1",0,"N","N",".00","","",54835,44861,6727956,5/13/2010,1,
Detail,8238119,B,089836-027054,0546572,"1","EA","#","FRNTHB","KELP GRANULES,OG","14.55",,"5.360","5.36",".00","5.360",54835,"","1",0,"N","N",".00","","",54835,54657,6727956,5/13/2010,1,
Detail,8238119,B,089836-028730,0551770,"1","EA","#","FRNTHB","TEA,OG,FT,GUNPOWDER GREEN","32.75",,"12.050","12.05",".00","12.050",54835,"","1",0,"N","N",".00","","",54835,55177,6727956,5/13/2010,1,
Detail,8238119,B,089836-010759,0708396,"1","EA","#","FRNTHB","TEA,OG,SENCHA LEAF","42.85",,"15.780","15.78",".00","15.780",54835,"","1",0,"N","N",".00","","",54835,70839,6727956,5/13/2010,1,
Detail,8238119,B,026938-899806,0899807,"1","","EA","","TOTES CHARGE",".00",,".000",".00",".00",".000",54835,"NO CHG","1",0,"","",".00","N","",54835,89980,6727956,5/13/2010,1,
Detail,8238119,B,089836-026491,0546556,"0","EA","#","FRNTHB","ITALIAN SEASONING,OG,WHL",".00",OUT,".000",".00",".00",".000",54835,"","1",0,"N","N",".00","","",54835,54655,6727956,5/13/2010,1,
RecType,InvNum,Type,NumGroceryItems,NumRefrigItems,NumRepackItems,NumFrozenItems,TotalPcs,TotalWt,TotalCubes,NonSpecial,Special,GrossTotal,VolDiscnt,Discount,NetTotal,TotalRetail,Deposits,Adjustments,ProfitAmnt,Profit%,InvDate,CorpCustID,OrderNumber,,,,,,,
Footer,8238119,C,"0","0","1","0","1","18",".20","77.17","6.73","83.90","0",".00","83.90","232.01",".00",".00",".00",".00",5/13/2010,54835,6727956,,,,,,,
