RecType,InvNum,Type,OrderNumber,InvoiceDate,DBA,CustomerNumber,CustomerName,CustAddr1,CustAddr2,City,State,ZipCode,PhoneNumber,Whse,Trip,Terms,D/CFlag,TermsMsg,CorpCustID,CoverSheet,OrdEntryDate,ChainCode,ApplyTo#,PO#,,,,,,
Header,8238108,A,6727508,5/13/2010,1,54835,"WHOLE FOODS COMMUNITY COO","610 EAST 4TH STREET","","DULUTH","MN","558050000","218-728-0884",8,"412",7,0,"NET 21 DAYS",54835,3621556,5/12/2010,"CMW",0,"LN2287837-12",,,,,,
RecType,InvNum,Type,UPC,ProductID,QuantityShipped,Unit,Size,Brand,Description,RegularSRP,Status,NetPricePerUnit,ExtendedPrice,SaleSRP,RegPricePerUnit,CustomerID,PriceOrigin,QuantityOrdered,Taxable,LB flag,CW flag,CW2,CNF_RegSRP,CNF_SpcSRP,CorpCustID,CorpProdID,OrderNumber,InvoiceDate,Servings,
Detail,8238108,B,025317-565004,0289074,"1","CS","16 OZ","APLEGT","BURGER,OG,TURKEY","8.69",,"4.316","51.79","8.69","5.121",54835,"PRO 15","1",0,"N","N",".00","","",54835,28907,6727508,5/13/2010,12,
Detail,8238108,B,025317-530002,0274159,"2","CS","12 OZ","APLEGT","HOT DOG,BEEF,ANTIBTC FREE","4.85",,"2.281","54.74","4.85","2.852",54835,"PRO 20","2",0,"N","N",".00","","",54835,27415,6727508,5/13/2010,12,
Detail,8238108,B,754570-252504,0917237,"1","CS","1 #","ARCTIC","POLLOCK,ALASKAN FILLETS","3.05",,"1.772","21.26",".00","1.772",54835,"","1",0,"N","N",".00","","",54835,91723,6727508,5/13/2010,12,
Detail,8238108,B,048481-009914,0273003,"1","CS","12 OZ","SHLTON","TURKEY FRANKS","3.85",,"1.973","11.84","3.85","2.252",54835,"M 15","1",0,"N","N",".00","","",54835,27300,6727508,5/13/2010,6,
RecType,InvNum,Type,NumGroceryItems,NumRefrigItems,NumRepackItems,NumFrozenItems,TotalPcs,TotalWt,TotalCubes,NonSpecial,Special,GrossTotal,VolDiscnt,Discount,NetTotal,TotalRetail,Deposits,Adjustments,ProfitAmnt,Profit%,InvDate,CorpCustID,OrderNumber,,,,,,,
Footer,8238108,C,"0","0","0","5","5","47",".28","21.26","118.37","139.63","0",".00","139.63","280.38",".00",".00",".00",".00",5/13/2010,54835,6727508,,,,,,,
