RecType,InvNum,Type,OrderNumber,InvoiceDate,DBA,CustomerNumber,CustomerName,CustAddr1,CustAddr2,City,State,ZipCode,PhoneNumber,Whse,Trip,Terms,D/CFlag,TermsMsg,CorpCustID,CoverSheet,OrdEntryDate,ChainCode,ApplyTo#,PO#,,,,,,
Header,8238101,A,6727498,5/13/2010,1,54835,"WHOLE FOODS COMMUNITY COO","610 EAST 4TH STREET","","DULUTH","MN","558050000","218-728-0884",8,"412",7,0,"NET 21 DAYS",54835,3621556,5/12/2010,"CMW",0,"LN2287837-03",,,,,,
RecType,InvNum,Type,UPC,ProductID,QuantityShipped,Unit,Size,Brand,Description,RegularSRP,Status,NetPricePerUnit,ExtendedPrice,SaleSRP,RegPricePerUnit,CustomerID,PriceOrigin,QuantityOrdered,Taxable,LB flag,CW flag,CW2,CNF_RegSRP,CNF_SpcSRP,CorpCustID,CorpProdID,OrderNumber,InvoiceDate,Servings,
Detail,8238101,B,093966-330007,0213645,"1","CS","16 OZ","OGVAL","BUTTER,OG,SLTD,STICKS","7.09",,"4.275","64.12",".00","4.275",54835,"","1",0,"N","N",".00","","",54835,21364,6727498,5/13/2010,15,
Detail,8238101,B,015700-227206,0500058,"1","LB","1#","PLUGRA","BUTTER,EUROPEAN STYLE","4.09",,"2.459","88.53",".00","2.459",54835,"","1",0,"N","N",".00","","",54835,50005,6727498,5/13/2010,36,
Detail,8238101,B,750388-201017,0537803,"1","CS","1 LB","WESTBY","BUTTER,rBGH FREE","3.95",,"2.374","85.47",".00","2.374",54835,"","1",0,"N","N",".00","","",54835,53780,6727498,5/13/2010,36,
Detail,8238101,B,026938-683092,0683094,"1","EA","EA","UNFI","UNFI FUEL SURCHARGE","20.09",,"20.000","20.00","22.15","22.150",54835,"PRO  8","1",0,"N","N",".00","","",54835,68309,6727498,5/13/2010,1,
Detail,8238101,B,026938-570699,0570697,"1","EA","BOX","UNFI","MVP SAMPLE BOX,FULL",".00",,".000",".00",".00",".000",54835,"NO CHG","1",0,"N","N",".00","","",54835,57069,6727498,5/13/2010,1,
RecType,InvNum,Type,NumGroceryItems,NumRefrigItems,NumRepackItems,NumFrozenItems,TotalPcs,TotalWt,TotalCubes,NonSpecial,Special,GrossTotal,VolDiscnt,Discount,NetTotal,TotalRetail,Deposits,Adjustments,ProfitAmnt,Profit%,InvDate,CorpCustID,OrderNumber,,,,,,,
Footer,8238101,C,"1","3","0","0","4","91",".23","238.12","20.00","258.12","0",".00","258.12","415.88",".00",".00",".00",".00",5/13/2010,54835,6727498,,,,,,,
