RecType,InvNum,Type,OrderNumber,InvoiceDate,DBA,CustomerNumber,CustomerName,CustAddr1,CustAddr2,City,State,ZipCode,PhoneNumber,Whse,Trip,Terms,D/CFlag,TermsMsg,CorpCustID,CoverSheet,OrdEntryDate,ChainCode,ApplyTo#,PO#,,,,,,
Header,8238115,A,6727948,5/13/2010,1,54835,"WHOLE FOODS COMMUNITY COO","610 EAST 4TH STREET","","DULUTH","MN","558050000","218-728-0884",8,"412",7,0,"NET 21 DAYS",54835,3621556,5/12/2010,"CMW",0,"LN2287896-17",,,,,,
RecType,InvNum,Type,UPC,ProductID,QuantityShipped,Unit,Size,Brand,Description,RegularSRP,Status,NetPricePerUnit,ExtendedPrice,SaleSRP,RegPricePerUnit,CustomerID,PriceOrigin,QuantityOrdered,Taxable,LB flag,CW flag,CW2,CNF_RegSRP,CNF_SpcSRP,CorpCustID,CorpProdID,OrderNumber,InvoiceDate,Servings,
Detail,8238115,B,012647-601106,0114470,"1","CS","#","GRANOL","GRANOLA,5 GRAIN","3.29",,"1.841","18.41",".00","1.841",54835,"","1",0,"N","N",".00","","",54835,11447,6727948,5/13/2010,10,
Detail,8238115,B,026938-574123,0574129,"0","CS","#","BULK B","MANGO,OG,UNSWT,NO-SO2",".00",OUT,".000",".00",".00",".000",54835,"","1",0,"N","N",".00","","",54835,57412,6727948,5/13/2010,5,
RecType,InvNum,Type,NumGroceryItems,NumRefrigItems,NumRepackItems,NumFrozenItems,TotalPcs,TotalWt,TotalCubes,NonSpecial,Special,GrossTotal,VolDiscnt,Discount,NetTotal,TotalRetail,Deposits,Adjustments,ProfitAmnt,Profit%,InvDate,CorpCustID,OrderNumber,,,,,,,
Footer,8238115,C,"1","0","0","0","1","10",".04","18.41",".00","18.41","0",".00","18.41","32.90",".00",".00",".00",".00",5/13/2010,54835,6727948,,,,,,,
