RecType,InvNum,Type,OrderNumber,InvoiceDate,DBA,CustomerNumber,CustomerName,CustAddr1,CustAddr2,City,State,ZipCode,PhoneNumber,Whse,Trip,Terms,D/CFlag,TermsMsg,CorpCustID,CoverSheet,OrdEntryDate,ChainCode,ApplyTo#,PO#,,,,,,
Header,8238110,A,6727819,5/13/2010,1,54835,"WHOLE FOODS COMMUNITY COO","610 EAST 4TH STREET","","DULUTH","MN","558050000","218-728-0884",8,"412",7,0,"NET 21 DAYS",54835,3621556,5/12/2010,"CMW",0,"LN2287865-03",,,,,,
RecType,InvNum,Type,UPC,ProductID,QuantityShipped,Unit,Size,Brand,Description,RegularSRP,Status,NetPricePerUnit,ExtendedPrice,SaleSRP,RegPricePerUnit,CustomerID,PriceOrigin,QuantityOrdered,Taxable,LB flag,CW flag,CW2,CNF_RegSRP,CNF_SpcSRP,CorpCustID,CorpProdID,OrderNumber,InvoiceDate,Servings,
Detail,8238110,B,026938-468514,0468512,"1","CS","1 #","CEDARG","CHEDDAR,OG,MILD WHITE","9.65",,"5.046","40.37",".00","5.046",54835,"","1",0,"N","N",".00","","",54835,46851,6727819,5/13/2010,8,
Detail,8238110,B,026938-468552,0468553,"1","CS","1 #","CEDARG","COLBY,MARBLE rBGH FREE","8.25",,"4.326","34.61",".00","4.326",54835,"","1",0,"N","N",".00","","",54835,46855,6727819,5/13/2010,8,
Detail,8238110,B,049568-520100,0477091,"1","CS","10 OZ","FOLLOW","MOZZARELLA VEGAN CHEESE","5.15",,"2.341","28.09","5.15","2.685",54835,"M 15","1",0,"N","N",".00","","",54835,47709,6727819,5/13/2010,12,
Detail,8238110,B,079004-100023,0493551,"1","CS","8 OZ","MTSTRL","CHEDDAR,GOAT,RAW","6.59",,"3.447","41.36",".00","3.447",54835,"","1",0,"N","N",".00","","",54835,49355,6727819,5/13/2010,12,
Detail,8238110,B,093966-211016,0431346,"1","CS","8 OZ","OGVAL","CREAM CHEESE,OG,BARS,PAST","3.95",,"2.048","24.58",".00","2.048",54835,"","1",0,"N","N",".00","","",54835,43134,6727819,5/13/2010,12,
Detail,8238110,B,093966-213010,0391789,"1","CS","8 OZ","OGVAL","FETA,OG (COW MILK)","6.15",,"3.223","38.67",".00","3.223",54835,"","1",0,"N","N",".00","","",54835,39178,6727819,5/13/2010,12,
Detail,8238110,B,093966-002195,0728832,"1","CS","15 OZ","OGVAL","RICOTTA CHEESE,OG","7.55",,"3.943","23.66",".00","3.943",54835,"","1",0,"N","N",".00","","",54835,72883,6727819,5/13/2010,6,
Detail,8238110,B,093966-000054,0602441,"2","CS","1 OZ","OGVAL","STRINGLES,OG",".85",,".443","21.26",".00",".443",54835,"","2",0,"N","N",".00","","",54835,60244,6727819,5/13/2010,24,
Detail,8238110,B,093966-002140,0728733,"1","CS","6 OZ","OGVAL","STRINGLES,OG,PART SKIM","6.05",,"3.168","38.01",".00","3.168",54835,"","1",0,"N","N",".00","","",54835,72873,6727819,5/13/2010,12,
Detail,8238110,B,093966-002164,0728782,"1","CS","6 OZ","OGVAL","STRINGLES,OG,PST,CLBY JCK","6.05",,"3.168","38.01",".00","3.168",54835,"","1",0,"N","N",".00","","",54835,72878,6727819,5/13/2010,12,
Detail,8238110,B,078016-123464,0797696,"1","CS","12 OZ","SOYA","SOYA CHEDDAR STYLE","7.05",,"3.683","22.10",".00","3.683",54835,"","1",0,"N","N",".00","","",54835,79769,6727819,5/13/2010,6,
Detail,8238110,B,734027-901292,0661017,"1","CS","12.7 OZ","GINGRP","SAUCE,SPICY GNGR TERIYAKI","5.05",,"2.413","28.96","5.05","2.888",54835,"M 20","1",0,"N","N",".00","","",54835,66101,6727819,5/13/2010,12,
RecType,InvNum,Type,NumGroceryItems,NumRefrigItems,NumRepackItems,NumFrozenItems,TotalPcs,TotalWt,TotalCubes,NonSpecial,Special,GrossTotal,VolDiscnt,Discount,NetTotal,TotalRetail,Deposits,Adjustments,ProfitAmnt,Profit%,InvDate,CorpCustID,OrderNumber,,,,,,,
Footer,8238110,C,"1","12","0","0","13","86",".26","322.63","57.05","379.68","0",".00","379.68","739.48",".00",".00",".00",".00",5/13/2010,54835,6727819,,,,,,,
