RecType,InvNum,Type,OrderNumber,InvoiceDate,DBA,CustomerNumber,CustomerName,CustAddr1,CustAddr2,City,State,ZipCode,PhoneNumber,Whse,Trip,Terms,D/CFlag,TermsMsg,CorpCustID,CoverSheet,OrdEntryDate,ChainCode,ApplyTo#,PO#,,,,,,
Header,8506629,A,6971662,6/24/2010,1,54835,"WHOLE FDS COOP-DULUTH","610 EAST 4TH STREET","","DULUTH","MN","558050000","218-728-0884",8,"412",7,0,"NET 21 DAYS",54835,3731201,6/23/2010,"CMW",0,"LN2365886-09",,,,,,
RecType,InvNum,Type,UPC,ProductID,QuantityShipped,Unit,Size,Brand,Description,RegularSRP,Status,NetPricePerUnit,ExtendedPrice,SaleSRP,RegPricePerUnit,CustomerID,PriceOrigin,QuantityOrdered,Taxable,LB flag,CW flag,CW2,CNF_RegSRP,CNF_SpcSRP,CorpCustID,CorpProdID,OrderNumber,InvoiceDate,Servings,
Detail,8506629,B,011013-100182,0223859,"1","CS","1 GAL","CITRA","CITRA SOLVE","51.45",,"30.778","123.11",".00","30.778",54835,"","1",0,"N","N",".00","","",54835,22385,6971662,6/24/2010,4,
Detail,8506629,B,012344-020200,0485441,"1","EA","20#","NATLIF","DRY DOG FOOD,ADULT","27.59",,"16.500","16.50",".00","16.500",54835,"","1",0,"N","N",".00","","",54835,48544,6971662,6/24/2010,1,
RecType,InvNum,Type,NumGroceryItems,NumRefrigItems,NumRepackItems,NumFrozenItems,TotalPcs,TotalWt,TotalCubes,NonSpecial,Special,GrossTotal,VolDiscnt,Discount,NetTotal,TotalRetail,Deposits,Adjustments,ProfitAmnt,Profit%,InvDate,CorpCustID,OrderNumber,,,,,,,
Footer,8506629,C,"2","0","0","0","2","57",".17","139.61",".00","139.61","0",".00","139.61","233.39",".00",".00",".00",".00",6/24/2010,54835,6971662,,,,,,,
