RecType,InvNum,Type,OrderNumber,InvoiceDate,DBA,CustomerNumber,CustomerName,CustAddr1,CustAddr2,City,State,ZipCode,PhoneNumber,Whse,Trip,Terms,D/CFlag,TermsMsg,CorpCustID,CoverSheet,OrdEntryDate,ChainCode,ApplyTo#,PO#,,,,,,
Header,8506638,A,6971902,6/24/2010,1,54835,"WHOLE FDS COOP-DULUTH","610 EAST 4TH STREET","","DULUTH","MN","558050000","218-728-0884",8,"412",7,0,"NET 21 DAYS",54835,3731201,6/23/2010,"CMW",0,"LN2365934-04",,,,,,
RecType,InvNum,Type,UPC,ProductID,QuantityShipped,Unit,Size,Brand,Description,RegularSRP,Status,NetPricePerUnit,ExtendedPrice,SaleSRP,RegPricePerUnit,CustomerID,PriceOrigin,QuantityOrdered,Taxable,LB flag,CW flag,CW2,CNF_RegSRP,CNF_SpcSRP,CorpCustID,CorpProdID,OrderNumber,InvoiceDate,Servings,
Detail,8506638,B,026395-100323,0661306,"12","EA","32 OZ","LILY","ALOE VERA GEL","10.29",,"4.620","55.44",".00","4.620",54835,"","12",0,"N","N",".00","","",54835,66130,6971902,6/24/2010,1,
Detail,8506638,B,033674-020708,0815621,"3","EA","100 CAP","NATWAY","ACTIVATED CHARCOAL,INT CL","9.75",,"4.370","13.11",".00","4.370",54835,"","3",0,"N","N",".00","","",54835,81562,6971902,6/24/2010,1,
Detail,8506638,B,021888-350124,0818005,"1","EA","120 VCAP","RBLITE","ALL-ZYME DBLE STRNGTH CAP","23.95",,"10.770","10.77",".00","10.770",54835,"","1",0,"N","N",".00","","",54835,81800,6971902,6/24/2010,1,
Detail,8506638,B,022506-002012,0936161,"3","EA","16 OZ","SPCESN","FLAX OIL,OG,ENRCH W/LIGN","23.75",,"9.000","27.00","23.75","10.670",54835,"PRO 15","3",0,"N","N",".00","","",54835,93616,6971902,6/24/2010,1,
Detail,8506638,B,026938-899806,0899807,"2","","EA","","TOTES CHARGE",".00",,".000",".00",".00",".000",54835,"NO CHG","2",0,"","",".00","N","",54835,89980,6971902,6/24/2010,1,
RecType,InvNum,Type,NumGroceryItems,NumRefrigItems,NumRepackItems,NumFrozenItems,TotalPcs,TotalWt,TotalCubes,NonSpecial,Special,GrossTotal,VolDiscnt,Discount,NetTotal,TotalRetail,Deposits,Adjustments,ProfitAmnt,Profit%,InvDate,CorpCustID,OrderNumber,,,,,,,
Footer,8506638,C,"0","3","2","0","5","54",".38","79.32","27.00","106.32","0",".00","106.32","247.93",".00",".00",".00",".00",6/24/2010,54835,6971902,,,,,,,
