RecType,InvNum,Type,OrderNumber,InvoiceDate,DBA,CustomerNumber,CustomerName,CustAddr1,CustAddr2,City,State,ZipCode,PhoneNumber,Whse,Trip,Terms,D/CFlag,TermsMsg,CorpCustID,CoverSheet,OrdEntryDate,ChainCode,ApplyTo#,PO#,,,,,,
Header,8498925,A,8498925,6/24/2010,1,54835,"WHOLE FDS COOP-DULUTH","610 EAST 4TH STREET","","DULUTH","MN","558050000","218-728-0884",8,"000",0,2,"",54835,3731201,6/24/2010,"CMW",8506620,"",,,,,,
RecType,InvNum,Type,UPC,ProductID,QuantityShipped,Unit,Size,Brand,Description,RegularSRP,Status,NetPricePerUnit,ExtendedPrice,SaleSRP,RegPricePerUnit,CustomerID,PriceOrigin,QuantityOrdered,Taxable,LB flag,CW flag,CW2,CNF_RegSRP,CNF_SpcSRP,CorpCustID,CorpProdID,OrderNumber,InvoiceDate,Servings,
Detail,8498925,B,742365-208553,0208173,"-1","CS","3/8 OZ","HORIZN","MILK,OG,UP,VAN,RDCD FAT",".00",,"2.625","-15.75",".00","2.625",54835,"","-1",0,"N","N",".00","","",54835,20817,8498925,6/24/2010,6,
Detail,8498925,B,742365-208843,0208181,"-1","EA","18/8 OZ","HORIZN","MILK,OG,2% RF,CLUB PK",".00",,".000",".00",".00",".000",54835,"","-1",0,"N","N",".00","","",54835,20818,8498925,6/24/2010,1,
RecType,InvNum,Type,NumGroceryItems,NumRefrigItems,NumRepackItems,NumFrozenItems,TotalPcs,TotalWt,TotalCubes,NonSpecial,Special,GrossTotal,VolDiscnt,Discount,NetTotal,TotalRetail,Deposits,Adjustments,ProfitAmnt,Profit%,InvDate,CorpCustID,OrderNumber,,,,,,,
Footer,8498925,C,"0","0","0","0","0","0",".00",".00",".00","-15.75","0",".00","-15.75",".00",".00",".00",".00",".00",6/24/2010,54835,8498925,,,,,,,
