RecType,InvNum,Type,OrderNumber,InvoiceDate,DBA,CustomerNumber,CustomerName,CustAddr1,CustAddr2,City,State,ZipCode,PhoneNumber,Whse,Trip,Terms,D/CFlag,TermsMsg,CorpCustID,CoverSheet,OrdEntryDate,ChainCode,ApplyTo#,PO#,,,,,,
Header,8506645,A,6971909,6/24/2010,1,54835,"WHOLE FDS COOP-DULUTH","610 EAST 4TH STREET","","DULUTH","MN","558050000","218-728-0884",8,"412",7,0,"NET 21 DAYS",54835,3731201,6/23/2010,"CMW",0,"LN2365934-21",,,,,,
RecType,InvNum,Type,UPC,ProductID,QuantityShipped,Unit,Size,Brand,Description,RegularSRP,Status,NetPricePerUnit,ExtendedPrice,SaleSRP,RegPricePerUnit,CustomerID,PriceOrigin,QuantityOrdered,Taxable,LB flag,CW flag,CW2,CNF_RegSRP,CNF_SpcSRP,CorpCustID,CorpProdID,OrderNumber,InvoiceDate,Servings,
Detail,8506645,B,089836-007957,0735621,"1","EA","#","FRNTHB","CAYENNE,OG,30000 HU","20.19",,"7.430","7.43",".00","7.430",54835,"","1",0,"N","N",".00","","",54835,73562,6971909,6/24/2010,1,
Detail,8506645,B,089836-025920,0448514,"1","EA","#","FRNTHB","CUMIN SEED,OG,GROUND","21.45",,"7.900","7.90",".00","7.900",54835,"","1",0,"N","N",".00","","",54835,44851,6971909,6/24/2010,1,
Detail,8506645,B,089836-001375,0310888,"1","EA","#","FRNTHB","CUMIN SEED,WHOLE","14.25",,"5.240","5.24",".00","5.240",54835,"","1",0,"N","N",".00","","",54835,31088,6971909,6/24/2010,1,
Detail,8506645,B,089836-026507,0478271,"1","EA","#","FRNTHB","CURRY POWDER,OG","19.75",,"7.270","7.27",".00","7.270",54835,"","1",0,"N","N",".00","","",54835,47827,6971909,6/24/2010,1,
Detail,8506645,B,089836-026194,0448548,"1","EA","#","FRNTHB","FENNEL SEED,OG,WHOLE","14.69",,"5.400","5.40",".00","5.400",54835,"","1",0,"N","N",".00","","",54835,44854,6971909,6/24/2010,1,
Detail,8506645,B,089836-026002,0546671,"1","EA","#","FRNTHB","PEPPER,BLACK,OG,MED,GRIND","22.35",,"8.230","8.23",".00","8.230",54835,"","1",0,"N","N",".00","","",54835,54667,6971909,6/24/2010,1,
Detail,8506645,B,089836-002365,0466045,"1","EA","#","FRNTHB","SAGE LEAF,OG,RUBBED","24.15",,"8.890","8.89",".00","8.890",54835,"","1",0,"N","N",".00","","",54835,46604,6971909,6/24/2010,1,
Detail,8506645,B,089836-027054,0546572,"1","EA","#","FRNTHB","KELP GRANULES,OG","14.55",,"5.360","5.36",".00","5.360",54835,"","1",0,"N","N",".00","","",54835,54657,6971909,6/24/2010,1,
Detail,8506645,B,089836-001252,0379388,"1","EA","#","FRNTHB","CHILI POWDER FIESTA","14.95",,"5.490","5.49",".00","5.490",54835,"","1",0,"N","N",".00","","",54835,37938,6971909,6/24/2010,1,
Detail,8506645,B,026938-899806,0899807,"1","","EA","","TOTES CHARGE",".00",,".000",".00",".00",".000",54835,"NO CHG","1",0,"","",".00","N","",54835,89980,6971909,6/24/2010,1,
Detail,8506645,B,089836-003621,0311563,"0","EA","#","FRNTHB","DILL WEED,OG,C/S",".00",OUT,".000",".00",".00",".000",54835,"","1",0,"N","N",".00","","",54835,31156,6971909,6/24/2010,1,
Detail,8506645,B,089836-008633,0791673,"0","EA","#","FRNTHB","PSYLLIUM SD HUSK,OG,WHOLE",".00",OUT,".000",".00",".00",".000",54835,"","1",0,"N","N",".00","","",54835,79167,6971909,6/24/2010,1,
Detail,8506645,B,089836-026491,0546556,"0","EA","#","FRNTHB","ITALIAN SEASONING,OG,WHL",".00",OUT,".000",".00",".00",".000",54835,"","1",0,"N","N",".00","","",54835,54655,6971909,6/24/2010,1,
RecType,InvNum,Type,NumGroceryItems,NumRefrigItems,NumRepackItems,NumFrozenItems,TotalPcs,TotalWt,TotalCubes,NonSpecial,Special,GrossTotal,VolDiscnt,Discount,NetTotal,TotalRetail,Deposits,Adjustments,ProfitAmnt,Profit%,InvDate,CorpCustID,OrderNumber,,,,,,,
Footer,8506645,C,"0","0","1","0","1","16",".19","61.21",".00","61.21","0",".00","61.21","166.33",".00",".00",".00",".00",6/24/2010,54835,6971909,,,,,,,
