RecType,InvNum,Type,OrderNumber,InvoiceDate,DBA,CustomerNumber,CustomerName,CustAddr1,CustAddr2,City,State,ZipCode,PhoneNumber,Whse,Trip,Terms,D/CFlag,TermsMsg,CorpCustID,CoverSheet,OrdEntryDate,ChainCode,ApplyTo#,PO#,,,,,,
Header,8498884,A,8498884,6/24/2010,1,54835,"WHOLE FDS COOP-DULUTH","610 EAST 4TH STREET","","DULUTH","MN","558050000","218-728-0884",8,"000",0,2,"",54835,3731201,6/24/2010,"CMW",8506620,"",,,,,,
RecType,InvNum,Type,UPC,ProductID,QuantityShipped,Unit,Size,Brand,Description,RegularSRP,Status,NetPricePerUnit,ExtendedPrice,SaleSRP,RegPricePerUnit,CustomerID,PriceOrigin,QuantityOrdered,Taxable,LB flag,CW flag,CW2,CNF_RegSRP,CNF_SpcSRP,CorpCustID,CorpProdID,OrderNumber,InvoiceDate,Servings,
Detail,8498884,B,799210-434018,0217430,"-1","CS","12 OZ","BIONTR","PASTA,OG,SPAGHETTI,G/F",".00",,"2.695","-32.34",".00","2.695",54835,"","-1",0,"N","N",".00","","",54835,21743,8498884,6/24/2010,12,
Detail,8498884,B,043182-000215,0268946,"-1","CS","2.8 OZ","EDWARD","CRACKER,RICE SNAX,ON&GRLC",".00",,".000",".00",".00",".000",54835,"","-1",0,"N","N",".00","","",54835,26894,8498884,6/24/2010,6,
Detail,8498884,B,666016-444506,0498873,"-1","CS","1.9 OZ","OSKRI","SESAME BAR,OG,MOLASS FENL",".00",,".000",".00",".00",".000",54835,"","-1",0,"N","N",".00","","",54835,49887,8498884,6/24/2010,18,
Detail,8498884,B,666016-444100,0498931,"-1","CS","1.9 OZ","OSKRI","SESAME BAR,OG,MOLASSES",".00",,".648","-11.66",".00",".648",54835,"","-1",0,"N","N",".00","","",54835,49893,8498884,6/24/2010,18,
RecType,InvNum,Type,NumGroceryItems,NumRefrigItems,NumRepackItems,NumFrozenItems,TotalPcs,TotalWt,TotalCubes,NonSpecial,Special,GrossTotal,VolDiscnt,Discount,NetTotal,TotalRetail,Deposits,Adjustments,ProfitAmnt,Profit%,InvDate,CorpCustID,OrderNumber,,,,,,,
Footer,8498884,C,"0","0","0","0","0","0",".00",".00",".00","-44.00","0",".00","-44.00",".00",".00",".00",".00",".00",6/24/2010,54835,8498884,,,,,,,
