RecType,InvNum,Type,OrderNumber,InvoiceDate,DBA,CustomerNumber,CustomerName,CustAddr1,CustAddr2,City,State,ZipCode,PhoneNumber,Whse,Trip,Terms,D/CFlag,TermsMsg,CorpCustID,CoverSheet,OrdEntryDate,ChainCode,ApplyTo#,PO#,,,,,,
Header,8104185,A,8104185,4/23/2010,1,54835,"WHOLE FOODS COMMUNITY COO","610 EAST 4TH STREET","","DULUTH","MN","558050000","218-728-0884",8,"000",0,2,"",54835,3570310,4/23/2010,"CMW",8114522,"",,,,,,
RecType,InvNum,Type,UPC,ProductID,QuantityShipped,Unit,Size,Brand,Description,RegularSRP,Status,NetPricePerUnit,ExtendedPrice,SaleSRP,RegPricePerUnit,CustomerID,PriceOrigin,QuantityOrdered,Taxable,LB flag,CW flag,CW2,CNF_RegSRP,CNF_SpcSRP,CorpCustID,CorpProdID,OrderNumber,InvoiceDate,Servings,
Detail,8104185,B,022506-423503,0224139,"-1","CS","#","SPCTRM","OLIVE OIL,OG,XTR VIRGIN",".00",,"5.007","-175.24",".00","5.007",54835,"","-1",0,"N","N",".00","","",54835,22413,8104185,4/23/2010,35,
Footer,8104185,C,"0","0","0","0","0","0",".00",".00",".00","-175.24","0",".00","-175.24",".00",".00",".00",".00",".00",4/23/2010,54835,8104185,,,,,,,
