RecType,InvNum,Type,OrderNumber,InvoiceDate,DBA,CustomerNumber,CustomerName,CustAddr1,CustAddr2,City,State,ZipCode,PhoneNumber,Whse,Trip,Terms,D/CFlag,TermsMsg,CorpCustID,CoverSheet,OrdEntryDate,ChainCode,ApplyTo#,PO#,,,,,,
Header,8069605,A,6577583,4/17/2010,1,54835,"WHOLE FOODS COMMUNITY COO","610 EAST 4TH STREET","","DULUTH","MN","558050000","218-728-0884",8,"642",7,0,"NET 21 DAYS",54835,3551503,4/16/2010,"CMW",0,"LN2239639-09",,,,,,
RecType,InvNum,Type,UPC,ProductID,QuantityShipped,Unit,Size,Brand,Description,RegularSRP,Status,NetPricePerUnit,ExtendedPrice,SaleSRP,RegPricePerUnit,CustomerID,PriceOrigin,QuantityOrdered,Taxable,LB flag,CW flag,CW2,CNF_RegSRP,CNF_SpcSRP,CorpCustID,CorpProdID,OrderNumber,InvoiceDate,Servings,
Detail,8069605,B,745158-400523,0360446,"1","CS","7.5 OZ","HALO","SPOTS STEW CAT,SALMON","2.09",,"1.252","15.02",".00","1.252",54835,"","1",0,"N","N",".00","","",54835,36044,6577583,4/17/2010,12,
Detail,8069605,B,745158-400622,0360743,"1","CS","7.5 OZ","HALO","SPOTS STEW CAT,TURKEY","2.09",,"1.252","15.02",".00","1.252",54835,"","1",0,"N","N",".00","","",54835,36074,6577583,4/17/2010,12,
Detail,8069605,B,035883-005040,0926543,"1","CS","14 OZ","PETGRD","CAT,CHICKEN & WHEAT GERM","2.55",,"1.388","16.65","2.55","1.517",54835,"M 10","1",0,"N","N",".00","","",54835,92654,6577583,4/17/2010,12,
Detail,8069605,B,732913-137268,0644807,"1","CS","12/352CT","SEVNTH","BATH TISSUE, 2 PLY","11.89",,"5.648","22.59","11.89","7.110",54835,"PRO 20","1",0,"N","N",".00","","",54835,64480,6577583,4/17/2010,4,
Detail,8069605,B,732913-137039,0954057,"1","CS","500 CT","SEVNTH","BATH TISSUE,2-PLY SINGLES","1.55",,".908","43.60",".00",".908",54835,"","1",0,"N","N",".00","","",54835,95405,6577583,4/17/2010,48,
RecType,InvNum,Type,NumGroceryItems,NumRefrigItems,NumRepackItems,NumFrozenItems,TotalPcs,TotalWt,TotalCubes,NonSpecial,Special,GrossTotal,VolDiscnt,Discount,NetTotal,TotalRetail,Deposits,Adjustments,ProfitAmnt,Profit%,InvDate,CorpCustID,OrderNumber,,,,,,,
Footer,8069605,C,"5","0","0","0","5","73",".58","73.64","39.24","112.88","0",".00","112.88","202.72",".00",".00",".00",".00",4/17/2010,54835,6577583,,,,,,,
