RecType,InvNum,Type,OrderNumber,InvoiceDate,DBA,CustomerNumber,CustomerName,CustAddr1,CustAddr2,City,State,ZipCode,PhoneNumber,Whse,Trip,Terms,D/CFlag,TermsMsg,CorpCustID,CoverSheet,OrdEntryDate,ChainCode,ApplyTo#,PO#,,,,,,
Header,8069609,A,6577816,4/17/2010,1,54835,"WHOLE FOODS COMMUNITY COO","610 EAST 4TH STREET","","DULUTH","MN","558050000","218-728-0884",8,"642",7,0,"NET 21 DAYS",54835,3551503,4/16/2010,"CMW",0,"",,,,,,
RecType,InvNum,Type,UPC,ProductID,QuantityShipped,Unit,Size,Brand,Description,RegularSRP,Status,NetPricePerUnit,ExtendedPrice,SaleSRP,RegPricePerUnit,CustomerID,PriceOrigin,QuantityOrdered,Taxable,LB flag,CW flag,CW2,CNF_RegSRP,CNF_SpcSRP,CorpCustID,CorpProdID,OrderNumber,InvoiceDate,Servings,
Detail,8069609,B,076314-301973,0835728,"4","EA","20 PK","ALACER","EMERGEN-C,OG,PMGRNATE TEA","17.65",,"7.200","28.80","17.65","7.920",54835,"OGD 10","4",0,"N","N",".00","","",54835,83572,6577816,4/17/2010,1,
Detail,8069609,B,022506-127012,0579045,"3","EA","60 CAP","SPCESN","BORAGE OIL,1000MG","30.55",,"13.740","41.22",".00","13.740",54835,"","3",0,"N","N",".00","","",54835,57904,6577816,4/17/2010,1,
Detail,8069609,B,026938-899806,0899807,"1","","EA","","TOTES CHARGE",".00",,".000",".00",".00",".000",54835,"NO CHG","1",0,"","",".00","N","",54835,89980,6577816,4/17/2010,1,
Footer,8069609,C,"0","0","1","0","1","9",".15","41.22","28.80","70.02","0",".00","70.02","162.25",".00",".00",".00",".00",4/17/2010,54835,6577816,,,,,,,
