RecType,InvNum,Type,OrderNumber,InvoiceDate,DBA,CustomerNumber,CustomerName,CustAddr1,CustAddr2,City,State,ZipCode,PhoneNumber,Whse,Trip,Terms,D/CFlag,TermsMsg,CorpCustID,CoverSheet,OrdEntryDate,ChainCode,ApplyTo#,PO#,,,,,,
Header,8069602,A,6577333,4/17/2010,1,54835,"WHOLE FOODS COMMUNITY COO","610 EAST 4TH STREET","","DULUTH","MN","558050000","218-728-0884",8,"642",7,0,"NET 21 DAYS",54835,3551503,4/16/2010,"CMW",0,"LN2239603-21",,,,,,
RecType,InvNum,Type,UPC,ProductID,QuantityShipped,Unit,Size,Brand,Description,RegularSRP,Status,NetPricePerUnit,ExtendedPrice,SaleSRP,RegPricePerUnit,CustomerID,PriceOrigin,QuantityOrdered,Taxable,LB flag,CW flag,CW2,CNF_RegSRP,CNF_SpcSRP,CorpCustID,CorpProdID,OrderNumber,InvoiceDate,Servings,
Detail,8069602,B,089836-025920,0448514,"1","EA","#","FRNTHB","CUMIN SEED,OG,GROUND","21.45",,"7.900","7.90",".00","7.900",54835,"","1",0,"N","N",".00","","",54835,44851,6577333,4/17/2010,1,
Detail,8069602,B,089836-026101,0119800,"1","EA","#","FRNTHB","GINGER ROOT,OG,GROUND","20.19",,"7.430","7.43",".00","7.430",54835,"","1",0,"N","N",".00","","",54835,11980,6577333,4/17/2010,1,
Detail,8069602,B,089836-003430,0311449,"1","EA","#","FRNTHB","MUSTARD SEED,OG,YEL,WHL","10.39",,"3.820","3.82",".00","3.820",54835,"","1",0,"N","N",".00","","",54835,31144,6577333,4/17/2010,1,
Detail,8069602,B,089836-003713,0298372,"1","EA","#","FRNTHB","ONION POWDER,OG","16.05",,"5.900","5.90",".00","5.900",54835,"","1",0,"N","N",".00","","",54835,29837,6577333,4/17/2010,1,
Detail,8069602,B,089836-002815,0298398,"1","EA","#","FRNTHB","OREGANO LEAF C/S,OG","24.69",,"9.090","9.09",".00","9.090",54835,"","1",0,"N","N",".00","","",54835,29839,6577333,4/17/2010,1,
Detail,8069602,B,026938-899806,0899807,"1","","EA","","TOTES CHARGE",".00",,".000",".00",".00",".000",54835,"NO CHG","1",0,"","",".00","N","",54835,89980,6577333,4/17/2010,1,
Detail,8069602,B,089836-029584,0498295,"0","EA","#","FRNTHB","PEPPERCORN,OG,BLND,SMOKE","21.09",,".000",".00",".00",".000",54835,"","0",0,"N","N",".00","","",54835,49829,6577333,4/17/2010,1,
RecType,InvNum,Type,NumGroceryItems,NumRefrigItems,NumRepackItems,NumFrozenItems,TotalPcs,TotalWt,TotalCubes,NonSpecial,Special,GrossTotal,VolDiscnt,Discount,NetTotal,TotalRetail,Deposits,Adjustments,ProfitAmnt,Profit%,InvDate,CorpCustID,OrderNumber,,,,,,,
Footer,8069602,C,"0","0","1","0","1","12",".17","34.14",".00","34.14","0",".00","34.14","92.77",".00",".00",".00",".00",4/17/2010,54835,6577333,,,,,,,
