RecType,InvNum,Type,OrderNumber,InvoiceDate,DBA,CustomerNumber,CustomerName,CustAddr1,CustAddr2,City,State,ZipCode,PhoneNumber,Whse,Trip,Terms,D/CFlag,TermsMsg,CorpCustID,CoverSheet,OrdEntryDate,ChainCode,ApplyTo#,PO#,,,,,,
Header,8069598,A,6577328,4/17/2010,1,54835,"WHOLE FOODS COMMUNITY COO","610 EAST 4TH STREET","","DULUTH","MN","558050000","218-728-0884",8,"642",7,0,"NET 21 DAYS",54835,3551503,4/16/2010,"CMW",0,"LN2239603-04",,,,,,
RecType,InvNum,Type,UPC,ProductID,QuantityShipped,Unit,Size,Brand,Description,RegularSRP,Status,NetPricePerUnit,ExtendedPrice,SaleSRP,RegPricePerUnit,CustomerID,PriceOrigin,QuantityOrdered,Taxable,LB flag,CW flag,CW2,CNF_RegSRP,CNF_SpcSRP,CorpCustID,CorpProdID,OrderNumber,InvoiceDate,Servings,
Detail,8069598,B,836470-010061,0781831,"3","EA","16 OZ","MICMIR","CHERRY CONC,100% TART MNT","24.09",,"10.830","32.49",".00","10.830",54835,"","3",0,"N","N",".00","","",54835,78183,6577328,4/17/2010,1,
Detail,8069598,B,033674-631003,0591842,"3","EA","60 TAB","NATWAY","TURMERIC EXTRACT","15.25",,"6.850","20.55",".00","6.850",54835,"","3",0,"N","N",".00","","",54835,59184,6577328,4/17/2010,1,
Detail,8069598,B,686936-120328,0151860,"3","EA","32 OZ","TAHITI","NONI JUICE,HIGH POTENCY","40.25",,"14.820","44.46","40.25","18.090",54835,"M 20","3",0,"N","N",".00","","",54835,15186,6577328,4/17/2010,1,
Detail,8069598,B,026938-899806,0899807,"1","","EA","","TOTES CHARGE",".00",,".000",".00",".00",".000",54835,"NO CHG","1",0,"","",".00","N","",54835,89980,6577328,4/17/2010,1,
Detail,8069598,B,635992-041078,0936948,"0","EA","22 OZ","GENSOY","ULTRA SOY,CHOCOLATE",".00",OUT,".000",".00",".00",".000",54835,"","1",0,"N","N",".00","","",54835,93694,6577328,4/17/2010,1,
RecType,InvNum,Type,NumGroceryItems,NumRefrigItems,NumRepackItems,NumFrozenItems,TotalPcs,TotalWt,TotalCubes,NonSpecial,Special,GrossTotal,VolDiscnt,Discount,NetTotal,TotalRetail,Deposits,Adjustments,ProfitAmnt,Profit%,InvDate,CorpCustID,OrderNumber,,,,,,,
Footer,8069598,C,"0","0","1","0","1","22",".19","53.04","44.46","97.50","0",".00","97.50","238.77",".00",".00",".00",".00",4/17/2010,54835,6577328,,,,,,,
