RecType,InvNum,Type,OrderNumber,InvoiceDate,DBA,CustomerNumber,CustomerName,CustAddr1,CustAddr2,City,State,ZipCode,PhoneNumber,Whse,Trip,Terms,D/CFlag,TermsMsg,CorpCustID,CoverSheet,OrdEntryDate,ChainCode,ApplyTo#,PO#,,,,,,
Header,8069589,A,6576424,4/17/2010,1,54835,"WHOLE FOODS COMMUNITY COO","610 EAST 4TH STREET","","DULUTH","MN","558050000","218-728-0884",8,"642",7,0,"NET 21 DAYS",54835,3551503,4/16/2010,"CMW",0,"LN2239513-05",,,,,,
RecType,InvNum,Type,UPC,ProductID,QuantityShipped,Unit,Size,Brand,Description,RegularSRP,Status,NetPricePerUnit,ExtendedPrice,SaleSRP,RegPricePerUnit,CustomerID,PriceOrigin,QuantityOrdered,Taxable,LB flag,CW flag,CW2,CNF_RegSRP,CNF_SpcSRP,CorpCustID,CorpProdID,OrderNumber,InvoiceDate,Servings,
Detail,8069589,B,075270-001705,0483164,"1","CS","64 OZ","MTNHI","YOGHURT,ORIG,PLAIN","6.85",,"3.605","14.42","6.85","4.110",54835,"M 15","1",0,"N","N",".00","","",54835,48316,6576424,4/17/2010,4,
Detail,8069589,B,052159-040116,0710186,"1","CS","6 OZ","STNFLD","YOGURT,OG,LF,SEASONAL","1.19",,".709","8.51",".00",".709",54835,"","1",0,"N","N",".00","","",54835,71018,6576424,4/17/2010,12,
Detail,8069589,B,052159-040055,0578880,"1","CS","6 OZ","STNFLD","YOGURT,OG,LF,RASPBERRY","1.19",,".709","8.51",".00",".709",54835,"","1",0,"N","N",".00","","",54835,57888,6576424,4/17/2010,12,
RecType,InvNum,Type,NumGroceryItems,NumRefrigItems,NumRepackItems,NumFrozenItems,TotalPcs,TotalWt,TotalCubes,NonSpecial,Special,GrossTotal,VolDiscnt,Discount,NetTotal,TotalRetail,Deposits,Adjustments,ProfitAmnt,Profit%,InvDate,CorpCustID,OrderNumber,,,,,,,
Footer,8069589,C,"0","3","0","0","3","27",".13","17.02","14.42","31.44","0",".00","31.44","55.96",".00",".00",".00",".00",4/17/2010,54835,6576424,,,,,,,
