RecType,InvNum,Type,OrderNumber,InvoiceDate,DBA,CustomerNumber,CustomerName,CustAddr1,CustAddr2,City,State,ZipCode,PhoneNumber,Whse,Trip,Terms,D/CFlag,TermsMsg,CorpCustID,CoverSheet,OrdEntryDate,ChainCode,ApplyTo#,PO#,,,,,,
Header,8069604,A,6577582,4/17/2010,1,54835,"WHOLE FOODS COMMUNITY COO","610 EAST 4TH STREET","","DULUTH","MN","558050000","218-728-0884",8,"642",7,0,"NET 21 DAYS",54835,3551503,4/16/2010,"CMW",0,"LN2239639-04",,,,,,
RecType,InvNum,Type,UPC,ProductID,QuantityShipped,Unit,Size,Brand,Description,RegularSRP,Status,NetPricePerUnit,ExtendedPrice,SaleSRP,RegPricePerUnit,CustomerID,PriceOrigin,QuantityOrdered,Taxable,LB flag,CW flag,CW2,CNF_RegSRP,CNF_SpcSRP,CorpCustID,CorpProdID,OrderNumber,InvoiceDate,Servings,
Detail,8069604,B,602652-170058,0399485,"5","CS","1.4 OZ","KIND","BAR,ALMOND & APRICOT","1.89",,".850","51.00","1.89","1.067",54835,"PRO 20","5",0,"N","N",".00","","",54835,39948,6577582,4/17/2010,12,
Detail,8069604,B,602652-170089,0399733,"4","CS","1.4 OZ","KIND","BAR,ALMOND & COCONUT","1.89",,".850","40.80","1.89","1.067",54835,"PRO 20","4",0,"N","N",".00","","",54835,39973,6577582,4/17/2010,12,
Detail,8069604,B,602652-170041,0399865,"8","CS","1.4 OZ","KIND","BAR,FRUIT & NUT DELIGHT","1.89",,".850","81.60","1.89","1.067",54835,"PRO 20","8",0,"N","N",".00","","",54835,39986,6577582,4/17/2010,12,
Detail,8069604,B,602652-170072,0399956,"7","CS","1.6 OZ","KIND","BAR,FRUITS & NUTS IN YGRT","1.89",,".850","71.40","1.89","1.067",54835,"PRO 20","7",0,"N","N",".00","","",54835,39995,6577582,4/17/2010,12,
Detail,8069604,B,602652-170027,0400176,"4","CS","1.4 OZ","KIND","BAR,MACADAMIA & APRICOT","1.89",,".850","40.80","1.89","1.067",54835,"PRO 20","4",0,"N","N",".00","","",54835,40017,6577582,4/17/2010,12,
Detail,8069604,B,602652-170133,0550848,"4","CS","1.4 OZ","KIND","PLUS BAR,ALMD,WLNT & MACD","1.89",,".852","40.88","1.89","1.068",54835,"PRO 20","4",0,"N","N",".00","","",54835,55084,6577582,4/17/2010,12,
Detail,8069604,B,602652-170164,0550806,"4","CS","1.4 OZ","KIND","PLUS BAR,ALMOND & CASHEW","1.89",,".852","40.88","1.89","1.068",54835,"PRO 20","4",0,"N","N",".00","","",54835,55080,6577582,4/17/2010,12,
Detail,8069604,B,602652-170119,0550889,"4","CS","1.4 OZ","KIND","PLUS BAR,CRNBRY & ALMOND","1.89",,".852","40.88","1.89","1.068",54835,"PRO 20","4",0,"N","N",".00","","",54835,55088,6577582,4/17/2010,12,
Detail,8069604,B,026938-899806,0899807,"3","","EA","","TOTES CHARGE",".00",,".000",".00",".00",".000",54835,"NO CHG","3",0,"","",".00","N","",54835,89980,6577582,4/17/2010,1,
Detail,8069604,B,602652-170058,0519595,"0","CS","1.4 OZ","KIND","BAR,ALMND&APRCT S399485",".00",OUT,".000",".00",".00",".000",54835,"PRO 20","5",0,"N","N",".00","","",54835,51959,6577582,4/17/2010,8,
Detail,8069604,B,602652-170027,0519710,"0","CS","1.4 OZ","KIND","BAR,MACADMA&APRCT S400176",".00",OUT,".000",".00",".00",".000",54835,"PRO 20","4",0,"N","N",".00","","",54835,51971,6577582,4/17/2010,8,
Detail,8069604,B,602652-170041,0519678,"0","CS","1.4 OZ","KIND","BAR,FRT&NUT DLT S399865",".00",OUT,".000",".00",".00",".000",54835,"PRO 20","8",0,"N","N",".00","","",54835,51967,6577582,4/17/2010,8,
Detail,8069604,B,602652-170089,0519637,"0","CS","1.4 OZ","KIND","BAR,ALMND&COCNUT S399733",".00",OUT,".000",".00",".00",".000",54835,"PRO 20","4",0,"N","N",".00","","",54835,51963,6577582,4/17/2010,8,
Detail,8069604,B,602652-170072,0519694,"0","CS","1.6 OZ","KIND","BAR,FRT&NUTS IN Y S399956",".00",OUT,".000",".00",".00",".000",54835,"PRO 20","7",0,"N","N",".00","","",54835,51969,6577582,4/17/2010,8,
RecType,InvNum,Type,NumGroceryItems,NumRefrigItems,NumRepackItems,NumFrozenItems,TotalPcs,TotalWt,TotalCubes,NonSpecial,Special,GrossTotal,VolDiscnt,Discount,NetTotal,TotalRetail,Deposits,Adjustments,ProfitAmnt,Profit%,InvDate,CorpCustID,OrderNumber,,,,,,,
Footer,8069604,C,"0","0","3","0","3","61",".67",".00","408.24","408.24","0",".00","408.24","907.20",".00",".00",".00",".00",4/17/2010,54835,6577582,,,,,,,
