RecType,InvNum,Type,OrderNumber,InvoiceDate,DBA,CustomerNumber,CustomerName,CustAddr1,CustAddr2,City,State,ZipCode,PhoneNumber,Whse,Trip,Terms,D/CFlag,TermsMsg,CorpCustID,CoverSheet,OrdEntryDate,ChainCode,ApplyTo#,PO#,,,,,,
Header,8069597,A,6577324,4/17/2010,1,54835,"WHOLE FOODS COMMUNITY COO","610 EAST 4TH STREET","","DULUTH","MN","558050000","218-728-0884",8,"642",7,0,"NET 21 DAYS",54835,3551503,4/16/2010,"CMW",0,"LN2239603-03",,,,,,
RecType,InvNum,Type,UPC,ProductID,QuantityShipped,Unit,Size,Brand,Description,RegularSRP,Status,NetPricePerUnit,ExtendedPrice,SaleSRP,RegPricePerUnit,CustomerID,PriceOrigin,QuantityOrdered,Taxable,LB flag,CW flag,CW2,CNF_RegSRP,CNF_SpcSRP,CorpCustID,CorpProdID,OrderNumber,InvoiceDate,Servings,
Detail,8069597,B,895591-001006,0688481,"1","CS","14 OZ","ECOSMA","ANT & ROACH KILLER","5.95",,"3.078","18.47","5.95","3.560",54835,"M 15","1",0,"N","N",".00","","",54835,68848,6577324,4/17/2010,6,
Detail,8069597,B,895591-001013,0688523,"1","CS","14 OZ","ECOSMA","FLYING INSECT KILLER","6.15",,"3.182","19.09","6.15","3.680",54835,"M 15","1",0,"N","N",".00","","",54835,68852,6577324,4/17/2010,6,
Detail,8069597,B,895591-001259,0695742,"1","CS","24 OZ","ECOSMA","GARDEN INSECT KILLER","7.75",,"4.005","24.03","7.75","4.632",54835,"M 15","1",0,"N","N",".00","","",54835,69574,6577324,4/17/2010,6,
Detail,8069597,B,895591-001273,0695726,"1","CS","24 OZ","ECOSMA","HOME PEST CONTROL","7.75",,"4.005","24.03","7.75","4.632",54835,"M 15","1",0,"N","N",".00","","",54835,69572,6577324,4/17/2010,6,
Detail,8069597,B,895591-001211,0695684,"1","CS","24 OZ","ECOSMA","WEED & GRASS KILLER","7.75",,"4.005","24.03","7.75","4.632",54835,"M 15","1",0,"N","N",".00","","",54835,69568,6577324,4/17/2010,6,
Detail,8069597,B,760702-559854,0286633,"1","CS","9-11","MAGGIE","SOCK,CREW,COTTON,BLACK","7.09",,"3.140","9.42","7.09","3.713",54835,"PRO 15","1",0,"N","N",".00","","",54835,28663,6577324,4/17/2010,3,
Detail,8069597,B,760702-452551,0286377,"2","CS","9-11","MAGGIE","SOCK,CREW,DARKER TYE DYE","11.65",,"5.150","30.90","11.65","6.107",54835,"PRO 15","2",0,"N","N",".00","","",54835,28637,6577324,4/17/2010,3,
Detail,8069597,B,636874-120379,0907881,"10","EA","210 CT","EO","SANITIZING WIPES,LAVENDER","28.55",,"14.960","149.60",".00","14.960",54835,"","10",0,"N","N",".00","","",54835,90788,6577324,4/17/2010,1,
Detail,8069597,B,081738-313716,0576132,"4","EA","8 OZ","SHIKAI","HAIR SPRAY,COLOR REFLECT","8.55",,"4.480","17.92",".00","4.480",54835,"","4",0,"N","N",".00","","",54835,57613,6577324,4/17/2010,1,
Detail,8069597,B,081738-313723,0576173,"4","EA","7 OZ","SHIKAI","MOUSSE,COLOR REFLECT","8.55",,"4.480","17.92",".00","4.480",54835,"","4",0,"N","N",".00","","",54835,57617,6577324,4/17/2010,1,
Detail,8069597,B,026938-899806,0899807,"2","","EA","","TOTES CHARGE",".00",,".000",".00",".00",".000",54835,"NO CHG","2",0,"","",".00","N","",54835,89980,6577324,4/17/2010,1,
Detail,8069597,B,760702-555214,0286534,"0","CS","9-11","MAGGIE","SOCK,CREW,COTN,NATURAL",".00",OUT,".000",".00",".00",".000",54835,"PRO 15","1",0,"N","N",".00","","",54835,28653,6577324,4/17/2010,3,
Detail,8069597,B,760702-455552,0286740,"0","CS","9-11","MAGGIE","SOCK,CREW,COTN,OLIVE",".00",OUT,".000",".00",".00",".000",54835,"PRO 15","1",0,"N","N",".00","","",54835,28674,6577324,4/17/2010,3,
Detail,8069597,B,895591-001020,0688549,"0","CS","14 OZ","ECOSMA","WASP & HORNET KILLER","7.59",,".000",".00","7.59",".000",54835,"M 15","0",0,"N","N",".00","","",54835,68854,6577324,4/17/2010,6,
RecType,InvNum,Type,NumGroceryItems,NumRefrigItems,NumRepackItems,NumFrozenItems,TotalPcs,TotalWt,TotalCubes,NonSpecial,Special,GrossTotal,VolDiscnt,Discount,NetTotal,TotalRetail,Deposits,Adjustments,ProfitAmnt,Profit%,InvDate,CorpCustID,OrderNumber,,,,,,,
Footer,8069597,C,"5","0","2","0","7","85",".47","185.44","149.97","335.41","0",".00","335.41","657.17",".00",".00",".00",".00",4/17/2010,54835,6577324,,,,,,,
