RecType,InvNum,Type,OrderNumber,InvoiceDate,DBA,CustomerNumber,CustomerName,CustAddr1,CustAddr2,City,State,ZipCode,PhoneNumber,Whse,Trip,Terms,D/CFlag,TermsMsg,CorpCustID,CoverSheet,OrdEntryDate,ChainCode,ApplyTo#,PO#,,,,,,
Header,8069594,A,6576827,4/17/2010,1,54835,"WHOLE FOODS COMMUNITY COO","610 EAST 4TH STREET","","DULUTH","MN","558050000","218-728-0884",8,"642",7,0,"NET 21 DAYS",54835,3551503,4/16/2010,"CMW",0,"LN2239548-02",,,,,,
RecType,InvNum,Type,UPC,ProductID,QuantityShipped,Unit,Size,Brand,Description,RegularSRP,Status,NetPricePerUnit,ExtendedPrice,SaleSRP,RegPricePerUnit,CustomerID,PriceOrigin,QuantityOrdered,Taxable,LB flag,CW flag,CW2,CNF_RegSRP,CNF_SpcSRP,CorpCustID,CorpProdID,OrderNumber,InvoiceDate,Servings,
Detail,8069594,B,026938-462895,0462895,"1","LB","5 #","BRUNKW","CHEDDR,MILD WHITE RM","6.79",,"3.550","17.82",".00","3.550",54835,"","1",0,"N","Y","5.02","","",54835,46289,6576827,4/17/2010,1,
Detail,8069594,B,045296-081319,0260851,"1","CS","8 OZ","LISANT","SOY SHREDDED CHS,CHEDDAR","4.35",,"1.727","20.72","4.35","2.275",54835,"PRO 25","1",0,"N","N",".00","","",54835,26085,6576827,4/17/2010,12,
Detail,8069594,B,079004-100023,0493551,"1","CS","8 OZ","MTSTRL","CHEDDAR,GOAT,RAW","6.59",,"3.447","41.36",".00","3.447",54835,"","1",0,"N","N",".00","","",54835,49355,6576827,4/17/2010,12,
Detail,8069594,B,093966-243109,0301069,"1","CS","8 OZ","OGVAL","CHEDDAR,OG,RF,LS,PAST","5.95",,"3.112","37.34",".00","3.112",54835,"","1",0,"N","N",".00","","",54835,30106,6576827,4/17/2010,12,
Detail,8069594,B,093966-213010,0391789,"1","CS","8 OZ","OGVAL","FETA,OG (COW MILK)","6.15",,"3.223","38.67",".00","3.223",54835,"","1",0,"N","N",".00","","",54835,39178,6576827,4/17/2010,12,
Detail,8069594,B,093966-213508,0151043,"1","CS","8 OZ","OGVAL","MUENSTER,OG,RED RIND","6.15",,"3.223","38.67",".00","3.223",54835,"","1",0,"N","N",".00","","",54835,15104,6576827,4/17/2010,12,
Detail,8069594,B,093966-002195,0728832,"1","CS","15 OZ","OGVAL","RICOTTA CHEESE,OG","7.55",,"3.943","23.66",".00","3.943",54835,"","1",0,"N","N",".00","","",54835,72883,6576827,4/17/2010,6,
Detail,8069594,B,093966-000054,0602441,"1","CS","1 OZ","OGVAL","STRINGLES,OG",".85",,".443","10.63",".00",".443",54835,"","1",0,"N","N",".00","","",54835,60244,6576827,4/17/2010,24,
Detail,8069594,B,078016-123440,0797670,"1","CS","12 OZ","SOYA","MOZZARELLA STYLE","7.05",,"3.683","22.10",".00","3.683",54835,"","1",0,"N","N",".00","","",54835,79767,6576827,4/17/2010,6,
Detail,8069594,B,026938-505998,0505990,"1","LB","7 #","SWSVAL","SWISS,GRADE A","5.39",,"2.830","17.01",".00","2.830",54835,"","1",0,"N","Y","6.01","","",54835,50599,6576827,4/17/2010,1,
Detail,8069594,B,020188-050253,0327270,"1","CS","8 OZ","TOFUTI","BTR THN CRM CHESE,NON-HYD","3.85",,"1.993","23.92",".00","1.993",54835,"","1",0,"N","N",".00","","",54835,32727,6576827,4/17/2010,12,
RecType,InvNum,Type,NumGroceryItems,NumRefrigItems,NumRepackItems,NumFrozenItems,TotalPcs,TotalWt,TotalCubes,NonSpecial,Special,GrossTotal,VolDiscnt,Discount,NetTotal,TotalRetail,Deposits,Adjustments,ProfitAmnt,Profit%,InvDate,CorpCustID,OrderNumber,,,,,,,
Footer,8069594,C,"0","11","0","0","11","63",".20","271.18","20.72","291.90","0",".00","291.90","570.96",".00",".00",".00",".00",4/17/2010,54835,6576827,,,,,,,
