RecType,InvNum,Type,OrderNumber,InvoiceDate,DBA,CustomerNumber,CustomerName,CustAddr1,CustAddr2,City,State,ZipCode,PhoneNumber,Whse,Trip,Terms,D/CFlag,TermsMsg,CorpCustID,CoverSheet,OrdEntryDate,ChainCode,ApplyTo#,PO#,,,,,,
Header,8023519,A,8023519,4/12/2010,1,54835,"WHOLE FOODS COMMUNITY COO","610 EAST 4TH STREET","","DULUTH","MN","558050000","218-728-0884",8,"000",0,2,"",54835,3537120,4/12/2010,"CMW",8036784,"",,,,,,
RecType,InvNum,Type,UPC,ProductID,QuantityShipped,Unit,Size,Brand,Description,RegularSRP,Status,NetPricePerUnit,ExtendedPrice,SaleSRP,RegPricePerUnit,CustomerID,PriceOrigin,QuantityOrdered,Taxable,LB flag,CW flag,CW2,CNF_RegSRP,CNF_SpcSRP,CorpCustID,CorpProdID,OrderNumber,InvoiceDate,Servings,
Detail,8023519,B,048481-011115,0253740,"-1","CS","15 OZ","SHLTON","CHILI,CHICKEN,MILD,W/BN",".00",,"2.238","-26.86",".00","2.238",54835,"","-1",0,"N","N",".00","","",54835,25374,8023519,4/12/2010,12,
Detail,8023519,B,858328-761901,0724526,"-1","CS","14.5 OZ","WOLFGN","SOUP,OG,CORN CHOWDER",".00",,".000",".00",".00",".000",54835,"","-1",0,"N","N",".00","","",54835,72452,8023519,4/12/2010,12,
RecType,InvNum,Type,NumGroceryItems,NumRefrigItems,NumRepackItems,NumFrozenItems,TotalPcs,TotalWt,TotalCubes,NonSpecial,Special,GrossTotal,VolDiscnt,Discount,NetTotal,TotalRetail,Deposits,Adjustments,ProfitAmnt,Profit%,InvDate,CorpCustID,OrderNumber,,,,,,,
Footer,8023519,C,"0","0","0","0","0","0",".00",".00",".00","-26.86","0",".00","-26.86",".00",".00",".00",".00",".00",4/12/2010,54835,8023519,,,,,,,
