RecType,InvNum,Type,OrderNumber,InvoiceDate,DBA,CustomerNumber,CustomerName,CustAddr1,CustAddr2,City,State,ZipCode,PhoneNumber,Whse,Trip,Terms,D/CFlag,TermsMsg,CorpCustID,CoverSheet,OrdEntryDate,ChainCode,ApplyTo#,PO#,,,,,,
Header,8329066,A,6810901,5/27/2010,1,54835,"WHOLE FDS COOP-DULUTH","610 EAST 4TH STREET","","DULUTH","MN","558050000","218-728-0884",8,"412",7,0,"NET 21 DAYS",54835,3658060,5/26/2010,"CMW",0,"LN2314544-21",,,,,,
RecType,InvNum,Type,UPC,ProductID,QuantityShipped,Unit,Size,Brand,Description,RegularSRP,Status,NetPricePerUnit,ExtendedPrice,SaleSRP,RegPricePerUnit,CustomerID,PriceOrigin,QuantityOrdered,Taxable,LB flag,CW flag,CW2,CNF_RegSRP,CNF_SpcSRP,CorpCustID,CorpProdID,OrderNumber,InvoiceDate,Servings,
Detail,8329066,B,089836-003553,0116301,"1","EA","#","FRNTHB","BASIL LEAF,OG,SWEET,C/S","25.95",,"9.550","9.55",".00","9.550",54835,"","1",0,"N","N",".00","","",54835,11630,6810901,5/27/2010,1,
Detail,8329066,B,089836-025920,0448514,"1","EA","#","FRNTHB","CUMIN SEED,OG,GROUND","21.45",,"7.900","7.90",".00","7.900",54835,"","1",0,"N","N",".00","","",54835,44851,6810901,5/27/2010,1,
Detail,8329066,B,089836-026507,0478271,"1","EA","#","FRNTHB","CURRY POWDER,OG","19.75",,"7.270","7.27",".00","7.270",54835,"","1",0,"N","N",".00","","",54835,47827,6810901,5/27/2010,1,
Detail,8329066,B,089836-003621,0311563,"1","EA","#","FRNTHB","DILL WEED,OG,C/S","33.69",,"12.410","12.41",".00","12.410",54835,"","1",0,"N","N",".00","","",54835,31156,6810901,5/27/2010,1,
Detail,8329066,B,089836-026194,0448548,"1","EA","#","FRNTHB","FENNEL SEED,OG,WHOLE","14.69",,"5.400","5.40",".00","5.400",54835,"","1",0,"N","N",".00","","",54835,44854,6810901,5/27/2010,1,
Detail,8329066,B,089836-003447,0478354,"1","EA","#","FRNTHB","MUSTARD SEED,OG,BRN,WHL","7.69",,"2.830","2.83",".00","2.830",54835,"","1",0,"N","N",".00","","",54835,47835,6810901,5/27/2010,1,
Detail,8329066,B,089836-002815,0298398,"1","EA","#","FRNTHB","OREGANO LEAF C/S,OG","24.69",,"9.090","9.09",".00","9.090",54835,"","1",0,"N","N",".00","","",54835,29839,6810901,5/27/2010,1,
Detail,8329066,B,089836-001764,0397281,"1","EA","#","FRNTHB","PAPRIKA,HUNGARIAN,GROUND","18.59",,"6.850","6.85",".00","6.850",54835,"","1",0,"N","N",".00","","",54835,39728,6810901,5/27/2010,1,
Detail,8329066,B,089836-003508,0298414,"1","EA","#","FRNTHB","PARSLEY LEAF FLAKES,OG","28.25",,"10.390","10.39",".00","10.390",54835,"","1",0,"N","N",".00","","",54835,29841,6810901,5/27/2010,1,
Detail,8329066,B,089836-026002,0546671,"1","EA","#","FRNTHB","PEPPER,BLACK,OG,MED,GRIND","22.35",,"6.730","6.73","22.35","8.230",54835,"PRO 20","1",0,"N","N",".00","","",54835,54667,6810901,5/27/2010,1,
Detail,8329066,B,089836-027702,0546333,"1","EA","#","FRNTHB","CHILI POWDER BLEND,OG","24.69",,"9.090","9.09",".00","9.090",54835,"","1",0,"N","N",".00","","",54835,54633,6810901,5/27/2010,1,
Detail,8329066,B,089836-001252,0379388,"1","EA","#","FRNTHB","CHILI POWDER FIESTA","14.95",,"5.490","5.49",".00","5.490",54835,"","1",0,"N","N",".00","","",54835,37938,6810901,5/27/2010,1,
Detail,8329066,B,089836-001382,0312363,"1","EA","#","FRNTHB","CURRY POWDER,MUCHI","13.45",,"4.940","4.94",".00","4.940",54835,"","1",0,"N","N",".00","","",54835,31236,6810901,5/27/2010,1,
Detail,8329066,B,089836-028730,0551770,"1","EA","#","FRNTHB","TEA,OG,FT,GUNPOWDER GREEN","32.75",,"12.050","12.05",".00","12.050",54835,"","1",0,"N","N",".00","","",54835,55177,6810901,5/27/2010,1,
Detail,8329066,B,026938-899806,0899807,"1","","EA","","TOTES CHARGE",".00",,".000",".00",".00",".000",54835,"NO CHG","1",0,"","",".00","N","",54835,89980,6810901,5/27/2010,1,
Detail,8329066,B,089836-008633,0791673,"0","EA","#","FRNTHB","PSYLLIUM SD HUSK,OG,WHOLE",".00",OUT,".000",".00",".00",".000",54835,"","1",0,"N","N",".00","","",54835,79167,6810901,5/27/2010,1,
Detail,8329066,B,089836-026491,0546556,"0","EA","#","FRNTHB","ITALIAN SEASONING,OG,WHL",".00",OUT,".000",".00",".00",".000",54835,"","1",0,"N","N",".00","","",54835,54655,6810901,5/27/2010,1,
RecType,InvNum,Type,NumGroceryItems,NumRefrigItems,NumRepackItems,NumFrozenItems,TotalPcs,TotalWt,TotalCubes,NonSpecial,Special,GrossTotal,VolDiscnt,Discount,NetTotal,TotalRetail,Deposits,Adjustments,ProfitAmnt,Profit%,InvDate,CorpCustID,OrderNumber,,,,,,,
Footer,8329066,C,"0","0","1","0","1","22",".24","103.26","6.73","109.99","0",".00","109.99","302.94",".00",".00",".00",".00",5/27/2010,54835,6810901,,,,,,,
