RecType,InvNum,Type,OrderNumber,InvoiceDate,DBA,CustomerNumber,CustomerName,CustAddr1,CustAddr2,City,State,ZipCode,PhoneNumber,Whse,Trip,Terms,D/CFlag,TermsMsg,CorpCustID,CoverSheet,OrdEntryDate,ChainCode,ApplyTo#,PO#,,,,,,
Header,8329072,A,6811271,5/27/2010,1,54835,"WHOLE FDS COOP-DULUTH","610 EAST 4TH STREET","","DULUTH","MN","558050000","218-728-0884",8,"412",7,0,"NET 21 DAYS",54835,3658060,5/26/2010,"CMW",0,"",,,,,,
RecType,InvNum,Type,UPC,ProductID,QuantityShipped,Unit,Size,Brand,Description,RegularSRP,Status,NetPricePerUnit,ExtendedPrice,SaleSRP,RegPricePerUnit,CustomerID,PriceOrigin,QuantityOrdered,Taxable,LB flag,CW flag,CW2,CNF_RegSRP,CNF_SpcSRP,CorpCustID,CorpProdID,OrderNumber,InvoiceDate,Servings,
Detail,8329072,B,012344-050047,0494773,"1","EA","4#","NATLIF","DRY CAT FOOD,REG","9.25",,"5.540","5.54",".00","5.540",54835,"","1",0,"N","N",".00","","",54835,49477,6811271,5/27/2010,1,
Footer,8329072,C,"1","0","0","0","1","4",".19","5.54",".00","5.54","0",".00","5.54","9.25",".00",".00",".00",".00",5/27/2010,54835,6811271,,,,,,,
