RecType,InvNum,Type,OrderNumber,InvoiceDate,DBA,CustomerNumber,CustomerName,CustAddr1,CustAddr2,City,State,ZipCode,PhoneNumber,Whse,Trip,Terms,D/CFlag,TermsMsg,CorpCustID,CoverSheet,OrdEntryDate,ChainCode,ApplyTo#,PO#,,,,,,
Header,8329068,A,6811071,5/27/2010,1,54835,"WHOLE FDS COOP-DULUTH","610 EAST 4TH STREET","","DULUTH","MN","558050000","218-728-0884",8,"412",7,0,"NET 21 DAYS",54835,3658060,5/26/2010,"CMW",0,"LN2314567-09",,,,,,
RecType,InvNum,Type,UPC,ProductID,QuantityShipped,Unit,Size,Brand,Description,RegularSRP,Status,NetPricePerUnit,ExtendedPrice,SaleSRP,RegPricePerUnit,CustomerID,PriceOrigin,QuantityOrdered,Taxable,LB flag,CW flag,CW2,CNF_RegSRP,CNF_SpcSRP,CorpCustID,CorpProdID,OrderNumber,InvoiceDate,Servings,
Detail,8329068,B,012344-061326,0133546,"1","CS","13.2 OZ","NATLIF","DOG FOOD,CAN,LAMADERM","1.95",,".987","11.84","1.95","1.141",54835,"M 15","1",0,"N","N",".00","","",54835,13354,6811071,5/27/2010,12,
Detail,8329068,B,085835-050017,0533810,"1","CS","4 #","WYSONG","CAT FOOD,VITALITY","10.89",,"6.508","26.03",".00","6.508",54835,"","1",0,"N","N",".00","","",54835,53381,6811071,5/27/2010,4,
RecType,InvNum,Type,NumGroceryItems,NumRefrigItems,NumRepackItems,NumFrozenItems,TotalPcs,TotalWt,TotalCubes,NonSpecial,Special,GrossTotal,VolDiscnt,Discount,NetTotal,TotalRetail,Deposits,Adjustments,ProfitAmnt,Profit%,InvDate,CorpCustID,OrderNumber,,,,,,,
Footer,8329068,C,"2","0","0","0","2","31",".10","26.03","11.84","37.87","0",".00","37.87","66.96",".00",".00",".00",".00",5/27/2010,54835,6811071,,,,,,,
