RecType,InvNum,Type,OrderNumber,InvoiceDate,DBA,CustomerNumber,CustomerName,CustAddr1,CustAddr2,City,State,ZipCode,PhoneNumber,Whse,Trip,Terms,D/CFlag,TermsMsg,CorpCustID,CoverSheet,OrdEntryDate,ChainCode,ApplyTo#,PO#,,,,,,
Header,8329063,A,6810898,5/27/2010,1,54835,"WHOLE FDS COOP-DULUTH","610 EAST 4TH STREET","","DULUTH","MN","558050000","218-728-0884",8,"412",7,0,"NET 21 DAYS",54835,3658060,5/26/2010,"CMW",0,"LN2314544-16",,,,,,
RecType,InvNum,Type,UPC,ProductID,QuantityShipped,Unit,Size,Brand,Description,RegularSRP,Status,NetPricePerUnit,ExtendedPrice,SaleSRP,RegPricePerUnit,CustomerID,PriceOrigin,QuantityOrdered,Taxable,LB flag,CW flag,CW2,CNF_RegSRP,CNF_SpcSRP,CorpCustID,CorpProdID,OrderNumber,InvoiceDate,Servings,
Detail,8329063,B,026938-920944,0920942,"1","CS","#","BULK M","SUGAR,OG","1.35",,".763","19.08",".00",".763",54835,"","1",0,"N","N",".00","","",54835,92094,6810898,5/27/2010,25,
Detail,8329063,B,073825-200023,0328963,"1","CS","#","FANFD","HUMMUS DIP MIX","5.39",,"3.000","30.00",".00","3.000",54835,"","1",0,"N","N",".00","","",54835,32896,6810898,5/27/2010,10,
Detail,8329063,B,073825-200054,0569145,"1","EA","3-3.3 LB","FANFD","NATURE'S BURGER MIX","48.69",,"27.260","27.26",".00","27.260",54835,"","1",0,"N","N",".00","","",54835,56914,6810898,5/27/2010,1,
Detail,8329063,B,026938-477554,0477554,"1","CS","#","FOULDS","PASTA,ROTINI SEMO VEG","1.99",,"1.141","11.41",".00","1.141",54835,"","1",0,"N","N",".00","","",54835,47755,6810898,5/27/2010,10,
Detail,8329063,B,011933-692255,0484634,"1","CS","#","HLAND","FLOUR,OG,HIGH GLUTEN",".95",,".540","13.51",".00",".540",54835,"","1",0,"N","N",".00","","",54835,48463,6810898,5/27/2010,25,
RecType,InvNum,Type,NumGroceryItems,NumRefrigItems,NumRepackItems,NumFrozenItems,TotalPcs,TotalWt,TotalCubes,NonSpecial,Special,GrossTotal,VolDiscnt,Discount,NetTotal,TotalRetail,Deposits,Adjustments,ProfitAmnt,Profit%,InvDate,CorpCustID,OrderNumber,,,,,,,
Footer,8329063,C,"5","0","0","0","5","84",".27","101.26",".00","101.26","0",".00","101.26","179.99",".00",".00",".00",".00",5/27/2010,54835,6810898,,,,,,,
