RecType,InvNum,Type,OrderNumber,InvoiceDate,DBA,CustomerNumber,CustomerName,CustAddr1,CustAddr2,City,State,ZipCode,PhoneNumber,Whse,Trip,Terms,D/CFlag,TermsMsg,CorpCustID,CoverSheet,OrdEntryDate,ChainCode,ApplyTo#,PO#,,,,,,
Header,8329071,A,6811105,5/27/2010,1,54835,"WHOLE FDS COOP-DULUTH","610 EAST 4TH STREET","","DULUTH","MN","558050000","218-728-0884",8,"412",7,0,"NET 21 DAYS",54835,3658060,5/26/2010,"CMW",0,"",,,,,,
RecType,InvNum,Type,UPC,ProductID,QuantityShipped,Unit,Size,Brand,Description,RegularSRP,Status,NetPricePerUnit,ExtendedPrice,SaleSRP,RegPricePerUnit,CustomerID,PriceOrigin,QuantityOrdered,Taxable,LB flag,CW flag,CW2,CNF_RegSRP,CNF_SpcSRP,CorpCustID,CorpProdID,OrderNumber,InvoiceDate,Servings,
Detail,8329071,B,893455-000080,0650259,"1","EA","7 OZ","ONEW","SOAP,DEAD SEA SALT","4.25",,"2.230","2.23",".00","2.230",54835,"","1",0,"N","N",".00","","",54835,65025,6811105,5/27/2010,1,
Detail,8329071,B,026938-899806,0899807,"1","","EA","","TOTES CHARGE",".00",,".000",".00",".00",".000",54835,"NO CHG","1",0,"","",".00","N","",54835,89980,6811105,5/27/2010,1,
Detail,8329071,B,026395-100323,0661306,"0","EA","32 OZ","LILY","ALOE VERA GEL",".00",OUT,".000",".00",".00",".000",54835,"","12",0,"N","N",".00","","",54835,66130,6811105,5/27/2010,1,
RecType,InvNum,Type,NumGroceryItems,NumRefrigItems,NumRepackItems,NumFrozenItems,TotalPcs,TotalWt,TotalCubes,NonSpecial,Special,GrossTotal,VolDiscnt,Discount,NetTotal,TotalRetail,Deposits,Adjustments,ProfitAmnt,Profit%,InvDate,CorpCustID,OrderNumber,,,,,,,
Footer,8329071,C,"0","0","1","0","1","7",".14","2.23",".00","2.23","0",".00","2.23","4.25",".00",".00",".00",".00",5/27/2010,54835,6811105,,,,,,,
