RecType,InvNum,Type,OrderNumber,InvoiceDate,DBA,CustomerNumber,CustomerName,CustAddr1,CustAddr2,City,State,ZipCode,PhoneNumber,Whse,Trip,Terms,D/CFlag,TermsMsg,CorpCustID,CoverSheet,OrdEntryDate,ChainCode,ApplyTo#,PO#,,,,,,
Header,8329067,A,6811070,5/27/2010,1,54835,"WHOLE FDS COOP-DULUTH","610 EAST 4TH STREET","","DULUTH","MN","558050000","218-728-0884",8,"412",7,0,"NET 21 DAYS",54835,3658060,5/26/2010,"CMW",0,"LN2314567-08",,,,,,
RecType,InvNum,Type,UPC,ProductID,QuantityShipped,Unit,Size,Brand,Description,RegularSRP,Status,NetPricePerUnit,ExtendedPrice,SaleSRP,RegPricePerUnit,CustomerID,PriceOrigin,QuantityOrdered,Taxable,LB flag,CW flag,CW2,CNF_RegSRP,CNF_SpcSRP,CorpCustID,CorpProdID,OrderNumber,InvoiceDate,Servings,
Detail,8329067,B,024182-025354,0683888,"1","CS","32 OZ","EDEN","EDENSOY EXTRA,OG,ORIGINAL","3.29",,"1.643","19.72","3.29","1.873",54835,"M 15","1",0,"N","N",".00","","",54835,68388,6811070,5/27/2010,12,
Detail,8329067,B,657622-019776,0769299,"1","CS","16 OZ","HONEST","TEA,BTL,OG,JUST GRN,UNSWT","1.59",,".722","8.66","1.59",".908",54835,"PRO 20","1",0,"N","N",".00","","",54835,76929,6811070,5/27/2010,12,
Detail,8329067,B,084253-240499,0988956,"1","CS","32 OZ","IMAGIN","SOUP,OG,FR RNGE CHCKN BRT","4.25",,"2.440","29.28",".00","2.440",54835,"","1",0,"N","N",".00","","",54835,98895,6811070,5/27/2010,12,
Detail,8329067,B,692752-200052,0740357,"1","EA","54 OZ","NUTIVA","COCONUT OIL,OG,X-VIRGIN","32.75",,"18.790","18.79",".00","18.790",54835,"","1",0,"N","N",".00","","",54835,74035,6811070,5/27/2010,1,
Detail,8329067,B,026938-899806,0899807,"1","","EA","","TOTES CHARGE",".00",,".000",".00",".00",".000",54835,"NO CHG","1",0,"","",".00","N","",54835,89980,6811070,5/27/2010,1,
RecType,InvNum,Type,NumGroceryItems,NumRefrigItems,NumRepackItems,NumFrozenItems,TotalPcs,TotalWt,TotalCubes,NonSpecial,Special,GrossTotal,VolDiscnt,Discount,NetTotal,TotalRetail,Deposits,Adjustments,ProfitAmnt,Profit%,InvDate,CorpCustID,OrderNumber,,,,,,,
Footer,8329067,C,"3","0","1","0","4","86",".30","48.07","28.38","76.45","0",".00","76.45","142.31",".00",".00",".00",".00",5/27/2010,54835,6811070,,,,,,,
