RecType,InvNum,Type,OrderNumber,InvoiceDate,DBA,CustomerNumber,CustomerName,CustAddr1,CustAddr2,City,State,ZipCode,PhoneNumber,Whse,Trip,Terms,D/CFlag,TermsMsg,CorpCustID,CoverSheet,OrdEntryDate,ChainCode,ApplyTo#,PO#,,,,,,
Header,8595345,A,7051155,7/8/2010,1,54835,"WHOLE FDS COOP-DULUTH","610 EAST 4TH STREET","","DULUTH","MN","558050000","218-728-0884",8,"412",7,0,"NET 21 DAYS",54835,3767671,7/7/2010,"CMW",0,"LN2391338-19",,,,,,
RecType,InvNum,Type,UPC,ProductID,QuantityShipped,Unit,Size,Brand,Description,RegularSRP,Status,NetPricePerUnit,ExtendedPrice,SaleSRP,RegPricePerUnit,CustomerID,PriceOrigin,QuantityOrdered,Taxable,LB flag,CW flag,CW2,CNF_RegSRP,CNF_SpcSRP,CorpCustID,CorpProdID,OrderNumber,InvoiceDate,Servings,
Detail,8595345,B,757922-116141,0876292,"1","CS","3.5 OZ","MTHAGN","COFFEE,OG,FREEZE DRIED","10.25",,"5.887","35.32",".00","5.887",54835,"","1",0,"N","N",".00","","",54835,87629,7051155,7/8/2010,6,
Detail,8595345,B,795239-801107,0368415,"1","CS","11 OZ","TECINO","HRBL COFFEE,OG,MAYA CAFFE","9.09",,"5.205","31.23",".00","5.205",54835,"","1",0,"N","N",".00","","",54835,36841,7051155,7/8/2010,6,
RecType,InvNum,Type,NumGroceryItems,NumRefrigItems,NumRepackItems,NumFrozenItems,TotalPcs,TotalWt,TotalCubes,NonSpecial,Special,GrossTotal,VolDiscnt,Discount,NetTotal,TotalRetail,Deposits,Adjustments,ProfitAmnt,Profit%,InvDate,CorpCustID,OrderNumber,,,,,,,
Footer,8595345,C,"2","0","0","0","2","9",".05","66.55",".00","66.55","0",".00","66.55","116.04",".00",".00",".00",".00",7/8/2010,54835,7051155,,,,,,,
