RecType,InvNum,Type,OrderNumber,InvoiceDate,DBA,CustomerNumber,CustomerName,CustAddr1,CustAddr2,City,State,ZipCode,PhoneNumber,Whse,Trip,Terms,D/CFlag,TermsMsg,CorpCustID,CoverSheet,OrdEntryDate,ChainCode,ApplyTo#,PO#,,,,,,
Header,8595349,A,7051257,7/8/2010,1,54835,"WHOLE FDS COOP-DULUTH","610 EAST 4TH STREET","","DULUTH","MN","558050000","218-728-0884",8,"412",7,0,"NET 21 DAYS",54835,3767671,7/7/2010,"CMW",0,"LN2391358-04",,,,,,
RecType,InvNum,Type,UPC,ProductID,QuantityShipped,Unit,Size,Brand,Description,RegularSRP,Status,NetPricePerUnit,ExtendedPrice,SaleSRP,RegPricePerUnit,CustomerID,PriceOrigin,QuantityOrdered,Taxable,LB flag,CW flag,CW2,CNF_RegSRP,CNF_SpcSRP,CorpCustID,CorpProdID,OrderNumber,InvoiceDate,Servings,
Detail,8595349,B,037014-242300,0105718,"3","CS","3 OZ","ENDANG","CHOC BAR,DRK/ALMD/CRN,WLF","3.19",,"1.534","55.23","3.19","1.828",54835,"PRO 15","3",0,"N","N",".00","","",54835,10571,7051257,7/8/2010,12,
Detail,8595349,B,037014-242386,0105791,"3","CS","3 OZ","ENDANG","CHOC BAR,DRK/BLBRY,TRTL","3.19",,"1.534","55.23","3.19","1.828",54835,"PRO 15","3",0,"N","N",".00","","",54835,10579,7051257,7/8/2010,12,
Detail,8595349,B,037014-242478,0540997,"3","CS","3 OZ","ENDANG","CHOC BAR,DRK/XTRM,BLK,PAN","3.19",,"1.534","55.23","3.19","1.828",54835,"PRO 15","3",0,"N","N",".00","","",54835,54099,7051257,7/8/2010,12,
Detail,8595349,B,037014-242232,0105551,"3","CS","3 OZ","ENDANG","CHOC BAR,ESPRSO TIGER","3.19",,"1.534","55.23","3.19","1.828",54835,"PRO 15","3",0,"N","N",".00","","",54835,10555,7051257,7/8/2010,12,
Detail,8595349,B,037014-242256,0105593,"3","CS","3 OZ","ENDANG","CHOC BR,DRK/HZLNT,RINO","3.19",,"1.534","55.23","3.19","1.828",54835,"PRO 15","3",0,"N","N",".00","","",54835,10559,7051257,7/8/2010,12,
Detail,8595349,B,037014-242263,0105619,"3","CS","3 OZ","ENDANG","CHOC BR,DRK/MNT,RNFRST","3.19",,"1.534","55.23","3.19","1.828",54835,"PRO 15","3",0,"N","N",".00","","",54835,10561,7051257,7/8/2010,12,
Detail,8595349,B,037014-242379,0105692,"3","CS","3 OZ","ENDANG","CHOC BR,DRK/SMTH,CHIMP","3.19",,"1.534","55.23","3.19","1.828",54835,"PRO 15","3",0,"N","N",".00","","",54835,10569,7051257,7/8/2010,12,
Detail,8595349,B,037014-242218,0105536,"3","CS","3 OZ","ENDANG","CHOC BR,MLK/CHRY,DLPHN","3.19",,"1.534","55.23","3.19","1.828",54835,"PRO 15","3",0,"N","N",".00","","",54835,10553,7051257,7/8/2010,12,
Detail,8595349,B,037014-242317,0105643,"3","CS","3 OZ","ENDANG","CHOC BR,MLK/SMTH,OTTR","3.19",,"1.534","55.23","3.19","1.828",54835,"PRO 15","3",0,"N","N",".00","","",54835,10564,7051257,7/8/2010,12,
Detail,8595349,B,026938-899806,0899807,"3","","EA","","TOTES CHARGE",".00",,".000",".00",".00",".000",54835,"NO CHG","3",0,"","",".00","N","",54835,89980,7051257,7/8/2010,1,
RecType,InvNum,Type,NumGroceryItems,NumRefrigItems,NumRepackItems,NumFrozenItems,TotalPcs,TotalWt,TotalCubes,NonSpecial,Special,GrossTotal,VolDiscnt,Discount,NetTotal,TotalRetail,Deposits,Adjustments,ProfitAmnt,Profit%,InvDate,CorpCustID,OrderNumber,,,,,,,
Footer,8595349,C,"0","0","3","0","3","95",".60",".00","497.07","497.07","0",".00","497.07","1,033.56",".00",".00",".00",".00",7/8/2010,54835,7051257,,,,,,,
