RecType,InvNum,Type,OrderNumber,InvoiceDate,DBA,CustomerNumber,CustomerName,CustAddr1,CustAddr2,City,State,ZipCode,PhoneNumber,Whse,Trip,Terms,D/CFlag,TermsMsg,CorpCustID,CoverSheet,OrdEntryDate,ChainCode,ApplyTo#,PO#,,,,,,
Header,8595328,A,7040511,7/8/2010,1,54835,"WHOLE FDS COOP-DULUTH","610 EAST 4TH STREET","","DULUTH","MN","558050000","218-728-0884",8,"412",7,0,"NET 21 DAYS",54835,3767671,7/5/2010,"CMW",0,"",,,,,,
RecType,InvNum,Type,UPC,ProductID,QuantityShipped,Unit,Size,Brand,Description,RegularSRP,Status,NetPricePerUnit,ExtendedPrice,SaleSRP,RegPricePerUnit,CustomerID,PriceOrigin,QuantityOrdered,Taxable,LB flag,CW flag,CW2,CNF_RegSRP,CNF_SpcSRP,CorpCustID,CorpProdID,OrderNumber,InvoiceDate,Servings,
Detail,8595328,B,042272-000432,0321836,"1","CS","8 OZ","AMY'S","MAC & CHEEZE,OG,RICE,ND","4.09",,"2.194","26.33","4.09","2.533",54835,"POV 15","1",0,"N","N",".00","","",54835,32183,7040511,7/8/2010,12,
Detail,8595328,B,893615-002015,0959353,"1","CS","5 OZ","DRITK","CRACKERS,ROSMARY FLACKERS","5.79",,"2.423","29.07","5.79","3.323",54835,"POV 30","1",0,"N","N",".00","","",54835,95935,7040511,7/8/2010,12,
Detail,8595328,B,893615-002008,0959346,"1","CS","5 OZ","DRITK","CRACKERS,SAVORY FLACKERS","5.79",,"2.423","29.07","5.79","3.323",54835,"POV 30","1",0,"N","N",".00","","",54835,95934,7040511,7/8/2010,12,
Detail,8595328,B,698997-806172,0326355,"1","CS","12 OZ","UDI'S","GRANOLA,ORIGINAL,GF","6.65",,"2.958","17.75","6.65","3.822",54835,"POV 25","1",0,"N","N",".00","","",54835,32635,7040511,7/8/2010,6,
Detail,8595328,B,698997-806189,0326421,"1","CS","12 OZ","UDI'S","GRANOLA,VANILLA,GF","6.65",,"2.958","17.75","6.65","3.822",54835,"POV 25","1",0,"N","N",".00","","",54835,32642,7040511,7/8/2010,6,
Detail,8595328,B,722252-180643,0727321,"1","CS","2.1 OZ","CLIF","CLIF SHOT BLOK,OG,BLK CHR","2.59",,".900","16.20","2.59","1.163",54835,"POV 25","1",0,"N","N",".00","","",54835,72732,7040511,7/8/2010,18,
Detail,8595328,B,722252-180612,0727263,"1","CS","2.1 OZ","CLIF","CLIF SHOT BLOK,OG,CRAN","2.59",,".900","16.20","2.59","1.163",54835,"POV 25","1",0,"N","N",".00","","",54835,72726,7040511,7/8/2010,18,
Detail,8595328,B,722252-180650,0396986,"1","CS","2.1 OZ","CLIF","CLIF SHOT BLOK,OG,ORANGE","2.59",,".900","16.20","2.59","1.163",54835,"POV 25","1",0,"N","N",".00","","",54835,39698,7040511,7/8/2010,18,
Detail,8595328,B,722252-180629,0727289,"1","CS","2.1 OZ","CLIF","CLIF SHOT BLOK,OG,STRAW","2.59",,".900","16.20","2.59","1.163",54835,"POV 25","1",0,"N","N",".00","","",54835,72728,7040511,7/8/2010,18,
Detail,8595328,B,026938-683092,0683094,"1","EA","EA","UNFI","UNFI FUEL SURCHARGE","15.00",,"15.000","15.00","22.15","22.150",54835,"PRO 32","1",0,"N","N",".00","","",54835,68309,7040511,7/8/2010,1,
Detail,8595328,B,026938-899806,0899807,"1","","EA","","TOTES CHARGE",".00",,".000",".00",".00",".000",54835,"NO CHG","1",0,"","",".00","N","",54835,89980,7040511,7/8/2010,1,
RecType,InvNum,Type,NumGroceryItems,NumRefrigItems,NumRepackItems,NumFrozenItems,TotalPcs,TotalWt,TotalCubes,NonSpecial,Special,GrossTotal,VolDiscnt,Discount,NetTotal,TotalRetail,Deposits,Adjustments,ProfitAmnt,Profit%,InvDate,CorpCustID,OrderNumber,,,,,,,
Footer,8595328,C,"4","0","1","1","6","46",".38",".00","199.77","199.77","0",".00","199.77","469.32",".00",".00",".00",".00",7/8/2010,54835,7040511,,,,,,,
