RecType,InvNum,Type,OrderNumber,InvoiceDate,DBA,CustomerNumber,CustomerName,CustAddr1,CustAddr2,City,State,ZipCode,PhoneNumber,Whse,Trip,Terms,D/CFlag,TermsMsg,CorpCustID,CoverSheet,OrdEntryDate,ChainCode,ApplyTo#,PO#,,,,,,
Header,8595333,A,7050408,7/8/2010,1,54835,"WHOLE FDS COOP-DULUTH","610 EAST 4TH STREET","","DULUTH","MN","558050000","218-728-0884",8,"412",7,0,"NET 21 DAYS",54835,3767671,7/7/2010,"CMW",0,"LN2391243-12",,,,,,
RecType,InvNum,Type,UPC,ProductID,QuantityShipped,Unit,Size,Brand,Description,RegularSRP,Status,NetPricePerUnit,ExtendedPrice,SaleSRP,RegPricePerUnit,CustomerID,PriceOrigin,QuantityOrdered,Taxable,LB flag,CW flag,CW2,CNF_RegSRP,CNF_SpcSRP,CorpCustID,CorpProdID,OrderNumber,InvoiceDate,Servings,
Detail,8595333,B,025317-105958,0155473,"1","CS","8 OZ","APLEGT","SAUSAGE,CHKN/APL ABF RTE","5.99",,"3.523","42.27",".00","3.523",54835,"","1",0,"N","N",".00","","",54835,15547,7050408,7/8/2010,12,
Detail,8595333,B,812410-000149,0375212,"1","CS","9 OZ","H&LSEA","FILLET,SALMON,W/MARINADE","8.69",,"5.108","30.65",".00","5.108",54835,"","1",0,"N","N",".00","","",54835,37521,7050408,7/8/2010,6,
Detail,8595333,B,812410-000194,0553073,"1","CS","8 OZ","H&LSEA","WHITE SHRIMP,EASY PEEL","8.79",,"5.167","31.00",".00","5.167",54835,"","1",0,"N","N",".00","","",54835,55307,7050408,7/8/2010,6,
Detail,8595333,B,048481-009907,0511089,"0","CS","12 OZ","SHLTON","TURKEY FRANKS,SMOKED",".00",OUT,".000",".00",".00",".000",54835,"M 15","3",0,"N","N",".00","","",54835,51108,7050408,7/8/2010,6,
RecType,InvNum,Type,NumGroceryItems,NumRefrigItems,NumRepackItems,NumFrozenItems,TotalPcs,TotalWt,TotalCubes,NonSpecial,Special,GrossTotal,VolDiscnt,Discount,NetTotal,TotalRetail,Deposits,Adjustments,ProfitAmnt,Profit%,InvDate,CorpCustID,OrderNumber,,,,,,,
Footer,8595333,C,"0","0","0","3","3","15",".09","103.92",".00","103.92","0",".00","103.92","176.76",".00",".00",".00",".00",7/8/2010,54835,7050408,,,,,,,
