RecType,InvNum,Type,OrderNumber,InvoiceDate,DBA,CustomerNumber,CustomerName,CustAddr1,CustAddr2,City,State,ZipCode,PhoneNumber,Whse,Trip,Terms,D/CFlag,TermsMsg,CorpCustID,CoverSheet,OrdEntryDate,ChainCode,ApplyTo#,PO#,,,,,,
Header,8595353,A,7051522,7/8/2010,1,54835,"WHOLE FDS COOP-DULUTH","610 EAST 4TH STREET","","DULUTH","MN","558050000","218-728-0884",8,"412",7,0,"NET 21 DAYS",54835,3767671,7/7/2010,"CMW",0,"",,,,,,
RecType,InvNum,Type,UPC,ProductID,QuantityShipped,Unit,Size,Brand,Description,RegularSRP,Status,NetPricePerUnit,ExtendedPrice,SaleSRP,RegPricePerUnit,CustomerID,PriceOrigin,QuantityOrdered,Taxable,LB flag,CW flag,CW2,CNF_RegSRP,CNF_SpcSRP,CorpCustID,CorpProdID,OrderNumber,InvoiceDate,Servings,
Detail,8595353,B,897463-001015,0313726,"6","CS","8 OZ","FLAMOS","FALAFEL CHIPS,ORIGINAL","5.05",,"3.004","216.30",".00","3.004",54835,"","6",0,"N","N",".00","","",54835,31372,7051522,7/8/2010,12,
Detail,8595353,B,897463-001015,0313726,"1","CS","8 OZ","FLAMOS","FALAFEL CHIPS,ORIGINAL","5.05",,".000",".00",".00","3.004",54835,"NO CHG","1",0,"N","N",".00","","",54835,31372,7051522,7/8/2010,12,
Detail,8595353,B,897463-001169,0313619,"4","CS","8 OZ","FLAMOS","FALAFEL CHIPS,SPICY","5.05",,"3.004","144.20",".00","3.004",54835,"","4",0,"N","N",".00","","",54835,31361,7051522,7/8/2010,12,
Detail,8595353,B,716270-004050,0428300,"0","CS","3.2 OZ","CHOCLV","DSP,OG,CHOCOLOVE",".00",OUT,".000",".00",".00",".000",54835,"","1",0,"N","N",".00","","",54835,42830,7051522,7/8/2010,60,
Footer,8595353,C,"11","0","0","0","11","88","2.01","360.50",".00","360.50","0",".00","360.50","666.60",".00",".00",".00",".00",7/8/2010,54835,7051522,,,,,,,
