RecType,InvNum,Type,OrderNumber,InvoiceDate,DBA,CustomerNumber,CustomerName,CustAddr1,CustAddr2,City,State,ZipCode,PhoneNumber,Whse,Trip,Terms,D/CFlag,TermsMsg,CorpCustID,CoverSheet,OrdEntryDate,ChainCode,ApplyTo#,PO#,,,,,,
Header,8808487,A,8808487,8/11/2010,1,54835,"WHOLE FDS COOP-DULUTH","610 EAST 4TH STREET","","DULUTH","MN","558050000","218-728-0884",8,"000",0,2,"",54835,3859917,8/11/2010,"CMW",8825010,"",,,,,,
RecType,InvNum,Type,UPC,ProductID,QuantityShipped,Unit,Size,Brand,Description,RegularSRP,Status,NetPricePerUnit,ExtendedPrice,SaleSRP,RegPricePerUnit,CustomerID,PriceOrigin,QuantityOrdered,Taxable,LB flag,CW flag,CW2,CNF_RegSRP,CNF_SpcSRP,CorpCustID,CorpProdID,OrderNumber,InvoiceDate,Servings,
Detail,8808487,B,716270-004050,0428300,"-1","CS","3.2 OZ","CHOCLV","DSP,OG,CHOCOLOVE",".00",,".543","-32.57",".00",".543",54835,"","-1",0,"N","N",".00","","",54835,42830,8808487,8/11/2010,60,
Footer,8808487,C,"0","0","0","0","0","0",".00",".00",".00","-32.57","0",".00","-32.57",".00",".00",".00",".00",".00",8/11/2010,54835,8808487,,,,,,,
