RecType,InvNum,Type,OrderNumber,InvoiceDate,DBA,CustomerNumber,CustomerName,CustAddr1,CustAddr2,City,State,ZipCode,PhoneNumber,Whse,Trip,Terms,D/CFlag,TermsMsg,CorpCustID,CoverSheet,OrdEntryDate,ChainCode,ApplyTo#,PO#,,,,,,
Header,8283117,A,6768994,5/20/2010,1,54835,"WHOLE FOODS COMMUNITY COO","610 EAST 4TH STREET","","DULUTH","MN","558050000","218-728-0884",8,"412",7,0,"NET 21 DAYS",54835,3639641,5/19/2010,"CMW",0,"",,,,,,
RecType,InvNum,Type,UPC,ProductID,QuantityShipped,Unit,Size,Brand,Description,RegularSRP,Status,NetPricePerUnit,ExtendedPrice,SaleSRP,RegPricePerUnit,CustomerID,PriceOrigin,QuantityOrdered,Taxable,LB flag,CW flag,CW2,CNF_RegSRP,CNF_SpcSRP,CorpCustID,CorpProdID,OrderNumber,InvoiceDate,Servings,
Detail,8283117,B,745158-340201,0364471,"1","CS","3 #","HALO","SPOTS STEW CAT,INDR,CHCKN","11.39",,"6.800","40.80",".00","6.800",54835,"","1",0,"N","N",".00","","",54835,36447,6768994,5/20/2010,6,
Detail,8283117,B,890156-001316,0864058,"1","CS","11 OZ","MIX 1","DRINK,BLUE VAN,ENHNCD PRO","2.45",,"1.237","14.84","2.45","1.431",54835,"M 15","1",0,"N","N",".00","","",54835,86405,6768994,5/20/2010,12,
Detail,8283117,B,058449-620037,0314922,"1","CS","6 OZ","NATPTH","CEREAL,OG,PUFFED CORN","2.15",,"1.283","15.39",".00","1.283",54835,"","1",0,"N","N",".00","","",54835,31492,6768994,5/20/2010,12,
Footer,8283117,C,"3","0","0","0","3","33",".26","56.19","14.84","71.03","0",".00","71.03","123.54",".00",".00",".00",".00",5/20/2010,54835,6768994,,,,,,,
