RecType,InvNum,Type,OrderNumber,InvoiceDate,DBA,CustomerNumber,CustomerName,CustAddr1,CustAddr2,City,State,ZipCode,PhoneNumber,Whse,Trip,Terms,D/CFlag,TermsMsg,CorpCustID,CoverSheet,OrdEntryDate,ChainCode,ApplyTo#,PO#,,,,,,
Header,8283111,A,6768379,5/20/2010,1,54835,"WHOLE FOODS COMMUNITY COO","610 EAST 4TH STREET","","DULUTH","MN","558050000","218-728-0884",8,"412",7,0,"NET 21 DAYS",54835,3639641,5/19/2010,"CMW",0,"LN2301198-21",,,,,,
RecType,InvNum,Type,UPC,ProductID,QuantityShipped,Unit,Size,Brand,Description,RegularSRP,Status,NetPricePerUnit,ExtendedPrice,SaleSRP,RegPricePerUnit,CustomerID,PriceOrigin,QuantityOrdered,Taxable,LB flag,CW flag,CW2,CNF_RegSRP,CNF_SpcSRP,CorpCustID,CorpProdID,OrderNumber,InvoiceDate,Servings,
Detail,8283111,B,089836-003805,0546473,"1","EA","#","FRNTHB","CORIANDER SEED,OG,WHOLE","15.69",,"5.770","5.77",".00","5.770",54835,"","1",0,"N","N",".00","","",54835,54647,6768379,5/20/2010,1,
Detail,8283111,B,089836-026507,0478271,"1","EA","#","FRNTHB","CURRY POWDER,OG","19.75",,"7.270","7.27",".00","7.270",54835,"","1",0,"N","N",".00","","",54835,47827,6768379,5/20/2010,1,
Detail,8283111,B,089836-003522,0298356,"1","EA","#","FRNTHB","GARLIC POWDER,OG","15.45",,"5.690","5.69",".00","5.690",54835,"","1",0,"N","N",".00","","",54835,29835,6768379,5/20/2010,1,
Detail,8283111,B,089836-003782,0402222,"1","EA","#","FRNTHB","THYME LEAF,OG,WHOLE","26.95",,"9.930","9.93",".00","9.930",54835,"","1",0,"N","N",".00","","",54835,40222,6768379,5/20/2010,1,
Detail,8283111,B,089836-028280,0684779,"1","EA","#","FRNTHB","TEA,OG,ROOIBOS","21.45",,"7.900","7.90",".00","7.900",54835,"","1",0,"N","N",".00","","",54835,68477,6768379,5/20/2010,1,
Detail,8283111,B,026938-899806,0899807,"1","","EA","","TOTES CHARGE",".00",,".000",".00",".00",".000",54835,"NO CHG","1",0,"","",".00","N","",54835,89980,6768379,5/20/2010,1,
Detail,8283111,B,089836-026491,0546556,"0","EA","#","FRNTHB","ITALIAN SEASONING,OG,WHL",".00",OUT,".000",".00",".00",".000",54835,"","1",0,"N","N",".00","","",54835,54655,6768379,5/20/2010,1,
RecType,InvNum,Type,NumGroceryItems,NumRefrigItems,NumRepackItems,NumFrozenItems,TotalPcs,TotalWt,TotalCubes,NonSpecial,Special,GrossTotal,VolDiscnt,Discount,NetTotal,TotalRetail,Deposits,Adjustments,ProfitAmnt,Profit%,InvDate,CorpCustID,OrderNumber,,,,,,,
Footer,8283111,C,"0","0","1","0","1","12",".17","36.56",".00","36.56","0",".00","36.56","99.29",".00",".00",".00",".00",5/20/2010,54835,6768379,,,,,,,
