RecType,InvNum,Type,OrderNumber,InvoiceDate,DBA,CustomerNumber,CustomerName,CustAddr1,CustAddr2,City,State,ZipCode,PhoneNumber,Whse,Trip,Terms,D/CFlag,TermsMsg,CorpCustID,CoverSheet,OrdEntryDate,ChainCode,ApplyTo#,PO#,,,,,,
Header,8273968,A,8273968,5/20/2010,1,54835,"WHOLE FOODS COMMUNITY COO","610 EAST 4TH STREET","","DULUTH","MN","558050000","218-728-0884",8,"000",0,2,"",54835,3639641,5/20/2010,"CMW",8283093,"",,,,,,
RecType,InvNum,Type,UPC,ProductID,QuantityShipped,Unit,Size,Brand,Description,RegularSRP,Status,NetPricePerUnit,ExtendedPrice,SaleSRP,RegPricePerUnit,CustomerID,PriceOrigin,QuantityOrdered,Taxable,LB flag,CW flag,CW2,CNF_RegSRP,CNF_SpcSRP,CorpCustID,CorpProdID,OrderNumber,InvoiceDate,Servings,
Detail,8273968,B,036192-122107,0160036,"-1","CS","6/4 OZ","SANCRZ","APPLESAUCE,OG",".00",,"2.730","-32.76",".00","2.730",54835,"","-1",0,"N","N",".00","","",54835,16003,8273968,5/20/2010,12,
Detail,8273968,B,098308-002826,0540518,"-1","CS","8 OZ","BTRTHB","VEGETABLE BASE,OG",".00",,".000",".00",".00",".000",54835,"","-1",0,"N","N",".00","","",54835,54051,8273968,5/20/2010,6,
Detail,8273968,B,760712-480100,0576371,"-1","CS","4/12 OZ","BOYLAN","SODA,NATURAL,CREME VANILA",".00",,".000",".00",".00",".000",54835,"","-1",0,"N","N",".00","","",54835,57637,8273968,5/20/2010,6,
Detail,8273968,B,022506-134201,0663500,"-1","CS","32 OZ","SPCTRM","CANOLA OIL,REFINED",".00",,"4.569","-54.83",".00","4.569",54835,"","-1",0,"N","N",".00","","",54835,66350,8273968,5/20/2010,12,
Detail,8273968,B,039978-001108,0706887,"-1","CS","25 OZ","BOB'S","CEREAL,10 GRAIN",".00",,"1.838","-7.35",".00","1.838",54835,"","-1",0,"N","N",".00","","",54835,70688,8273968,5/20/2010,4,
RecType,InvNum,Type,NumGroceryItems,NumRefrigItems,NumRepackItems,NumFrozenItems,TotalPcs,TotalWt,TotalCubes,NonSpecial,Special,GrossTotal,VolDiscnt,Discount,NetTotal,TotalRetail,Deposits,Adjustments,ProfitAmnt,Profit%,InvDate,CorpCustID,OrderNumber,,,,,,,
Footer,8273968,C,"0","0","0","0","0","0",".00",".00",".00","-94.94","0",".00","-94.94",".00",".00",".00",".00",".00",5/20/2010,54835,8273968,,,,,,,
