RecType,InvNum,Type,OrderNumber,InvoiceDate,DBA,CustomerNumber,CustomerName,CustAddr1,CustAddr2,City,State,ZipCode,PhoneNumber,Whse,Trip,Terms,D/CFlag,TermsMsg,CorpCustID,CoverSheet,OrdEntryDate,ChainCode,ApplyTo#,PO#,,,,,,
Header,8273973,A,8273973,5/20/2010,1,54835,"WHOLE FOODS COMMUNITY COO","610 EAST 4TH STREET","","DULUTH","MN","558050000","218-728-0884",8,"000",0,2,"",54835,3639641,5/20/2010,"CMW",8283093,"",,,,,,
RecType,InvNum,Type,UPC,ProductID,QuantityShipped,Unit,Size,Brand,Description,RegularSRP,Status,NetPricePerUnit,ExtendedPrice,SaleSRP,RegPricePerUnit,CustomerID,PriceOrigin,QuantityOrdered,Taxable,LB flag,CW flag,CW2,CNF_RegSRP,CNF_SpcSRP,CorpCustID,CorpProdID,OrderNumber,InvoiceDate,Servings,
Detail,8273973,B,089836-001375,0310888,"-1","EA","#","FRNTHB","CUMIN SEED,WHOLE",".00",,"5.240","-5.24",".00","5.240",54835,"","-1",0,"N","N",".00","","",54835,31088,8273973,5/20/2010,1,
Detail,8273973,B,089836-001498,0311266,"-1","EA","#","FRNTHB","GARLIC POWDER",".00",,".000",".00",".00",".000",54835,"","-1",0,"N","N",".00","","",54835,31126,8273973,5/20/2010,1,
RecType,InvNum,Type,NumGroceryItems,NumRefrigItems,NumRepackItems,NumFrozenItems,TotalPcs,TotalWt,TotalCubes,NonSpecial,Special,GrossTotal,VolDiscnt,Discount,NetTotal,TotalRetail,Deposits,Adjustments,ProfitAmnt,Profit%,InvDate,CorpCustID,OrderNumber,,,,,,,
Footer,8273973,C,"0","0","0","0","0","0",".00",".00",".00","-5.24","0",".00","-5.24",".00",".00",".00",".00",".00",5/20/2010,54835,8273973,,,,,,,
