RecType,InvNum,Type,OrderNumber,InvoiceDate,DBA,CustomerNumber,CustomerName,CustAddr1,CustAddr2,City,State,ZipCode,PhoneNumber,Whse,Trip,Terms,D/CFlag,TermsMsg,CorpCustID,CoverSheet,OrdEntryDate,ChainCode,ApplyTo#,PO#,,,,,,
Header,8283102,A,6768182,5/20/2010,1,54835,"WHOLE FOODS COMMUNITY COO","610 EAST 4TH STREET","","DULUTH","MN","558050000","218-728-0884",8,"412",7,0,"NET 21 DAYS",54835,3639641,5/19/2010,"CMW",0,"LN2301163-03",,,,,,
RecType,InvNum,Type,UPC,ProductID,QuantityShipped,Unit,Size,Brand,Description,RegularSRP,Status,NetPricePerUnit,ExtendedPrice,SaleSRP,RegPricePerUnit,CustomerID,PriceOrigin,QuantityOrdered,Taxable,LB flag,CW flag,CW2,CNF_RegSRP,CNF_SpcSRP,CorpCustID,CorpProdID,OrderNumber,InvoiceDate,Servings,
Detail,8283102,B,026938-462437,0462432,"1","LB","5 #","BRUNKW","PEPPER JACK,JALAPENO","6.65",,"3.490","17.45",".00","3.490",54835,"","1",0,"N","Y","5.00","","",54835,46243,6768182,5/20/2010,1,
Detail,8283102,B,026938-468491,0468496,"1","CS","1 #","CEDARG","CHEDDAR,MLD,rBGH FREE,YEL","8.25",,"4.326","34.61",".00","4.326",54835,"","1",0,"N","N",".00","","",54835,46849,6768182,5/20/2010,8,
Detail,8283102,B,026938-468514,0468512,"1","CS","1 #","CEDARG","CHEDDAR,OG,MILD WHITE","9.65",,"5.046","40.37",".00","5.046",54835,"","1",0,"N","N",".00","","",54835,46851,6768182,5/20/2010,8,
Detail,8283102,B,045296-191018,0260596,"1","CS","8 OZ","LISANT","ALMOND CHEESE,CHEDDAR","4.35",,"2.275","27.30",".00","2.275",54835,"","1",0,"N","N",".00","","",54835,26059,6768182,5/20/2010,12,
Detail,8283102,B,045296-081319,0260851,"1","CS","8 OZ","LISANT","SOY SHREDDED CHS,CHEDDAR","4.35",,"2.275","27.30",".00","2.275",54835,"","1",0,"N","N",".00","","",54835,26085,6768182,5/20/2010,12,
Detail,8283102,B,045296-081326,0260877,"1","CS","8 OZ","LISANT","SOY SHREDDED CHS,MOZZAREL","4.35",,"2.275","27.30",".00","2.275",54835,"","1",0,"N","N",".00","","",54835,26087,6768182,5/20/2010,12,
Detail,8283102,B,079004-100023,0493551,"1","CS","8 OZ","MTSTRL","CHEDDAR,GOAT,RAW","6.59",,"3.447","41.36",".00","3.447",54835,"","1",0,"N","N",".00","","",54835,49355,6768182,5/20/2010,12,
Detail,8283102,B,093966-113204,0198408,"1","CS","8 OZ","OGVAL","CHEDDAR,OG,SHARP,RAW","6.35",,"3.333","40.00",".00","3.333",54835,"","1",0,"N","N",".00","","",54835,19840,6768182,5/20/2010,12,
Detail,8283102,B,093966-211016,0431346,"1","CS","8 OZ","OGVAL","CREAM CHEESE,OG,BARS,PAST","3.95",,"2.048","24.58",".00","2.048",54835,"","1",0,"N","N",".00","","",54835,43134,6768182,5/20/2010,12,
Detail,8283102,B,093966-002270,0728840,"1","CS","6 OZ","OGVAL","MEXICAN CHEESE,OG,SHRED","5.69",,"2.555","30.66","5.69","2.979",54835,"PRO 13","1",0,"N","N",".00","","",54835,72884,6768182,5/20/2010,12,
Detail,8283102,B,093966-452709,0598086,"1","CS","6 OZ","OGVAL","MOZZ,OG,SHRED,PART SKIM","5.69",,"2.555","30.66","5.69","2.979",54835,"PRO 13","1",0,"N","N",".00","","",54835,59808,6768182,5/20/2010,12,
Detail,8283102,B,093966-002195,0728832,"1","CS","15 OZ","OGVAL","RICOTTA CHEESE,OG","7.55",,"3.943","23.66",".00","3.943",54835,"","1",0,"N","N",".00","","",54835,72883,6768182,5/20/2010,6,
Detail,8283102,B,093966-000054,0602441,"2","CS","1 OZ","OGVAL","STRINGLES,OG",".85",,".443","21.26",".00",".443",54835,"","2",0,"N","N",".00","","",54835,60244,6768182,5/20/2010,24,
Detail,8283102,B,093966-002140,0728733,"1","CS","6 OZ","OGVAL","STRINGLES,OG,PART SKIM","6.05",,"3.168","38.01",".00","3.168",54835,"","1",0,"N","N",".00","","",54835,72873,6768182,5/20/2010,12,
Detail,8283102,B,026938-505998,0505990,"1","LB","7 #","SWSVAL","SWISS,GRADE A","5.35",,"2.800","23.32",".00","2.800",54835,"","1",0,"N","Y","8.33","","",54835,50599,6768182,5/20/2010,1,
RecType,InvNum,Type,NumGroceryItems,NumRefrigItems,NumRepackItems,NumFrozenItems,TotalPcs,TotalWt,TotalCubes,NonSpecial,Special,GrossTotal,VolDiscnt,Discount,NetTotal,TotalRetail,Deposits,Adjustments,ProfitAmnt,Profit%,InvDate,CorpCustID,OrderNumber,,,,,,,
Footer,8283102,C,"0","16","0","0","16","92",".35","386.52","61.32","447.84","0",".00","447.84","875.56",".00",".00",".00",".00",5/20/2010,54835,6768182,,,,,,,
