RecType,InvNum,Type,OrderNumber,InvoiceDate,DBA,CustomerNumber,CustomerName,CustAddr1,CustAddr2,City,State,ZipCode,PhoneNumber,Whse,Trip,Terms,D/CFlag,TermsMsg,CorpCustID,CoverSheet,OrdEntryDate,ChainCode,ApplyTo#,PO#,,,,,,
Header,8158442,A,8158442,5/3/2010,1,54835,"WHOLE FOODS COMMUNITY COO","610 EAST 4TH STREET","","DULUTH","MN","558050000","218-728-0884",8,"000",0,2,"",54835,3589543,5/3/2010,"CMW",8160965,"",,,,,,
RecType,InvNum,Type,UPC,ProductID,QuantityShipped,Unit,Size,Brand,Description,RegularSRP,Status,NetPricePerUnit,ExtendedPrice,SaleSRP,RegPricePerUnit,CustomerID,PriceOrigin,QuantityOrdered,Taxable,LB flag,CW flag,CW2,CNF_RegSRP,CNF_SpcSRP,CorpCustID,CorpProdID,OrderNumber,InvoiceDate,Servings,
Detail,8158442,B,026938-467432,0467431,"-1","CS","#","BULK M","HONEY",".00",,"2.733","-32.80",".00","2.733",54835,"","-1",0,"N","N",".00","","",54835,46743,8158442,5/3/2010,12,
Footer,8158442,C,"0","0","0","0","0","0",".00",".00",".00","-32.80","0",".00","-32.80",".00",".00",".00",".00",".00",5/3/2010,54835,8158442,,,,,,,
