RecType,InvNum,Type,OrderNumber,InvoiceDate,DBA,CustomerNumber,CustomerName,CustAddr1,CustAddr2,City,State,ZipCode,PhoneNumber,Whse,Trip,Terms,D/CFlag,TermsMsg,CorpCustID,CoverSheet,OrdEntryDate,ChainCode,ApplyTo#,PO#,,,,,,
Header,8356097,A,6836212,6/1/2010,1,54835,"WHOLE FDS COOP-DULUTH","610 EAST 4TH STREET","","DULUTH","MN","558050000","218-728-0884",8,"247",7,0,"NET 21 DAYS",54835,3668726,5/30/2010,"CMW",0,"LN2322593-08",,,,,,
RecType,InvNum,Type,UPC,ProductID,QuantityShipped,Unit,Size,Brand,Description,RegularSRP,Status,NetPricePerUnit,ExtendedPrice,SaleSRP,RegPricePerUnit,CustomerID,PriceOrigin,QuantityOrdered,Taxable,LB flag,CW flag,CW2,CNF_RegSRP,CNF_SpcSRP,CorpCustID,CorpProdID,OrderNumber,InvoiceDate,Servings,
Detail,8356097,B,072609-741851,0798439,"4","CS","48 OZ","ALDENS","ICE CREAM,OG,VANILLA BEAN","6.25",,"3.687","44.24",".00","3.687",54835,"","4",0,"N","N",".00","","",54835,79843,6836212,6/1/2010,3,
Detail,8356097,B,021908-530017,0613505,"1","CS","10 OZ","CSCADE","RASPBERRIES,OG","4.29",,"2.514","30.17",".00","2.514",54835,"","1",0,"N","N",".00","","",54835,61350,6836212,6/1/2010,12,
RecType,InvNum,Type,NumGroceryItems,NumRefrigItems,NumRepackItems,NumFrozenItems,TotalPcs,TotalWt,TotalCubes,NonSpecial,Special,GrossTotal,VolDiscnt,Discount,NetTotal,TotalRetail,Deposits,Adjustments,ProfitAmnt,Profit%,InvDate,CorpCustID,OrderNumber,,,,,,,
Footer,8356097,C,"0","0","0","5","5","31",".43","74.41",".00","74.41","0",".00","74.41","126.48",".00",".00",".00",".00",6/1/2010,54835,6836212,,,,,,,
