RecType,InvNum,Type,OrderNumber,InvoiceDate,DBA,CustomerNumber,CustomerName,CustAddr1,CustAddr2,City,State,ZipCode,PhoneNumber,Whse,Trip,Terms,D/CFlag,TermsMsg,CorpCustID,CoverSheet,OrdEntryDate,ChainCode,ApplyTo#,PO#,,,,,,
Header,8356089,A,6835819,6/1/2010,1,54835,"WHOLE FDS COOP-DULUTH","610 EAST 4TH STREET","","DULUTH","MN","558050000","218-728-0884",8,"247",7,0,"NET 21 DAYS",54835,3668726,5/30/2010,"CMW",0,"LN2322375-08",,,,,,
RecType,InvNum,Type,UPC,ProductID,QuantityShipped,Unit,Size,Brand,Description,RegularSRP,Status,NetPricePerUnit,ExtendedPrice,SaleSRP,RegPricePerUnit,CustomerID,PriceOrigin,QuantityOrdered,Taxable,LB flag,CW flag,CW2,CNF_RegSRP,CNF_SpcSRP,CorpCustID,CorpProdID,OrderNumber,InvoiceDate,Servings,
Detail,8356089,B,722252-194138,0781419,"2","CS","1.27 OZ","CLIF","ZBAR,OG,CHOC BROWNIE",".95",,".543","19.54",".00",".543",54835,"","2",0,"N","N",".00","","",54835,78141,6835819,6/1/2010,18,
Detail,8356089,B,891048-001001,0131458,"1","CS","1.9 OZ","EARNST","BAR,BAKED,ALMD TRAIL MIX","1.65",,".818","9.81","1.65",".943",54835,"M 15","1",0,"N","N",".00","","",54835,13145,6835819,6/1/2010,12,
Detail,8356089,B,024182-025354,0683888,"2","CS","32 OZ","EDEN","EDENSOY EXTRA,OG,ORIGINAL","3.29",,"1.873","44.96",".00","1.873",54835,"","2",0,"N","N",".00","","",54835,68388,6835819,6/1/2010,12,
Detail,8356089,B,708656-100005,0225433,"1","CS","3.5 OZ","GRNBLK","CHOCOLATE,OG,DARK 70%","3.79",,"2.160","21.60",".00","2.160",54835,"","1",0,"N","N",".00","","",54835,22543,6835819,6/1/2010,10,
Detail,8356089,B,084253-222303,0333518,"1","CS","64 OZ","IMAGIN","RICE ENRICH BEV,OG,ORIG","5.55",,"3.168","25.34",".00","3.168",54835,"","1",0,"N","N",".00","","",54835,33351,6835819,6/1/2010,8,
Detail,8356089,B,725342-290536,0106294,"2","CS","28 OZ","MUIR","TOMATO,OG,DICED,FIRE RST","3.65",,"2.093","50.24",".00","2.093",54835,"","2",0,"N","N",".00","","",54835,10629,6835819,6/1/2010,12,
Detail,8356089,B,074682-105315,0913129,"1","CS","32 OZ","KNDSN","RECHARGE LEMON,PET","2.89",,"1.473","17.68","2.89","1.690",54835,"CSD 15","1",0,"N","N",".00","","",54835,91312,6835819,6/1/2010,12,
Detail,8356089,B,074682-105339,0913111,"1","CS","32 OZ","KNDSN","RECHARGE TROPICAL,PET","2.89",,"1.473","17.68","2.89","1.690",54835,"CSD 15","1",0,"N","N",".00","","",54835,91311,6835819,6/1/2010,12,
Detail,8356089,B,085693-101074,0258855,"2","CS","7 OZ","SESMRK","SESAME THINS,CHEDDAR","2.85",,"1.633","39.20",".00","1.633",54835,"","2",0,"N","N",".00","","",54835,25885,6835819,6/1/2010,12,
Detail,8356089,B,737539-190499,0441865,"2","CS","16 OZ","SUNGLD","SUNBUTTER,OG","8.29",,"4.748","56.98",".00","4.748",54835,"","2",0,"N","N",".00","","",54835,44186,6835819,6/1/2010,6,
Detail,8356089,B,026938-899806,0899807,"1","","EA","","TOTES CHARGE",".00",,".000",".00",".00",".000",54835,"NO CHG","1",0,"","",".00","N","",54835,89980,6835819,6/1/2010,1,
RecType,InvNum,Type,NumGroceryItems,NumRefrigItems,NumRepackItems,NumFrozenItems,TotalPcs,TotalWt,TotalCubes,NonSpecial,Special,GrossTotal,VolDiscnt,Discount,NetTotal,TotalRetail,Deposits,Adjustments,ProfitAmnt,Profit%,InvDate,CorpCustID,OrderNumber,,,,,,,
Footer,8356089,C,"11","0","1","0","12","252",".74","257.86","45.17","303.03","0",".00","303.03","540.10",".00",".00",".00",".00",6/1/2010,54835,6835819,,,,,,,
