RecType,InvNum,Type,OrderNumber,InvoiceDate,DBA,CustomerNumber,CustomerName,CustAddr1,CustAddr2,City,State,ZipCode,PhoneNumber,Whse,Trip,Terms,D/CFlag,TermsMsg,CorpCustID,CoverSheet,OrdEntryDate,ChainCode,ApplyTo#,PO#,,,,,,
Header,8356093,A,6836205,6/1/2010,1,54835,"WHOLE FDS COOP-DULUTH","610 EAST 4TH STREET","","DULUTH","MN","558050000","218-728-0884",8,"247",7,0,"NET 21 DAYS",54835,3668726,5/30/2010,"CMW",0,"LN2322593-03",,,,,,
RecType,InvNum,Type,UPC,ProductID,QuantityShipped,Unit,Size,Brand,Description,RegularSRP,Status,NetPricePerUnit,ExtendedPrice,SaleSRP,RegPricePerUnit,CustomerID,PriceOrigin,QuantityOrdered,Taxable,LB flag,CW flag,CW2,CNF_RegSRP,CNF_SpcSRP,CorpCustID,CorpProdID,OrderNumber,InvoiceDate,Servings,
Detail,8356093,B,093966-330007,0213645,"1","CS","16 OZ","OGVAL","BUTTER,OG,SLTD,STICKS","7.09",,"4.275","64.12",".00","4.275",54835,"","1",0,"N","N",".00","","",54835,21364,6836205,6/1/2010,15,
Detail,8356093,B,750388-201017,0537803,"1","CS","1 LB","WESTBY","BUTTER,rBGH FREE","4.15",,"2.496","89.86",".00","2.496",54835,"","1",0,"N","N",".00","","",54835,53780,6836205,6/1/2010,36,
RecType,InvNum,Type,NumGroceryItems,NumRefrigItems,NumRepackItems,NumFrozenItems,TotalPcs,TotalWt,TotalCubes,NonSpecial,Special,GrossTotal,VolDiscnt,Discount,NetTotal,TotalRetail,Deposits,Adjustments,ProfitAmnt,Profit%,InvDate,CorpCustID,OrderNumber,,,,,,,
Footer,8356093,C,"0","2","0","0","2","53",".12","153.98",".00","153.98","0",".00","153.98","255.75",".00",".00",".00",".00",6/1/2010,54835,6836205,,,,,,,
