RecType,InvNum,Type,OrderNumber,InvoiceDate,DBA,CustomerNumber,CustomerName,CustAddr1,CustAddr2,City,State,ZipCode,PhoneNumber,Whse,Trip,Terms,D/CFlag,TermsMsg,CorpCustID,CoverSheet,OrdEntryDate,ChainCode,ApplyTo#,PO#,,,,,,
Header,8932994,A,7354170,8/28/2010,1,54835,"WHOLE FDS COOP-DULUTH","610 EAST 4TH STREET","","DULUTH","MN","558050000","218-728-0884",8,"642",7,0,"NET 21 DAYS",54835,3903102,8/27/2010,"CMW",0,"LN2498808-08",,,,,,
RecType,InvNum,Type,UPC,ProductID,QuantityShipped,Unit,Size,Brand,Description,RegularSRP,Status,NetPricePerUnit,ExtendedPrice,SaleSRP,RegPricePerUnit,CustomerID,PriceOrigin,QuantityOrdered,Taxable,LB flag,CW flag,CW2,CNF_RegSRP,CNF_SpcSRP,CorpCustID,CorpProdID,OrderNumber,InvoiceDate,Servings,
Detail,8932994,B,021908-406770,0908095,"3","CS","8 OZ","CSCADE","BLUEBERRIES,OG","4.25",,"1.975","71.10","4.25","2.481",54835,"PRO 20","3",0,"N","N",".00","","",54835,90809,7354170,8/28/2010,12,
Detail,8932994,B,021908-514956,0504225,"2","CS","10 OZ","CSCADE","HARVEST BERRIES,OG","4.25",,"1.975","47.40","4.25","2.481",54835,"PRO 20","2",0,"N","N",".00","","",54835,50422,7354170,8/28/2010,12,
Detail,8932994,B,021908-543017,0344309,"1","CS","10 OZ","CSCADE","STRAWBERRIES,OG","4.25",,"1.975","23.70","4.25","2.481",54835,"PRO 20","1",0,"N","N",".00","","",54835,34430,7354170,8/28/2010,12,
RecType,InvNum,Type,NumGroceryItems,NumRefrigItems,NumRepackItems,NumFrozenItems,TotalPcs,TotalWt,TotalCubes,NonSpecial,Special,GrossTotal,VolDiscnt,Discount,NetTotal,TotalRetail,Deposits,Adjustments,ProfitAmnt,Profit%,InvDate,CorpCustID,OrderNumber,,,,,,,
Footer,8932994,C,"0","0","0","6","6","46",".25",".00","142.20","142.20","0",".00","142.20","306.00",".00",".00",".00",".00",8/28/2010,54835,7354170,,,,,,,
