RecType,InvNum,Type,OrderNumber,InvoiceDate,DBA,CustomerNumber,CustomerName,CustAddr1,CustAddr2,City,State,ZipCode,PhoneNumber,Whse,Trip,Terms,D/CFlag,TermsMsg,CorpCustID,CoverSheet,OrdEntryDate,ChainCode,ApplyTo#,PO#,,,,,,
Header,8933014,A,7355077,8/28/2010,1,54835,"WHOLE FDS COOP-DULUTH","610 EAST 4TH STREET","","DULUTH","MN","558050000","218-728-0884",8,"642",7,0,"NET 21 DAYS",54835,3903102,8/27/2010,"CMW",0,"LN2498976-21",,,,,,
RecType,InvNum,Type,UPC,ProductID,QuantityShipped,Unit,Size,Brand,Description,RegularSRP,Status,NetPricePerUnit,ExtendedPrice,SaleSRP,RegPricePerUnit,CustomerID,PriceOrigin,QuantityOrdered,Taxable,LB flag,CW flag,CW2,CNF_RegSRP,CNF_SpcSRP,CorpCustID,CorpProdID,OrderNumber,InvoiceDate,Servings,
Detail,8933014,B,089836-028693,0546317,"1","EA","#","FRNTHB","BROTH POWDER,OG,CHCKN FLV","19.95",,"7.340","7.34",".00","7.340",54835,"","1",0,"N","N",".00","","",54835,54631,7355077,8/28/2010,1,
Detail,8933014,B,089836-008633,0791673,"1","EA","#","FRNTHB","PSYLLIUM SD HUSK,OG,WHOLE","21.15",,"7.790","7.79",".00","7.790",54835,"","1",0,"N","N",".00","","",54835,79167,7355077,8/28/2010,1,
Detail,8933014,B,089836-027702,0546333,"1","EA","#","FRNTHB","CHILI POWDER BLEND,OG","24.35",,"8.970","8.97",".00","8.970",54835,"","1",0,"N","N",".00","","",54835,54633,7355077,8/28/2010,1,
Detail,8933014,B,089836-010759,0708396,"1","EA","#","FRNTHB","TEA,OG,SENCHA LEAF","42.29",,"15.580","15.58",".00","15.580",54835,"","1",0,"N","N",".00","","",54835,70839,7355077,8/28/2010,1,
Detail,8933014,B,026938-899806,0899807,"1","","EA","","TOTES CHARGE",".00",,".000",".00",".00",".000",54835,"NO CHG","1",0,"","",".00","N","",54835,89980,7355077,8/28/2010,1,
Detail,8933014,B,089836-029881,0740407,"0","EA","#","FRNTHB","PAPRIKA,OG,SMOKED",".00",OUT,".000",".00",".00",".000",54835,"","1",0,"N","N",".00","","",54835,74040,7355077,8/28/2010,1,
RecType,InvNum,Type,NumGroceryItems,NumRefrigItems,NumRepackItems,NumFrozenItems,TotalPcs,TotalWt,TotalCubes,NonSpecial,Special,GrossTotal,VolDiscnt,Discount,NetTotal,TotalRetail,Deposits,Adjustments,ProfitAmnt,Profit%,InvDate,CorpCustID,OrderNumber,,,,,,,
Footer,8933014,C,"0","0","1","0","1","11",".16","39.68",".00","39.68","0",".00","39.68","107.74",".00",".00",".00",".00",8/28/2010,54835,7355077,,,,,,,
