RecType,InvNum,Type,OrderNumber,InvoiceDate,DBA,CustomerNumber,CustomerName,CustAddr1,CustAddr2,City,State,ZipCode,PhoneNumber,Whse,Trip,Terms,D/CFlag,TermsMsg,CorpCustID,CoverSheet,OrdEntryDate,ChainCode,ApplyTo#,PO#,,,,,,
Header,8933012,A,7355074,8/28/2010,1,54835,"WHOLE FDS COOP-DULUTH","610 EAST 4TH STREET","","DULUTH","MN","558050000","218-728-0884",8,"642",7,0,"NET 21 DAYS",54835,3903102,8/27/2010,"CMW",0,"LN2498976-19",,,,,,
RecType,InvNum,Type,UPC,ProductID,QuantityShipped,Unit,Size,Brand,Description,RegularSRP,Status,NetPricePerUnit,ExtendedPrice,SaleSRP,RegPricePerUnit,CustomerID,PriceOrigin,QuantityOrdered,Taxable,LB flag,CW flag,CW2,CNF_RegSRP,CNF_SpcSRP,CorpCustID,CorpProdID,OrderNumber,InvoiceDate,Servings,
Detail,8933012,B,757922-116158,0876334,"1","CS","3.5 OZ","MTHAGN","COFFEE,OG,FREEZE DRD,DECF","10.15",,"5.808","34.85",".00","5.808",54835,"","1",0,"N","N",".00","","",54835,87633,7355074,8/28/2010,6,
Detail,8933012,B,795239-801107,0368415,"1","CS","11 OZ","TECINO","HRBL COFFEE,OG,MAYA CAFFE","8.95",,"5.137","30.82",".00","5.137",54835,"","1",0,"N","N",".00","","",54835,36841,7355074,8/28/2010,6,
RecType,InvNum,Type,NumGroceryItems,NumRefrigItems,NumRepackItems,NumFrozenItems,TotalPcs,TotalWt,TotalCubes,NonSpecial,Special,GrossTotal,VolDiscnt,Discount,NetTotal,TotalRetail,Deposits,Adjustments,ProfitAmnt,Profit%,InvDate,CorpCustID,OrderNumber,,,,,,,
Footer,8933012,C,"2","0","0","0","2","9",".05","65.67",".00","65.67","0",".00","65.67","114.60",".00",".00",".00",".00",8/28/2010,54835,7355074,,,,,,,
