RecType,InvNum,Type,OrderNumber,InvoiceDate,DBA,CustomerNumber,CustomerName,CustAddr1,CustAddr2,City,State,ZipCode,PhoneNumber,Whse,Trip,Terms,D/CFlag,TermsMsg,CorpCustID,CoverSheet,OrdEntryDate,ChainCode,ApplyTo#,PO#,,,,,,
Header,8933003,A,7354820,8/28/2010,1,54835,"WHOLE FDS COOP-DULUTH","610 EAST 4TH STREET","","DULUTH","MN","558050000","218-728-0884",8,"642",7,0,"NET 21 DAYS",54835,3903102,8/27/2010,"CMW",0,"LN2498924-09",,,,,,
RecType,InvNum,Type,UPC,ProductID,QuantityShipped,Unit,Size,Brand,Description,RegularSRP,Status,NetPricePerUnit,ExtendedPrice,SaleSRP,RegPricePerUnit,CustomerID,PriceOrigin,QuantityOrdered,Taxable,LB flag,CW flag,CW2,CNF_RegSRP,CNF_SpcSRP,CorpCustID,CorpProdID,OrderNumber,InvoiceDate,Servings,
Detail,8933003,B,745158-340201,0364471,"1","CS","3 #","HALO","SPOTS STEW CAT,INDR,CHCKN","11.25",,"6.710","40.26",".00","6.710",54835,"","1",0,"N","N",".00","","",54835,36447,7354820,8/28/2010,6,
Detail,8933003,B,035883-005040,0926543,"1","CS","14 OZ","PETGRD","CAT,CHICKEN & WHEAT GERM","2.55",,"1.368","16.41","2.55","1.497",54835,"M 10","1",0,"N","N",".00","","",54835,92654,7354820,8/28/2010,12,
Detail,8933003,B,085835-030071,0533893,"1","CS","8 #","WYSONG","DOG FOOD,MAINTENANCE","14.25",,"8.500","34.00",".00","8.500",54835,"","1",0,"N","N",".00","","",54835,53389,7354820,8/28/2010,4,
RecType,InvNum,Type,NumGroceryItems,NumRefrigItems,NumRepackItems,NumFrozenItems,TotalPcs,TotalWt,TotalCubes,NonSpecial,Special,GrossTotal,VolDiscnt,Discount,NetTotal,TotalRetail,Deposits,Adjustments,ProfitAmnt,Profit%,InvDate,CorpCustID,OrderNumber,,,,,,,
Footer,8933003,C,"3","0","0","0","3","66",".27","74.26","16.41","90.67","0",".00","90.67","155.10",".00",".00",".00",".00",8/28/2010,54835,7354820,,,,,,,
