RecType,InvNum,Type,OrderNumber,InvoiceDate,DBA,CustomerNumber,CustomerName,CustAddr1,CustAddr2,City,State,ZipCode,PhoneNumber,Whse,Trip,Terms,D/CFlag,TermsMsg,CorpCustID,CoverSheet,OrdEntryDate,ChainCode,ApplyTo#,PO#,,,,,,
Header,8933002,A,7354819,8/28/2010,1,54835,"WHOLE FDS COOP-DULUTH","610 EAST 4TH STREET","","DULUTH","MN","558050000","218-728-0884",8,"642",7,0,"NET 21 DAYS",54835,3903102,8/27/2010,"CMW",0,"LN2498924-08",,,,,,
RecType,InvNum,Type,UPC,ProductID,QuantityShipped,Unit,Size,Brand,Description,RegularSRP,Status,NetPricePerUnit,ExtendedPrice,SaleSRP,RegPricePerUnit,CustomerID,PriceOrigin,QuantityOrdered,Taxable,LB flag,CW flag,CW2,CNF_RegSRP,CNF_SpcSRP,CorpCustID,CorpProdID,OrderNumber,InvoiceDate,Servings,
Detail,8933002,B,070734-053283,0677922,"2","CS","20 CT","CS","HERB TEA,BENGAL SPICE","3.45",,"1.967","23.60",".00","1.967",54835,"","2",0,"N","N",".00","","",54835,67792,7354819,8/28/2010,6,
Detail,8933002,B,722252-126306,0303776,"1","CS","1.59 OZ","CLIF","MOJO BAR,OG,DPPD CHOC PNT","1.55",,".697","8.36","1.55",".885",54835,"PRO 21","1",0,"N","N",".00","","",54835,30377,7354819,8/28/2010,12,
Detail,8933002,B,084253-260206,0646125,"1","CS","32 OZ","IMAGIN","SOY ENRICH BEV,OG,ORIG","3.59",,"2.063","24.76",".00","2.063",54835,"","1",0,"N","N",".00","","",54835,64612,7354819,8/28/2010,12,
Detail,8933002,B,894455-000230,0256230,"1","CS","10/1.15Z","JNB","ALMOND BTR,SQZ,MAPLE","10.65",,"4.975","29.85","10.65","6.088",54835,"M 20","1",0,"N","N",".00","","",54835,25623,7354819,8/28/2010,6,
Detail,8933002,B,875386-000315,0886275,"1","CS","32 OZ","LIVHAR","HEMPMILK,TEMPT,CHOCOLATE","4.25",,"1.963","23.56","4.25","2.413",54835,"PRO 20","1",0,"N","N",".00","","",54835,88627,7354819,8/28/2010,12,
Detail,8933002,B,692752-300028,0772467,"2","EA","54 OZ","NUTIVA","COCONUT OIL,OG,RAW,X-VIRG","34.25",,"17.040","34.08","34.25","19.670",54835,"M 15","2",0,"N","N",".00","","",54835,77246,7354819,8/28/2010,1,
Detail,8933002,B,860547-000037,0909135,"1","CS","11 OZ","ORGAIN","MEAL RPLCMNT,OG,CHOC FUDG","3.29",,"1.547","18.56","3.29","1.878",54835,"M 20","1",0,"N","N",".00","","",54835,90913,7354819,8/28/2010,12,
Detail,8933002,B,860547-000020,0909143,"1","CS","11 OZ","ORGAIN","MEAL RPLCMNT,OG.VAN BEAN","3.29",,"1.547","18.56","3.29","1.878",54835,"M 20","1",0,"N","N",".00","","",54835,90914,7354819,8/28/2010,12,
Detail,8933002,B,022506-002333,0164939,"2","CS","33.8 OZ","SPCTRM","OLIVE OIL,OG,MEDTRN,X VRG","20.25",,"8.837","106.04","20.25","11.622",54835,"PRO 25","2",0,"N","N",".00","","",54835,16493,7354819,8/28/2010,6,
Detail,8933002,B,079126-008900,0816215,"1","CS",".5 OZ","SISLND","FRUIT LEATHER,STRAWBERRY",".65",,".278","8.35",".65",".350",54835,"PRO 20","1",0,"N","N",".00","","",54835,81621,7354819,8/28/2010,30,
Detail,8933002,B,074873-968101,0241844,"1","CS","32 OZ","WSTSOY","WESTSOY DRINK,OG,PLAIN,LF","1.99",,".904","10.85","1.99","1.137",54835,"PRO 20","1",0,"N","N",".00","","",54835,24184,7354819,8/28/2010,12,
Detail,8933002,B,180127-000524,0367441,"3","CS","14 OZ","ZICO","WATER,COCONUT,BERRY","2.95",,"1.463","52.65","2.95","1.688",54835,"M 15","3",0,"N","N",".00","","",54835,36744,7354819,8/28/2010,12,
Detail,8933002,B,026938-899806,0899807,"1","","EA","","TOTES CHARGE",".00",,".000",".00",".00",".000",54835,"NO CHG","1",0,"","",".00","N","",54835,89980,7354819,8/28/2010,1,
Detail,8933002,B,852697-001316,0208793,"0","CS","4.22 OZ","HAPPYT","BABY FD,OG,BAN,PCH,COC,PR",".00",OUT,".000",".00",".00",".000",54835,"","1",0,"N","N",".00","","",54835,20879,7354819,8/28/2010,16,
Detail,8933002,B,898999-000206,0579391,"0","CS","11.2OZ","VITACO","COCONUT WATER,PINEAPPLE",".00",OUT,".000",".00",".00",".000",54835,"","1",0,"N","N",".00","","",54835,57939,7354819,8/28/2010,12,
RecType,InvNum,Type,NumGroceryItems,NumRefrigItems,NumRepackItems,NumFrozenItems,TotalPcs,TotalWt,TotalCubes,NonSpecial,Special,GrossTotal,VolDiscnt,Discount,NetTotal,TotalRetail,Deposits,Adjustments,ProfitAmnt,Profit%,InvDate,CorpCustID,OrderNumber,,,,,,,
Footer,8933002,C,"13","0","1","0","14","207",".64","48.36","310.86","359.22","0",".00","359.22","758.02",".00",".00",".00",".00",8/28/2010,54835,7354819,,,,,,,
