RecType,InvNum,Type,OrderNumber,InvoiceDate,DBA,CustomerNumber,CustomerName,CustAddr1,CustAddr2,City,State,ZipCode,PhoneNumber,Whse,Trip,Terms,D/CFlag,TermsMsg,CorpCustID,CoverSheet,OrdEntryDate,ChainCode,ApplyTo#,PO#,,,,,,
Header,8933015,A,7355612,8/28/2010,1,54835,"WHOLE FDS COOP-DULUTH","610 EAST 4TH STREET","","DULUTH","MN","558050000","218-728-0884",8,"642",7,0,"NET 21 DAYS",54835,3903102,8/27/2010,"CMW",0,"",,,,,,
RecType,InvNum,Type,UPC,ProductID,QuantityShipped,Unit,Size,Brand,Description,RegularSRP,Status,NetPricePerUnit,ExtendedPrice,SaleSRP,RegPricePerUnit,CustomerID,PriceOrigin,QuantityOrdered,Taxable,LB flag,CW flag,CW2,CNF_RegSRP,CNF_SpcSRP,CorpCustID,CorpProdID,OrderNumber,InvoiceDate,Servings,
Detail,8933015,B,834183-007156,0433847,"1","CS","20 OZ","ALEXIA","SWT POTATO CRNKL CUTS,S&P","4.25",,"2.140","25.68","4.25","2.481",54835,"M 15","1",0,"N","N",".00","","",54835,43384,7355612,8/28/2010,12,
Detail,8933015,B,026832-300101,0957720,"1","CS","12 OZ","NATE","MEATBALL,CLASSIC,VEGAN","4.89",,"2.320","27.84","4.89","2.868",54835,"PRO 20","1",0,"N","N",".00","","",54835,95772,7355612,8/28/2010,12,
Footer,8933015,C,"0","0","0","2","2","26",".16",".00","53.52","53.52","0",".00","53.52","109.68",".00",".00",".00",".00",8/28/2010,54835,7355612,,,,,,,
