RecType,InvNum,Type,OrderNumber,InvoiceDate,DBA,CustomerNumber,CustomerName,CustAddr1,CustAddr2,City,State,ZipCode,PhoneNumber,Whse,Trip,Terms,D/CFlag,TermsMsg,CorpCustID,CoverSheet,OrdEntryDate,ChainCode,ApplyTo#,PO#,,,,,,
Header,8933000,A,7354467,8/28/2010,1,54835,"WHOLE FDS COOP-DULUTH","610 EAST 4TH STREET","","DULUTH","MN","558050000","218-728-0884",8,"642",7,0,"NET 21 DAYS",54835,3903102,8/27/2010,"CMW",0,"LN2498856-03",,,,,,
RecType,InvNum,Type,UPC,ProductID,QuantityShipped,Unit,Size,Brand,Description,RegularSRP,Status,NetPricePerUnit,ExtendedPrice,SaleSRP,RegPricePerUnit,CustomerID,PriceOrigin,QuantityOrdered,Taxable,LB flag,CW flag,CW2,CNF_RegSRP,CNF_SpcSRP,CorpCustID,CorpProdID,OrderNumber,InvoiceDate,Servings,
Detail,8933000,B,031493-776370,0161521,"2","CS","8 PK","RUDI'S","BUNS,OG,HAMBURGER,WHEAT","4.55",,"2.677","37.48",".00","2.677",54835,"","2",0,"N","N",".00","","",54835,16152,7354467,8/28/2010,7,
Detail,8933000,B,031493-776394,0975342,"1","CS","6 PK","RUDI'S","BUNS,OG,HOT DOG,WHEAT","3.65",,"2.143","17.14",".00","2.143",54835,"","1",0,"N","N",".00","","",54835,97534,7354467,8/28/2010,8,
Detail,8933000,B,031493-021609,0775759,"3","CS","22 OZ","RUDI'S","BRD,OG,100% WHOLE WHEAT","4.55",,"2.131","51.15","4.55","2.678",54835,"PRO 20","3",0,"N","N",".00","","",54835,77575,7354467,8/28/2010,8,
Detail,8933000,B,031493-921831,0733147,"1","CS","24 OZ","RUDI'S","BRD,OG,CINNAMON RAISIN","4.85",,"2.850","34.20",".00","2.850",54835,"","1",0,"N","N",".00","","",54835,73314,7354467,8/28/2010,12,
Detail,8933000,B,031493-543736,0940361,"3","CS","22 OZ","RUDI'S","BRD,OG,COLORADO CRKD WHT","4.55",,"2.131","51.15","4.55","2.678",54835,"PRO 20","3",0,"N","N",".00","","",54835,94036,7354467,8/28/2010,8,
Detail,8933000,B,031493-242424,0940387,"4","CS","22 OZ","RUDI'S","BRD,OG,HONEY SWT WHL WHT","4.55",,"2.131","68.20","4.55","2.678",54835,"PRO 20","4",0,"N","N",".00","","",54835,94038,7354467,8/28/2010,8,
Detail,8933000,B,031493-828888,0940338,"3","CS","22 OZ","RUDI'S","BRD,OG,OAT,MULTIGRAIN","4.55",,"2.131","51.15","4.55","2.678",54835,"PRO 20","3",0,"N","N",".00","","",54835,94033,7354467,8/28/2010,8,
Detail,8933000,B,031493-804899,0845420,"1","CS","22 OZ","RUDI'S","BRD,OG,RYE,JEWISH LIGHT","4.55",,"2.678","21.42",".00","2.678",54835,"","1",0,"N","N",".00","","",54835,84542,7354467,8/28/2010,8,
Detail,8933000,B,031493-317511,0940270,"2","CS","22 OZ","RUDI'S","BRD,OG,SOURDGH,ROCKY MTN","4.55",,"2.678","42.84",".00","2.678",54835,"","2",0,"N","N",".00","","",54835,94027,7354467,8/28/2010,8,
Detail,8933000,B,031493-071208,0342543,"1","CS","20 OZ","RUDI'S","BRD,OG,SPELT,ANCNT GRAIN","5.55",,"3.246","25.97",".00","3.246",54835,"","1",0,"N","N",".00","","",54835,34254,7354467,8/28/2010,8,
Detail,8933000,B,031493-023405,0723213,"1","CS","20 OZ","RUDI'S","BRD,OG,14 GRAIN","4.55",,"2.678","21.42",".00","2.678",54835,"","1",0,"N","N",".00","","",54835,72321,7354467,8/28/2010,8,
Detail,8933000,B,031493-023207,0543553,"1","CS","20 OZ","RUDI'S","BRD,OG,7 GRAIN & FLAX","4.55",,"2.678","21.42",".00","2.678",54835,"","1",0,"N","N",".00","","",54835,54355,7354467,8/28/2010,8,
Detail,8933000,B,075119-602254,0349258,"1","CS","14.8 OZ","ENER-G","ENGLISH MUFFIN W/TOFU","5.75",,"3.302","19.81",".00","3.302",54835,"","1",0,"N","N",".00","","",54835,34925,7354467,8/28/2010,6,
Detail,8933000,B,075119-145713,0315200,"1","CS","16 OZ","ENER-G","LOAF,BROWN RICE","5.25",,"2.592","15.55","5.25","3.005",54835,"M 15","1",0,"N","N",".00","","",54835,31520,7354467,8/28/2010,6,
RecType,InvNum,Type,NumGroceryItems,NumRefrigItems,NumRepackItems,NumFrozenItems,TotalPcs,TotalWt,TotalCubes,NonSpecial,Special,GrossTotal,VolDiscnt,Discount,NetTotal,TotalRetail,Deposits,Adjustments,ProfitAmnt,Profit%,InvDate,CorpCustID,OrderNumber,,,,,,,
Footer,8933000,C,"2","0","0","23","25","284","2.37","241.70","237.20","478.90","0",".00","478.90","916.70",".00",".00",".00",".00",8/28/2010,54835,7354467,,,,,,,
