RecType,InvNum,Type,OrderNumber,InvoiceDate,DBA,CustomerNumber,CustomerName,CustAddr1,CustAddr2,City,State,ZipCode,PhoneNumber,Whse,Trip,Terms,D/CFlag,TermsMsg,CorpCustID,CoverSheet,OrdEntryDate,ChainCode,ApplyTo#,PO#,,,,,,
Header,8570031,A,7028019,7/3/2010,1,54835,"WHOLE FDS COOP-DULUTH","610 EAST 4TH STREET","","DULUTH","MN","558050000","218-728-0884",8,"642",7,0,"NET 21 DAYS",54835,3757189,7/2/2010,"CMW",0,"LN2383372-21",,,,,,
RecType,InvNum,Type,UPC,ProductID,QuantityShipped,Unit,Size,Brand,Description,RegularSRP,Status,NetPricePerUnit,ExtendedPrice,SaleSRP,RegPricePerUnit,CustomerID,PriceOrigin,QuantityOrdered,Taxable,LB flag,CW flag,CW2,CNF_RegSRP,CNF_SpcSRP,CorpCustID,CorpProdID,OrderNumber,InvoiceDate,Servings,
Detail,8570031,B,089836-028693,0546317,"1","EA","#","FRNTHB","BROTH POWDER,OG,CHCKN FLV","20.19",,"7.430","7.43",".00","7.430",54835,"","1",0,"N","N",".00","","",54835,54631,7028019,7/3/2010,1,
Detail,8570031,B,089836-026170,0448415,"1","EA","#","FRNTHB","CARDAMOM PODS,OG,WHOLE","52.99",,"19.520","19.52",".00","19.520",54835,"","1",0,"N","N",".00","","",54835,44841,7028019,7/3/2010,1,
Detail,8570031,B,089836-001146,0363788,"1","EA","#","FRNTHB","CAYENNE 90000 HU","11.59",,"4.270","4.27",".00","4.270",54835,"","1",0,"N","N",".00","","",54835,36378,7028019,7/3/2010,1,
Detail,8570031,B,089836-025920,0448514,"1","EA","#","FRNTHB","CUMIN SEED,OG,GROUND","21.45",,"7.900","7.90",".00","7.900",54835,"","1",0,"N","N",".00","","",54835,44851,7028019,7/3/2010,1,
Detail,8570031,B,089836-026507,0478271,"1","EA","#","FRNTHB","CURRY POWDER,OG","19.75",,"7.270","7.27",".00","7.270",54835,"","1",0,"N","N",".00","","",54835,47827,7028019,7/3/2010,1,
Detail,8570031,B,089836-026194,0448548,"1","EA","#","FRNTHB","FENNEL SEED,OG,WHOLE","14.69",,"5.400","5.40",".00","5.400",54835,"","1",0,"N","N",".00","","",54835,44854,7028019,7/3/2010,1,
Detail,8570031,B,089836-003560,0448555,"1","EA","#","FRNTHB","FENUGREEK SEED,OG,WHOLE","11.89",,"4.370","4.37",".00","4.370",54835,"","1",0,"N","N",".00","","",54835,44855,7028019,7/3/2010,1,
Detail,8570031,B,089836-003447,0478354,"1","EA","#","FRNTHB","MUSTARD SEED,OG,BRN,WHL","7.69",,"2.830","2.83",".00","2.830",54835,"","1",0,"N","N",".00","","",54835,47835,7028019,7/3/2010,1,
Detail,8570031,B,089836-002945,0311548,"1","EA","#","FRNTHB","MUSTARD SEED,OG,YEL,GRND","11.15",,"4.110","4.11",".00","4.110",54835,"","1",0,"N","N",".00","","",54835,31154,7028019,7/3/2010,1,
Detail,8570031,B,089836-003713,0298372,"1","EA","#","FRNTHB","ONION POWDER,OG","16.05",,"5.900","5.90",".00","5.900",54835,"","1",0,"N","N",".00","","",54835,29837,7028019,7/3/2010,1,
Detail,8570031,B,089836-001764,0397281,"1","EA","#","FRNTHB","PAPRIKA,HUNGARIAN,GROUND","18.59",,"6.850","6.85",".00","6.850",54835,"","1",0,"N","N",".00","","",54835,39728,7028019,7/3/2010,1,
Detail,8570031,B,089836-029881,0740407,"1","EA","#","FRNTHB","PAPRIKA,OG,SMOKED","26.85",,"9.890","9.89",".00","9.890",54835,"","1",0,"N","N",".00","","",54835,74040,7028019,7/3/2010,1,
Detail,8570031,B,089836-001382,0312363,"1","EA","#","FRNTHB","CURRY POWDER,MUCHI","13.45",,"4.940","4.94",".00","4.940",54835,"","1",0,"N","N",".00","","",54835,31236,7028019,7/3/2010,1,
Detail,8570031,B,026938-899806,0899807,"1","","EA","","TOTES CHARGE",".00",,".000",".00",".00",".000",54835,"NO CHG","1",0,"","",".00","N","",54835,89980,7028019,7/3/2010,1,
Detail,8570031,B,089836-070159,0174151,"0","EA","#","FRNTHB","TUMERIC,OG,ROOT, FT",".00",OUT,".000",".00",".00",".000",54835,"","2",0,"N","N",".00","","",54835,17415,7028019,7/3/2010,1,
Detail,8570031,B,089836-026491,0546556,"0","EA","#","FRNTHB","ITALIAN SEASONING,OG,WHL",".00",OUT,".000",".00",".00",".000",54835,"","1",0,"N","N",".00","","",54835,54655,7028019,7/3/2010,1,
RecType,InvNum,Type,NumGroceryItems,NumRefrigItems,NumRepackItems,NumFrozenItems,TotalPcs,TotalWt,TotalCubes,NonSpecial,Special,GrossTotal,VolDiscnt,Discount,NetTotal,TotalRetail,Deposits,Adjustments,ProfitAmnt,Profit%,InvDate,CorpCustID,OrderNumber,,,,,,,
Footer,8570031,C,"0","0","1","0","1","21",".21","90.68",".00","90.68","0",".00","90.68","246.33",".00",".00",".00",".00",7/3/2010,54835,7028019,,,,,,,
