RecType,InvNum,Type,OrderNumber,InvoiceDate,DBA,CustomerNumber,CustomerName,CustAddr1,CustAddr2,City,State,ZipCode,PhoneNumber,Whse,Trip,Terms,D/CFlag,TermsMsg,CorpCustID,CoverSheet,OrdEntryDate,ChainCode,ApplyTo#,PO#,,,,,,
Header,8570023,A,7027935,7/3/2010,1,54835,"WHOLE FDS COOP-DULUTH","610 EAST 4TH STREET","","DULUTH","MN","558050000","218-728-0884",8,"642",7,0,"NET 21 DAYS",54835,3757189,7/2/2010,"CMW",0,"LN2383365-09",,,,,,
RecType,InvNum,Type,UPC,ProductID,QuantityShipped,Unit,Size,Brand,Description,RegularSRP,Status,NetPricePerUnit,ExtendedPrice,SaleSRP,RegPricePerUnit,CustomerID,PriceOrigin,QuantityOrdered,Taxable,LB flag,CW flag,CW2,CNF_RegSRP,CNF_SpcSRP,CorpCustID,CorpProdID,OrderNumber,InvoiceDate,Servings,
Detail,8570023,B,745158-600435,0361311,"1","CS","5 OZ","HALO","SPOT STW DG,SMN,S#0527358","1.69",,".998","11.97",".00",".998",54835,"","1",0,"N","N",".00","","",54835,36131,7027935,7/3/2010,12,
Detail,8570023,B,035883-005040,0926543,"1","CS","14 OZ","PETGRD","CAT,CHICKEN & WHEAT GERM","2.55",,"1.388","16.65","2.55","1.517",54835,"M 10","1",0,"N","N",".00","","",54835,92654,7027935,7/3/2010,12,
Detail,8570023,B,787748-228902,0301291,"2","EA","40 LB","SWHEAT","CAT LITTER SWHEAT SCOOP","35.15",,"21.050","42.10",".00","21.050",54835,"","2",0,"N","N",".00","","",54835,30129,7027935,7/3/2010,1,
RecType,InvNum,Type,NumGroceryItems,NumRefrigItems,NumRepackItems,NumFrozenItems,TotalPcs,TotalWt,TotalCubes,NonSpecial,Special,GrossTotal,VolDiscnt,Discount,NetTotal,TotalRetail,Deposits,Adjustments,ProfitAmnt,Profit%,InvDate,CorpCustID,OrderNumber,,,,,,,
Footer,8570023,C,"4","0","0","0","4","97",".24","54.07","16.65","70.72","0",".00","70.72","121.18",".00",".00",".00",".00",7/3/2010,54835,7027935,,,,,,,
