RecType,InvNum,Type,OrderNumber,InvoiceDate,DBA,CustomerNumber,CustomerName,CustAddr1,CustAddr2,City,State,ZipCode,PhoneNumber,Whse,Trip,Terms,D/CFlag,TermsMsg,CorpCustID,CoverSheet,OrdEntryDate,ChainCode,ApplyTo#,PO#,,,,,,
Header,8570034,A,7029296,7/3/2010,1,54835,"WHOLE FDS COOP-DULUTH","610 EAST 4TH STREET","","DULUTH","MN","558050000","218-728-0884",8,"642",7,0,"NET 21 DAYS",54835,3757189,7/2/2010,"CMW",0,"",,,,,,
RecType,InvNum,Type,UPC,ProductID,QuantityShipped,Unit,Size,Brand,Description,RegularSRP,Status,NetPricePerUnit,ExtendedPrice,SaleSRP,RegPricePerUnit,CustomerID,PriceOrigin,QuantityOrdered,Taxable,LB flag,CW flag,CW2,CNF_RegSRP,CNF_SpcSRP,CorpCustID,CorpProdID,OrderNumber,InvoiceDate,Servings,
Detail,8570034,B,042175-198502,0276287,"2","CS","6 PK","BLUSKY","SODA,CHERRY VANILLA CREME","4.19",,"1.863","14.90","4.19","2.405",54835,"POV 25","2",0,"N","N",".00","","",54835,27628,7029296,7/3/2010,4,
Detail,8570034,B,042175-198908,0181487,"3","CS","6 PK","BLUSKY","SODA,JAMAICAN GINGER ALE","4.19",,"1.863","22.35","4.19","2.405",54835,"POV 25","3",0,"N","N",".00","","",54835,18148,7029296,7/3/2010,4,
Detail,8570034,B,042175-198656,0181545,"3","CS","6 PK","BLUSKY","SODA,NATURAL COLA","4.19",,"1.863","22.35","4.19","2.405",54835,"POV 25","3",0,"N","N",".00","","",54835,18154,7029296,7/3/2010,4,
Detail,8570034,B,042175-198700,0181388,"3","CS","6 PK","BLUSKY","SODA,NATURAL ROOT BEER","4.19",,"1.863","22.35","4.19","2.405",54835,"POV 25","3",0,"N","N",".00","","",54835,18138,7029296,7/3/2010,4,
Detail,8570034,B,651538-067012,0324418,"2","CS","16 OZ","SWLEAF","TEA,BTL,OG,GREEN,MINT&HNY","1.65",,".737","17.68","1.65",".941",54835,"PRO 25","2",0,"N","N",".00","","",54835,32441,7029296,7/3/2010,12,
Detail,8570034,B,651538-067081,0891952,"3","CS","16 OZ","SWLEAF","TEA,BTL,OG,LEMONADE","1.65",,".737","26.52","1.65",".941",54835,"PRO 25","3",0,"N","N",".00","","",54835,89195,7029296,7/3/2010,12,
Detail,8570034,B,651538-067036,0324459,"3","CS","16 OZ","SWLEAF","TEA,BTL,RASPBERRY","1.65",,".737","26.52","1.65",".941",54835,"PRO 25","3",0,"N","N",".00","","",54835,32445,7029296,7/3/2010,12,
Footer,8570034,C,"19","0","0","0","19","391",".91",".00","152.67","152.67","0",".00","152.67","342.76",".00",".00",".00",".00",7/3/2010,54835,7029296,,,,,,,
