RecType,InvNum,Type,OrderNumber,InvoiceDate,DBA,CustomerNumber,CustomerName,CustAddr1,CustAddr2,City,State,ZipCode,PhoneNumber,Whse,Trip,Terms,D/CFlag,TermsMsg,CorpCustID,CoverSheet,OrdEntryDate,ChainCode,ApplyTo#,PO#,,,,,,
Header,8570018,A,7027176,7/3/2010,1,54835,"WHOLE FDS COOP-DULUTH","610 EAST 4TH STREET","","DULUTH","MN","558050000","218-728-0884",8,"642",7,0,"NET 21 DAYS",54835,3757189,7/2/2010,"CMW",0,"LN2383294-08",,,,,,
RecType,InvNum,Type,UPC,ProductID,QuantityShipped,Unit,Size,Brand,Description,RegularSRP,Status,NetPricePerUnit,ExtendedPrice,SaleSRP,RegPricePerUnit,CustomerID,PriceOrigin,QuantityOrdered,Taxable,LB flag,CW flag,CW2,CNF_RegSRP,CNF_SpcSRP,CorpCustID,CorpProdID,OrderNumber,InvoiceDate,Servings,
Detail,8570018,B,785030-000106,0253633,"1","CS","8 OZ","RISEMN","RAVIOLI,OG,GARLIC & MOZZ","3.79",,"2.365","14.19",".00","2.365",54835,"","1",0,"N","N",".00","","",54835,25363,7027176,7/3/2010,6,
Detail,8570018,B,698997-809166,0183970,"1","CS","12 OZ","UDI'S","BREAD,WHOLE GRAIN,GF","5.19",,"3.046","24.37",".00","3.046",54835,"","1",0,"N","N",".00","","",54835,18397,7027176,7/3/2010,8,
RecType,InvNum,Type,NumGroceryItems,NumRefrigItems,NumRepackItems,NumFrozenItems,TotalPcs,TotalWt,TotalCubes,NonSpecial,Special,GrossTotal,VolDiscnt,Discount,NetTotal,TotalRetail,Deposits,Adjustments,ProfitAmnt,Profit%,InvDate,CorpCustID,OrderNumber,,,,,,,
Footer,8570018,C,"0","0","0","2","2","11",".07","38.56",".00","38.56","0",".00","38.56","64.26",".00",".00",".00",".00",7/3/2010,54835,7027176,,,,,,,
