RecType,InvNum,Type,OrderNumber,InvoiceDate,DBA,CustomerNumber,CustomerName,CustAddr1,CustAddr2,City,State,ZipCode,PhoneNumber,Whse,Trip,Terms,D/CFlag,TermsMsg,CorpCustID,CoverSheet,OrdEntryDate,ChainCode,ApplyTo#,PO#,,,,,,
Header,8570011,A,7027006,7/3/2010,1,54835,"WHOLE FDS COOP-DULUTH","610 EAST 4TH STREET","","DULUTH","MN","558050000","218-728-0884",8,"642",7,0,"NET 21 DAYS",54835,3757189,7/2/2010,"CMW",0,"LN2383281-01",,,,,,
RecType,InvNum,Type,UPC,ProductID,QuantityShipped,Unit,Size,Brand,Description,RegularSRP,Status,NetPricePerUnit,ExtendedPrice,SaleSRP,RegPricePerUnit,CustomerID,PriceOrigin,QuantityOrdered,Taxable,LB flag,CW flag,CW2,CNF_RegSRP,CNF_SpcSRP,CorpCustID,CorpProdID,OrderNumber,InvoiceDate,Servings,
Detail,8570011,B,026938-477554,0477554,"1","CS","#","FOULDS","PASTA,ROTINI SEMO VEG","1.99",,"1.141","11.41",".00","1.141",54835,"","1",0,"N","N",".00","","",54835,47755,7027006,7/3/2010,10,
Detail,8570011,B,089836-025241,0298331,"3","EA","#","FRNTHB","GARLIC GRANULES,OG","15.69",,"5.770","17.31",".00","5.770",54835,"","3",0,"N","N",".00","","",54835,29833,7027006,7/3/2010,1,
Detail,8570011,B,725342-260744,0307165,"2","CS","102 OZ","MUIR","TOMATOES,OG,DICED","9.39",,"5.255","63.06",".00","5.255",54835,"","2",0,"N","N",".00","","",54835,30716,7027006,7/3/2010,6,
Detail,8570011,B,026938-496951,0496950,"1","CS","#","NTLWAY","FLOUR,OG,GOLD-N-WHITE","1.05",,".581","29.07",".00",".581",54835,"","1",0,"N","N",".00","","",54835,49695,7027006,7/3/2010,50,
Detail,8570011,B,022506-262287,0857482,"1","CS","1.32 GAL","SPCTRM","VINEGAR,BALSAMIC","35.05",,"19.625","39.25",".00","19.625",54835,"","1",0,"N","N",".00","","",54835,85748,7027006,7/3/2010,2,
Detail,8570011,B,042563-007560,0582650,"1","CS","5 #","WODSTK","FRZ,OG,BLUEBERRIES,WILD","36.05",,"21.238","84.95",".00","21.238",54835,"","1",0,"N","N",".00","","",54835,58265,7027006,7/3/2010,4,
Detail,8570011,B,769123-600817,0793307,"2","CS","9.3 OZ","BORN F","EGGS,HARD BOILED,CAGE FR","3.69",,"2.230","53.52",".00","2.230",54835,"","2",0,"N","N",".00","","",54835,79330,7027006,7/3/2010,12,
Detail,8570011,B,074873-300567,0491589,"1","CS","5 LB","WESTSY","SEITAN,BULK","22.55",,"13.615","27.23",".00","13.615",54835,"","1",0,"N","N",".00","","",54835,49158,7027006,7/3/2010,2,
Detail,8570011,B,098308-002802,0540534,"1","CS","8 OZ","BTRTHB","CHICKEN BASE,OG","6.15",,"3.507","21.04",".00","3.507",54835,"","1",0,"N","N",".00","","",54835,54053,7027006,7/3/2010,6,
Detail,8570011,B,706173-005032,0495234,"1","CS","8 OZ","NATVAL","MUSTARD,OG,DIJON GLS","1.95",,"1.106","13.27",".00","1.106",54835,"","1",0,"N","N",".00","","",54835,49523,7027006,7/3/2010,12,
Detail,8570011,B,069276-020136,0499012,"2","CS","12 OZ","PATAKS","CHUTNEY,MAJOR GREY","4.45",,"2.533","30.40",".00","2.533",54835,"","2",0,"N","N",".00","","",54835,49901,7027006,7/3/2010,6,
Detail,8570011,B,074873-253214,0190942,"1","CS","25 OZ","WBRAE","BEANS,OG,BLACK,FF","2.75",,"1.561","18.73",".00","1.561",54835,"","1",0,"N","N",".00","","",54835,19094,7027006,7/3/2010,12,
Detail,8570011,B,026938-683092,0683094,"1","EA","EA","UNFI","UNFI FUEL SURCHARGE","20.09",,"20.000","20.00","22.15","22.150",54835,"PRO  8","1",0,"N","N",".00","","",54835,68309,7027006,7/3/2010,1,
Detail,8570011,B,026938-899806,0899807,"1","","EA","","TOTES CHARGE",".00",,".000",".00",".00",".000",54835,"NO CHG","1",0,"","",".00","N","",54835,89980,7027006,7/3/2010,1,
Detail,8570011,B,042563-010867,0657767,"0","CS","#","BULK B","COCONUT,OG,MED,SHRD",".00",OUT,".000",".00",".00",".000",54835,"","1",0,"N","N",".00","","",54835,65776,7027006,7/3/2010,25,
RecType,InvNum,Type,NumGroceryItems,NumRefrigItems,NumRepackItems,NumFrozenItems,TotalPcs,TotalWt,TotalCubes,NonSpecial,Special,GrossTotal,VolDiscnt,Discount,NetTotal,TotalRetail,Deposits,Adjustments,ProfitAmnt,Profit%,InvDate,CorpCustID,OrderNumber,,,,,,,
Footer,8570011,C,"10","3","1","1","15","283",".91","409.24","20.00","429.24","0",".00","429.24","746.90",".00",".00",".00",".00",7/3/2010,54835,7027006,,,,,,,
