RecType,InvNum,Type,OrderNumber,InvoiceDate,DBA,CustomerNumber,CustomerName,CustAddr1,CustAddr2,City,State,ZipCode,PhoneNumber,Whse,Trip,Terms,D/CFlag,TermsMsg,CorpCustID,CoverSheet,OrdEntryDate,ChainCode,ApplyTo#,PO#,,,,,,
Header,8570019,A,7027177,7/3/2010,1,54835,"WHOLE FDS COOP-DULUTH","610 EAST 4TH STREET","","DULUTH","MN","558050000","218-728-0884",8,"642",7,0,"NET 21 DAYS",54835,3757189,7/2/2010,"CMW",0,"LN2383294-12",,,,,,
RecType,InvNum,Type,UPC,ProductID,QuantityShipped,Unit,Size,Brand,Description,RegularSRP,Status,NetPricePerUnit,ExtendedPrice,SaleSRP,RegPricePerUnit,CustomerID,PriceOrigin,QuantityOrdered,Taxable,LB flag,CW flag,CW2,CNF_RegSRP,CNF_SpcSRP,CorpCustID,CorpProdID,OrderNumber,InvoiceDate,Servings,
Detail,8570019,B,025317-120005,0608687,"1","CS","8 OZ","APLEGT","BACON,TURKEY SLICED,ANTIB","4.29",,"2.523","30.28",".00","2.523",54835,"","1",0,"N","N",".00","","",54835,60868,7027177,7/3/2010,12,
Detail,8570019,B,025317-530002,0274159,"3","CS","12 OZ","APLEGT","HOT DOG,BEEF,ANTIBTC FREE","4.85",,"2.477","89.16","4.85","2.852",54835,"M 15","3",0,"N","N",".00","","",54835,27415,7027177,7/3/2010,12,
Detail,8570019,B,754570-252504,0917237,"1","CS","1 #","ARCTIC","POLLOCK,ALASKAN FILLETS","3.05",,"1.772","21.26",".00","1.772",54835,"","1",0,"N","N",".00","","",54835,91723,7027177,7/3/2010,12,
Detail,8570019,B,048481-009938,0759100,"1","CS","12 OZ","SHLTON","CHICKEN FRANKS","3.85",,"2.252","13.51",".00","2.252",54835,"","1",0,"N","N",".00","","",54835,75910,7027177,7/3/2010,6,
Detail,8570019,B,048481-009914,0273003,"3","CS","12 OZ","SHLTON","TURKEY FRANKS","3.85",,"1.973","35.52","3.85","2.252",54835,"M 15","3",0,"N","N",".00","","",54835,27300,7027177,7/3/2010,6,
Detail,8570019,B,048481-009907,0511089,"1","CS","12 OZ","SHLTON","TURKEY FRANKS,SMOKED","3.79",,"1.953","11.72","3.79","2.232",54835,"M 15","1",0,"N","N",".00","","",54835,51108,7027177,7/3/2010,6,
RecType,InvNum,Type,NumGroceryItems,NumRefrigItems,NumRepackItems,NumFrozenItems,TotalPcs,TotalWt,TotalCubes,NonSpecial,Special,GrossTotal,VolDiscnt,Discount,NetTotal,TotalRetail,Deposits,Adjustments,ProfitAmnt,Profit%,InvDate,CorpCustID,OrderNumber,,,,,,,
Footer,8570019,C,"0","0","0","10","10","72",".33","65.05","136.40","201.45","0",".00","201.45","377.82",".00",".00",".00",".00",7/3/2010,54835,7027177,,,,,,,
