RecType,InvNum,Type,OrderNumber,InvoiceDate,DBA,CustomerNumber,CustomerName,CustAddr1,CustAddr2,City,State,ZipCode,PhoneNumber,Whse,Trip,Terms,D/CFlag,TermsMsg,CorpCustID,CoverSheet,OrdEntryDate,ChainCode,ApplyTo#,PO#,,,,,,
Header,8570017,A,7027175,7/3/2010,1,54835,"WHOLE FDS COOP-DULUTH","610 EAST 4TH STREET","","DULUTH","MN","558050000","218-728-0884",8,"642",7,0,"NET 21 DAYS",54835,3757189,7/2/2010,"CMW",0,"LN2383294-05",,,,,,
RecType,InvNum,Type,UPC,ProductID,QuantityShipped,Unit,Size,Brand,Description,RegularSRP,Status,NetPricePerUnit,ExtendedPrice,SaleSRP,RegPricePerUnit,CustomerID,PriceOrigin,QuantityOrdered,Taxable,LB flag,CW flag,CW2,CNF_RegSRP,CNF_SpcSRP,CorpCustID,CorpProdID,OrderNumber,InvoiceDate,Servings,
Detail,8570017,B,088194-340089,0391730,"1","CS","6 OZ","BCWEST","WHL MLK YGRT,APRCT MANGO","1.09",,".658","7.89",".00",".658",54835,"","1",0,"N","N",".00","","",54835,39173,7027175,7/3/2010,12,
Detail,8570017,B,088194-340096,0391771,"1","CS","6 OZ","BCWEST","WHL MLK YGRT,CHRY VANILLA","1.09",,".658","7.89",".00",".658",54835,"","1",0,"N","N",".00","","",54835,39177,7027175,7/3/2010,12,
RecType,InvNum,Type,NumGroceryItems,NumRefrigItems,NumRepackItems,NumFrozenItems,TotalPcs,TotalWt,TotalCubes,NonSpecial,Special,GrossTotal,VolDiscnt,Discount,NetTotal,TotalRetail,Deposits,Adjustments,ProfitAmnt,Profit%,InvDate,CorpCustID,OrderNumber,,,,,,,
Footer,8570017,C,"0","2","0","0","2","13",".04","15.78",".00","15.78","0",".00","15.78","26.16",".00",".00",".00",".00",7/3/2010,54835,7027175,,,,,,,
