RecType,InvNum,Type,OrderNumber,InvoiceDate,DBA,CustomerNumber,CustomerName,CustAddr1,CustAddr2,City,State,ZipCode,PhoneNumber,Whse,Trip,Terms,D/CFlag,TermsMsg,CorpCustID,CoverSheet,OrdEntryDate,ChainCode,ApplyTo#,PO#,,,,,,
Header,8900154,A,7325416,8/24/2010,1,54835,"WHOLE FDS COOP-DULUTH","610 EAST 4TH STREET","","DULUTH","MN","558050000","218-728-0884",8,"247",7,0,"NET 21 DAYS",54835,3889391,8/23/2010,"CMW",0,"LN2482864-16",,,,,,
RecType,InvNum,Type,UPC,ProductID,QuantityShipped,Unit,Size,Brand,Description,RegularSRP,Status,NetPricePerUnit,ExtendedPrice,SaleSRP,RegPricePerUnit,CustomerID,PriceOrigin,QuantityOrdered,Taxable,LB flag,CW flag,CW2,CNF_RegSRP,CNF_SpcSRP,CorpCustID,CorpProdID,OrderNumber,InvoiceDate,Servings,
Detail,8900154,B,026938-467531,0467530,"1","CS","#","BULK M","MOLASSES,NOSO2,HOMEMAID","1.15",,".644","38.02",".00",".644",54835,"","1",0,"N","N",".00","","",54835,46753,7325416,8/24/2010,59,
Detail,8900154,B,026938-482893,0482893,"1","CS","#","GREATR","FLOUR,OG,WW BREAD","1.29",,".728","18.21",".00",".728",54835,"","1",0,"N","N",".00","","",54835,48289,7325416,8/24/2010,25,
Detail,8900154,B,026938-768096,0768093,"0","CS","#","WHLSOM","SUGAR,OG,FT,CANE",".00",OUT,".000",".00",".00",".000",54835,"","1",0,"N","N",".00","","",54835,76809,7325416,8/24/2010,25,
RecType,InvNum,Type,NumGroceryItems,NumRefrigItems,NumRepackItems,NumFrozenItems,TotalPcs,TotalWt,TotalCubes,NonSpecial,Special,GrossTotal,VolDiscnt,Discount,NetTotal,TotalRetail,Deposits,Adjustments,ProfitAmnt,Profit%,InvDate,CorpCustID,OrderNumber,,,,,,,
Footer,8900154,C,"2","0","0","0","2","85",".21","56.23",".00","56.23","0",".00","56.23","100.10",".00",".00",".00",".00",8/24/2010,54835,7325416,,,,,,,
