RecType,InvNum,Type,OrderNumber,InvoiceDate,DBA,CustomerNumber,CustomerName,CustAddr1,CustAddr2,City,State,ZipCode,PhoneNumber,Whse,Trip,Terms,D/CFlag,TermsMsg,CorpCustID,CoverSheet,OrdEntryDate,ChainCode,ApplyTo#,PO#,,,,,,
Header,8900142,A,7324261,8/24/2010,1,54835,"WHOLE FDS COOP-DULUTH","610 EAST 4TH STREET","","DULUTH","MN","558050000","218-728-0884",8,"247",7,0,"NET 21 DAYS",54835,3889391,8/23/2010,"CMW",0,"LN2482597-03",,,,,,
RecType,InvNum,Type,UPC,ProductID,QuantityShipped,Unit,Size,Brand,Description,RegularSRP,Status,NetPricePerUnit,ExtendedPrice,SaleSRP,RegPricePerUnit,CustomerID,PriceOrigin,QuantityOrdered,Taxable,LB flag,CW flag,CW2,CNF_RegSRP,CNF_SpcSRP,CorpCustID,CorpProdID,OrderNumber,InvoiceDate,Servings,
Detail,8900142,B,093966-003857,0369041,"1","CS","8 OZ","OGVAL","BUTTER,OG,PASTURE","4.15",,"2.503","30.04",".00","2.503",54835,"","1",0,"N","N",".00","","",54835,36904,7324261,8/24/2010,12,
Detail,8900142,B,093966-330007,0213645,"1","CS","16 OZ","OGVAL","BUTTER,OG,SLTD,STICKS","6.99",,"4.219","63.28",".00","4.219",54835,"","1",0,"N","N",".00","","",54835,21364,7324261,8/24/2010,15,
Detail,8900142,B,015700-227206,0500058,"1","LB","1#","PLUGRA","BUTTER,EUROPEAN STYLE","4.49",,"2.695","97.01",".00","2.695",54835,"","1",0,"N","N",".00","","",54835,50005,7324261,8/24/2010,36,
Detail,8900142,B,750388-201017,0537803,"1","CS","1 LB","WESTBY","BUTTER,rBGH FREE","4.29",,"2.584","93.03",".00","2.584",54835,"","1",0,"N","N",".00","","",54835,53780,7324261,8/24/2010,36,
RecType,InvNum,Type,NumGroceryItems,NumRefrigItems,NumRepackItems,NumFrozenItems,TotalPcs,TotalWt,TotalCubes,NonSpecial,Special,GrossTotal,VolDiscnt,Discount,NetTotal,TotalRetail,Deposits,Adjustments,ProfitAmnt,Profit%,InvDate,CorpCustID,OrderNumber,,,,,,,
Footer,8900142,C,"0","4","0","0","4","97",".21","283.36",".00","283.36","0",".00","283.36","470.73",".00",".00",".00",".00",8/24/2010,54835,7324261,,,,,,,
