RecType,InvNum,Type,OrderNumber,InvoiceDate,DBA,CustomerNumber,CustomerName,CustAddr1,CustAddr2,City,State,ZipCode,PhoneNumber,Whse,Trip,Terms,D/CFlag,TermsMsg,CorpCustID,CoverSheet,OrdEntryDate,ChainCode,ApplyTo#,PO#,,,,,,
Header,8900146,A,7324266,8/24/2010,1,54835,"WHOLE FDS COOP-DULUTH","610 EAST 4TH STREET","","DULUTH","MN","558050000","218-728-0884",8,"247",7,0,"NET 21 DAYS",54835,3889391,8/23/2010,"CMW",0,"LN2482597-08",,,,,,
RecType,InvNum,Type,UPC,ProductID,QuantityShipped,Unit,Size,Brand,Description,RegularSRP,Status,NetPricePerUnit,ExtendedPrice,SaleSRP,RegPricePerUnit,CustomerID,PriceOrigin,QuantityOrdered,Taxable,LB flag,CW flag,CW2,CNF_RegSRP,CNF_SpcSRP,CorpCustID,CorpProdID,OrderNumber,InvoiceDate,Servings,
Detail,8900146,B,042272-003501,0204412,"1","CS","6 OZ","AMY'S","BURRITO,OG,BEAN & RICE,LS","2.65",,"1.639","19.67",".00","1.639",54835,"","1",0,"N","N",".00","","",54835,20441,7324266,8/24/2010,12,
Detail,8900146,B,042272-000715,0188862,"1","CS","6 OZ","AMY'S","BURRITO,OG,BEAN/RICE/CHS","2.65",,"1.383","16.60","2.65","1.639",54835,"PRO 15","1",0,"N","N",".00","","",54835,18886,7324266,8/24/2010,12,
Detail,8900146,B,021908-406770,0908095,"2","CS","8 OZ","CSCADE","BLUEBERRIES,OG","4.25",,"1.975","47.40","4.25","2.481",54835,"PRO 20","2",0,"N","N",".00","","",54835,90809,7324266,8/24/2010,12,
Detail,8900146,B,021908-530017,0613505,"2","CS","10 OZ","CSCADE","RASPBERRIES,OG","4.25",,"1.975","47.40","4.25","2.481",54835,"PRO 20","2",0,"N","N",".00","","",54835,61350,7324266,8/24/2010,12,
Detail,8900146,B,021908-543017,0344309,"2","CS","10 OZ","CSCADE","STRAWBERRIES,OG","4.25",,"1.975","47.40","4.25","2.481",54835,"PRO 20","2",0,"N","N",".00","","",54835,34430,7324266,8/24/2010,12,
Detail,8900146,B,021908-503455,0341206,"1","CS","10 OZ","CSCADE","GREEN BEANS,OG,CUT","2.95",,"1.716","20.59",".00","1.716",54835,"","1",0,"N","N",".00","","",54835,34120,7324266,8/24/2010,12,
RecType,InvNum,Type,NumGroceryItems,NumRefrigItems,NumRepackItems,NumFrozenItems,TotalPcs,TotalWt,TotalCubes,NonSpecial,Special,GrossTotal,VolDiscnt,Discount,NetTotal,TotalRetail,Deposits,Adjustments,ProfitAmnt,Profit%,InvDate,CorpCustID,OrderNumber,,,,,,,
Footer,8900146,C,"0","0","0","9","9","66",".34","40.26","158.80","199.06","0",".00","199.06","405.00",".00",".00",".00",".00",8/24/2010,54835,7324266,,,,,,,
