RecType,InvNum,Type,OrderNumber,InvoiceDate,DBA,CustomerNumber,CustomerName,CustAddr1,CustAddr2,City,State,ZipCode,PhoneNumber,Whse,Trip,Terms,D/CFlag,TermsMsg,CorpCustID,CoverSheet,OrdEntryDate,ChainCode,ApplyTo#,PO#,,,,,,
Header,8900159,A,7325527,8/24/2010,1,54835,"WHOLE FDS COOP-DULUTH","610 EAST 4TH STREET","","DULUTH","MN","558050000","218-728-0884",8,"247",7,0,"NET 21 DAYS",54835,3889391,8/23/2010,"CMW",0,"LN2482883-08",,,,,,
RecType,InvNum,Type,UPC,ProductID,QuantityShipped,Unit,Size,Brand,Description,RegularSRP,Status,NetPricePerUnit,ExtendedPrice,SaleSRP,RegPricePerUnit,CustomerID,PriceOrigin,QuantityOrdered,Taxable,LB flag,CW flag,CW2,CNF_RegSRP,CNF_SpcSRP,CorpCustID,CorpProdID,OrderNumber,InvoiceDate,Servings,
Detail,8900159,B,799210-666648,0530881,"2","CS","16 OZ","BIONTR","PASTA,OG,FUSILLI,WW","3.35",,"1.738","41.72","3.35","1.913",54835,"OGD 10","2",0,"N","N",".00","","",54835,53088,7325527,8/24/2010,12,
Detail,8900159,B,799210-645490,0936377,"1","CS","16 OZ","BIONTR","PASTA,OG,GOBBETTI,WW","3.35",,"1.738","20.86","3.35","1.913",54835,"OGD 10","1",0,"N","N",".00","","",54835,93637,7325527,8/24/2010,12,
Detail,8900159,B,722252-601452,0104927,"1","CS","2.4 OZ","CLIF","BUILDER BAR,VAN ALMOND","2.09",,"1.203","14.43",".00","1.203",54835,"","1",0,"N","N",".00","","",54835,10492,7325527,8/24/2010,12,
Detail,8900159,B,657622-019776,0769299,"1","CS","16 OZ","HONEST","TEA,BTL,OG,JUST GRN,UNSWT","1.59",,".713","8.56","1.59",".897",54835,"PRO 20","1",0,"N","N",".00","","",54835,76929,7325527,8/24/2010,12,
Detail,8900159,B,084253-222150,0305946,"1","CS","32 OZ","IMAGIN","RICE ENRICH BEV,OG,ORIG","3.59",,"2.063","24.76",".00","2.063",54835,"","1",0,"N","N",".00","","",54835,30594,7325527,8/24/2010,12,
Detail,8900159,B,084253-260220,0646083,"1","CS","32 OZ","IMAGIN","SOY ENRICH,OG,CHOC,ND","3.59",,"2.063","24.76",".00","2.063",54835,"","1",0,"N","N",".00","","",54835,64608,7325527,8/24/2010,12,
Detail,8900159,B,021908-509273,0824540,"1","CS","1.6 OZ","LARABR","NUTRITIONAL BAR,APPLE PIE","1.65",,".510","8.16","1.65",".940",54835,"POV 50","1",0,"N","N",".00","","",54835,82454,7325527,8/24/2010,16,
Detail,8900159,B,021908-509167,0825984,"1","CS","1.7 OZ","LARABR","NUTRITIONAL BAR,PBTR COOK","1.65",,".510","8.16","1.65",".940",54835,"POV 50","1",0,"N","N",".00","","",54835,82598,7325527,8/24/2010,16,
Detail,8900159,B,875386-000308,0886234,"1","CS","32 OZ","LIVHAR","HEMPMILK,TEMPT,ORIGINAL","4.25",,"1.963","23.56","4.25","2.413",54835,"PRO 20","1",0,"N","N",".00","","",54835,88623,7325527,8/24/2010,12,
Detail,8900159,B,058449-620013,0314971,"1","CS","6 OZ","NATPTH","CEREAL,OG,PUFFED RICE","2.15",,"1.266","15.19",".00","1.266",54835,"","1",0,"N","N",".00","","",54835,31497,7325527,8/24/2010,12,
Detail,8900159,B,093966-002324,0806117,"4","CS","4/8 OZ","OGVAL","ASEPTIC MILK,OG,LF","6.05",,"2.980","71.52","6.05","3.453",54835,"M 15","4",0,"N","N",".00","","",54835,80611,7325527,8/24/2010,6,
Detail,8900159,B,079126-008306,0816256,"1","CS",".5 OZ","SISLND","FRUIT LEATHER,APPLE",".65",,".278","8.35",".65",".350",54835,"PRO 20","1",0,"N","N",".00","","",54835,81625,7325527,8/24/2010,30,
Detail,8900159,B,026938-899806,0899807,"1","","EA","","TOTES CHARGE",".00",,".000",".00",".00",".000",54835,"NO CHG","1",0,"","",".00","N","",54835,89980,7325527,8/24/2010,1,
Detail,8900159,B,852697-001316,0208793,"0","CS","4.22 OZ","HAPPYT","BABY FD,OG,BAN,PCH,COC,PR",".00",OUT,".000",".00",".00",".000",54835,"","1",0,"N","N",".00","","",54835,20879,7325527,8/24/2010,16,
Detail,8900159,B,070227-500959,0347849,"0","CS","32 OZ","STREIT","BORSCHT",".00",OUT,".000",".00",".00",".000",54835,"","1",0,"N","N",".00","","",54835,34784,7325527,8/24/2010,12,
Detail,8900159,B,079126-008900,0816215,"0","CS",".5 OZ","SISLND","FRUIT LEATHER,STRAWBERRY",".00",OUT,".000",".00",".00",".000",54835,"PRO 20","1",0,"N","N",".00","","",54835,81621,7325527,8/24/2010,30,
Detail,8900159,B,898999-000022,0797753,"0","CS","11.2OZ","VITACO","COCONUT WATER,NATURAL",".00",OUT,".000",".00",".00",".000",54835,"","5",0,"N","N",".00","","",54835,79775,7325527,8/24/2010,12,
Detail,8900159,B,898999-000206,0579391,"0","CS","11.2OZ","VITACO","COCONUT WATER,PINEAPPLE",".00",OUT,".000",".00",".00",".000",54835,"","1",0,"N","N",".00","","",54835,57939,7325527,8/24/2010,12,
RecType,InvNum,Type,NumGroceryItems,NumRefrigItems,NumRepackItems,NumFrozenItems,TotalPcs,TotalWt,TotalCubes,NonSpecial,Special,GrossTotal,VolDiscnt,Discount,NetTotal,TotalRetail,Deposits,Adjustments,ProfitAmnt,Profit%,InvDate,CorpCustID,OrderNumber,,,,,,,
Footer,8900159,C,"12","0","1","0","13","218",".90","79.14","190.89","270.03","0",".00","270.03","545.22",".00",".00",".00",".00",8/24/2010,54835,7325527,,,,,,,
