RecType,InvNum,Type,OrderNumber,InvoiceDate,DBA,CustomerNumber,CustomerName,CustAddr1,CustAddr2,City,State,ZipCode,PhoneNumber,Whse,Trip,Terms,D/CFlag,TermsMsg,CorpCustID,CoverSheet,OrdEntryDate,ChainCode,ApplyTo#,PO#,,,,,,
Header,9165174,A,7566380,10/2/2010,1,54835,"WHOLE FDS COOP-DULUTH","610 EAST 4TH STREET","","DULUTH","MN","558050000","218-728-0884",8,"642",7,0,"NET 21 DAYS",54835,3998100,10/1/2010,"CMW",0,"LN2568053-02",,,,,,
RecType,InvNum,Type,UPC,ProductID,QuantityShipped,Unit,Size,Brand,Description,RegularSRP,Status,NetPricePerUnit,ExtendedPrice,SaleSRP,RegPricePerUnit,CustomerID,PriceOrigin,QuantityOrdered,Taxable,LB flag,CW flag,CW2,CNF_RegSRP,CNF_SpcSRP,CorpCustID,CorpProdID,OrderNumber,InvoiceDate,Servings,ProdStatDetailMsg,
Detail,9165174,B,026938-462734,0462739,"1","LB","5 #","BRUNKW","CHEDDAR,COLORED","6.49",,"3.360","17.47",".00","3.360",54835,"","1",0,"N","Y","5.20","","",54835,46273,7566380,10/2/2010,1,
Detail,9165174,B,026938-462277,0462275,"1","LB","5 #","BRUNKW","CHEDDAR,YELLOW,MED","6.99",,"3.620","18.46",".00","3.620",54835,"","1",0,"N","Y","5.10","","",54835,46227,7566380,10/2/2010,1,
Detail,9165174,B,026938-462895,0462895,"1","LB","5 #","BRUNKW","CHEDDR,MILD WHITE RM","6.79",,"3.510","18.11",".00","3.510",54835,"","1",0,"N","Y","5.16","","",54835,46289,7566380,10/2/2010,1,
Detail,9165174,B,026938-463014,0463018,"1","LB","5 #","BRUNKW","MONTEREY JACK RM","6.69",,"3.460","18.34",".00","3.460",54835,"","1",0,"N","Y","5.30","","",54835,46301,7566380,10/2/2010,1,
Detail,9165174,B,026938-468491,0468496,"1","CS","1 #","CEDARG","CHEDDAR,MLD,rBGH FREE,YEL","8.25",,"4.270","34.16",".00","4.270",54835,"","1",0,"N","N",".00","","",54835,46849,7566380,10/2/2010,8,
Detail,9165174,B,026938-468514,0468512,"1","CS","1 #","CEDARG","CHEDDAR,OG,MILD WHITE","9.65",,"4.980","39.84",".00","4.980",54835,"","1",0,"N","N",".00","","",54835,46851,7566380,10/2/2010,8,
Detail,9165174,B,026938-468552,0468553,"1","CS","1 #","CEDARG","COLBY,MARBLE rBGH FREE","8.25",,"4.270","34.16",".00","4.270",54835,"","1",0,"N","N",".00","","",54835,46855,7566380,10/2/2010,8,
Detail,9165174,B,026938-468613,0468611,"1","CS","1 #","CEDARG","FARMER,OG,RS","9.95",,"5.144","41.15",".00","5.144",54835,"","1",0,"N","N",".00","","",54835,46861,7566380,10/2/2010,8,
Detail,9165174,B,093966-211016,0431346,"1","CS","8 OZ","OGVAL","CREAM CHEESE,OG,BARS,PAST","3.95",,"2.022","24.26",".00","2.022",54835,"","1",0,"N","N",".00","","",54835,43134,7566380,10/2/2010,12,
Detail,9165174,B,093966-221015,0431361,"1","CS","8 OZ","OGVAL","NEUFCHATEL,OG,BARS,PAST","3.95",,"2.022","24.26",".00","2.022",54835,"","1",0,"N","N",".00","","",54835,43136,7566380,10/2/2010,12,
Detail,9165174,B,093966-000054,0602441,"10","CS","1 OZ","OGVAL","STRINGLES,OG",".85",,".437","104.90",".00",".437",54835,"","10",0,"N","N",".00","","",54835,60244,7566380,10/2/2010,24,
Detail,9165174,B,078016-123440,0797670,"1","CS","12 OZ","SOYA","MOZZARELLA STYLE","7.05",,"3.635","21.81",".00","3.635",54835,"","1",0,"N","N",".00","","",54835,79767,7566380,10/2/2010,6,
Detail,9165174,B,078016-123464,0797696,"1","CS","12 OZ","SOYA","SOYA CHEDDAR STYLE","7.05",,"3.635","21.81",".00","3.635",54835,"","1",0,"N","N",".00","","",54835,79769,7566380,10/2/2010,6,
Detail,9165174,B,026938-505998,0505990,"0","LB","7 #","SWSVAL","SWISS,GRADE A",".00",OUT,".000",".00",".00",".000",54835,"","1",0,"N","Y",".00","","",54835,50599,7566380,10/2/2010,1,
RecType,InvNum,Type,NumGroceryItems,NumRefrigItems,NumRepackItems,NumFrozenItems,TotalPcs,TotalWt,TotalCubes,NonSpecial,Special,GrossTotal,VolDiscnt,Discount,NetTotal,TotalRetail,Deposits,Adjustments,ProfitAmnt,Profit%,InvDate,CorpCustID,OrderNumber,,,,,,,
Footer,9165174,C,"0","22","0","0","22","91",".28","418.73",".00","418.73","0",".00","418.73","812.10",".00",".00",".00",".00",10/2/2010,54835,7566380,,,,,,,
