RecType,InvNum,Type,OrderNumber,InvoiceDate,DBA,CustomerNumber,CustomerName,CustAddr1,CustAddr2,City,State,ZipCode,PhoneNumber,Whse,Trip,Terms,D/CFlag,TermsMsg,CorpCustID,CoverSheet,OrdEntryDate,ChainCode,ApplyTo#,PO#,,,,,,
Header,9165180,A,7567336,10/2/2010,1,54835,"WHOLE FDS COOP-DULUTH","610 EAST 4TH STREET","","DULUTH","MN","558050000","218-728-0884",8,"642",7,0,"NET 21 DAYS",54835,3998100,10/1/2010,"CMW",0,"LN2568143-10",,,,,,
RecType,InvNum,Type,UPC,ProductID,QuantityShipped,Unit,Size,Brand,Description,RegularSRP,Status,NetPricePerUnit,ExtendedPrice,SaleSRP,RegPricePerUnit,CustomerID,PriceOrigin,QuantityOrdered,Taxable,LB flag,CW flag,CW2,CNF_RegSRP,CNF_SpcSRP,CorpCustID,CorpProdID,OrderNumber,InvoiceDate,Servings,ProdStatDetailMsg,
Detail,9165180,B,770009-050046,0714394,"0","EA","2 SQ YDS","IFYC","CHEESECLOTH",".00",OUT,".000",".00",".00",".000",54835,"","8",0,"N","N",".00","","",54835,71439,7567336,10/2/2010,1,
Detail,9165180,B,770009-050015,0808758,"0","EA","200 FT","IFYC","COOKING TWINE,NATURAL",".00",OUT,".000",".00",".00",".000",54835,"","4",0,"N","N",".00","","",54835,80875,7567336,10/2/2010,1,
Detail,9165180,B,760702-290153,0460824,"0","CS","9-11","MAGGIE","SOCK,URBAN HIKER,SHT SAND",".00",OUT,".000",".00",".00",".000",54835,"","2",0,"N","N",".00","","",54835,46082,7567336,10/2/2010,3,
RecType,InvNum,Type,NumGroceryItems,NumRefrigItems,NumRepackItems,NumFrozenItems,TotalPcs,TotalWt,TotalCubes,NonSpecial,Special,GrossTotal,VolDiscnt,Discount,NetTotal,TotalRetail,Deposits,Adjustments,ProfitAmnt,Profit%,InvDate,CorpCustID,OrderNumber,,,,,,,
Footer,9165180,C,"0","0","0","0","0","0",".00",".00",".00",".00","0",".00",".00",".00",".00",".00",".00",".00",10/2/2010,54835,7567336,,,,,,,
