RecType,InvNum,Type,OrderNumber,InvoiceDate,DBA,CustomerNumber,CustomerName,CustAddr1,CustAddr2,City,State,ZipCode,PhoneNumber,Whse,Trip,Terms,D/CFlag,TermsMsg,CorpCustID,CoverSheet,OrdEntryDate,ChainCode,ApplyTo#,PO#,,,,,,
Header,9165190,A,7567955,10/2/2010,1,54835,"WHOLE FDS COOP-DULUTH","610 EAST 4TH STREET","","DULUTH","MN","558050000","218-728-0884",8,"642",7,0,"NET 21 DAYS",54835,3998100,10/1/2010,"CMW",0,"",,,,,,
RecType,InvNum,Type,UPC,ProductID,QuantityShipped,Unit,Size,Brand,Description,RegularSRP,Status,NetPricePerUnit,ExtendedPrice,SaleSRP,RegPricePerUnit,CustomerID,PriceOrigin,QuantityOrdered,Taxable,LB flag,CW flag,CW2,CNF_RegSRP,CNF_SpcSRP,CorpCustID,CorpProdID,OrderNumber,InvoiceDate,Servings,ProdStatDetailMsg,
Detail,9165190,B,689076-281997,0178863,"0","CS","16 OZ","HIGHCO","KOMBUCHA,OG,ALOE",".00",OUT,".000",".00",".00",".000",54835,"M 15","2",0,"N","N",".00","","",54835,17886,7567955,10/2/2010,12,
Detail,9165190,B,689076-267922,0178939,"0","CS","16 OZ","HIGHCO","KOMBUCHA,OG,GINGER",".00",OUT,".000",".00",".00",".000",54835,"M 15","2",0,"N","N",".00","","",54835,17893,7567955,10/2/2010,12,
Detail,9165190,B,689076-084352,0179002,"0","CS","16 OZ","HIGHCO","KOMBUCHA,OG,GOJI BERRY",".00",OUT,".000",".00",".00",".000",54835,"M 15","2",0,"N","N",".00","","",54835,17900,7567955,10/2/2010,12,
Detail,9165190,B,689076-124959,0178970,"0","CS","16 OZ","HIGHCO","KOMBUCHA,OG,WILD ROOT",".00",OUT,".000",".00",".00",".000",54835,"M 15","2",0,"N","N",".00","","",54835,17897,7567955,10/2/2010,12,
RecType,InvNum,Type,NumGroceryItems,NumRefrigItems,NumRepackItems,NumFrozenItems,TotalPcs,TotalWt,TotalCubes,NonSpecial,Special,GrossTotal,VolDiscnt,Discount,NetTotal,TotalRetail,Deposits,Adjustments,ProfitAmnt,Profit%,InvDate,CorpCustID,OrderNumber,,,,,,,
Footer,9165190,C,"0","0","0","0","0","0",".00",".00",".00",".00","0",".00",".00",".00",".00",".00",".00",".00",10/2/2010,54835,7567955,,,,,,,
