RecType,InvNum,Type,OrderNumber,InvoiceDate,DBA,CustomerNumber,CustomerName,CustAddr1,CustAddr2,City,State,ZipCode,PhoneNumber,Whse,Trip,Terms,D/CFlag,TermsMsg,CorpCustID,CoverSheet,OrdEntryDate,ChainCode,ApplyTo#,PO#,,,,,,
Header,9165177,A,7567088,10/2/2010,1,54835,"WHOLE FDS COOP-DULUTH","610 EAST 4TH STREET","","DULUTH","MN","558050000","218-728-0884",8,"642",7,0,"NET 21 DAYS",54835,3998100,10/1/2010,"CMW",0,"LN2568127-08",,,,,,
RecType,InvNum,Type,UPC,ProductID,QuantityShipped,Unit,Size,Brand,Description,RegularSRP,Status,NetPricePerUnit,ExtendedPrice,SaleSRP,RegPricePerUnit,CustomerID,PriceOrigin,QuantityOrdered,Taxable,LB flag,CW flag,CW2,CNF_RegSRP,CNF_SpcSRP,CorpCustID,CorpProdID,OrderNumber,InvoiceDate,Servings,ProdStatDetailMsg,
Detail,9165177,B,799210-375014,0902437,"1","CS","25.4 OZ","BIONTR","FRUIT NECTAR,OG,APRICOT","4.49",,"2.328","13.97","4.49","2.623",54835,"PRO 10","1",0,"N","N",".00","","",54835,90243,7567088,10/2/2010,6,
Detail,9165177,B,799210-375069,0902445,"1","CS","25.4 OZ","BIONTR","FRUIT NECTAR,OG,BILBERRY","4.49",,"2.328","13.97","4.49","2.623",54835,"PRO 10","1",0,"N","N",".00","","",54835,90244,7567088,10/2/2010,6,
Detail,9165177,B,799210-375021,0902460,"1","CS","25.4 OZ","BIONTR","FRUIT NECTAR,OG,PEACH","4.49",,"2.328","13.97","4.49","2.623",54835,"PRO 10","1",0,"N","N",".00","","",54835,90246,7567088,10/2/2010,6,
Detail,9165177,B,799210-375106,0217596,"1","CS","25.4 OZ","BIONTR","FRUIT NECTAR,OG,STRAWBERY","4.49",,"2.328","13.97","4.49","2.623",54835,"PRO 10","1",0,"N","N",".00","","",54835,21759,7567088,10/2/2010,6,
Detail,9165177,B,799210-920016,0241778,"2","CS","7 OZ","BIONTR","TOMATO PASTE,OG","2.89",,"1.455","34.92","2.89","1.639",54835,"PRO 10","2",0,"N","N",".00","","",54835,24177,7567088,10/2/2010,12,
Detail,9165177,B,070734-005152,0943449,"2","CS","40 BAG","CS","GREEN TEA,AUTHENTIC,DECAF","5.29",,"2.995","35.94",".00","2.995",54835,"","2",0,"N","N",".00","","",54835,94344,7567088,10/2/2010,6,
Detail,9165177,B,070734-070594,0448878,"1","CS","20 BAG","CS","WHITE TEA,DECAF,CHINA PRL","3.49",,"1.967","11.80",".00","1.967",54835,"","1",0,"N","N",".00","","",54835,44887,7567088,10/2/2010,6,
Detail,9165177,B,722252-194138,0781419,"1","CS","1.27 OZ","CLIF","ZBAR,OG,CHOC BROWNIE",".95",,".536","9.64",".00",".536",54835,"","1",0,"N","N",".00","","",54835,78141,7567088,10/2/2010,18,
Detail,9165177,B,722252-194145,0807917,"1","CS","1.27 OZ","CLIF","ZBAR,OG,CHOC CHIP",".95",,".536","9.64",".00",".536",54835,"","1",0,"N","N",".00","","",54835,80791,7567088,10/2/2010,18,
Detail,9165177,B,852772-001040,0409367,"2","CS","6 OZ","FDGOOD","TORTILLA CHIPS,MULTIGRAIN","2.99",,"1.320","31.68","2.99","1.760",54835,"PRO 25","2",0,"N","N",".00","","",54835,40936,7567088,10/2/2010,12,
Detail,9165177,B,084253-222167,0305987,"2","CS","32 OZ","IMAGIN","RICE ENRICH VAN,NONDAIRY","3.65",,"2.063","49.52",".00","2.063",54835,"","2",0,"N","N",".00","","",54835,30598,7567088,10/2/2010,12,
Detail,9165177,B,021908-509242,0825083,"1","CS","1.7 OZ","LARABR","NUTRITIONAL BAR,CHERY PIE","1.69",,".705","11.28","1.69",".940",54835,"PRO 25","1",0,"N","N",".00","","",54835,82508,7567088,10/2/2010,16,
Detail,9165177,B,074682-107555,0643981,"1","CS","32 OZ","KNDSN","JUICE,MEGA ANTIOXIDANT","3.95",,"1.943","23.32","3.95","2.289",54835,"PRO 15","1",0,"N","N",".00","","",54835,64398,7567088,10/2/2010,12,
Detail,9165177,B,737628-220076,0508424,"4","CS","1.6 OZ","THAIKI","NOODLE,INST,RST GRLC&VEG",".95",,".434","20.84",".95",".523",54835,"CSD 20","4",0,"N","N",".00","","",54835,50842,7567088,10/2/2010,12,
Detail,9165177,B,074873-253214,0190942,"1","CS","25 OZ","WBRAE","BEANS,OG,BLACK,FF","2.85",,"1.607","19.28",".00","1.607",54835,"","1",0,"N","N",".00","","",54835,19094,7567088,10/2/2010,12,
Detail,9165177,B,026938-899806,0899807,"1","","EA","","TOTES CHARGE",".00",,".000",".00",".00",".000",54835,"NO CHG","1",0,"","",".00","N","",54835,89980,7567088,10/2/2010,1,
Detail,9165177,B,852697-001316,0208793,"0","CS","4.22 OZ","HAPPYT","BABY FD,OG,BAN,PCH,COC,PR",".00",OUT,".000",".00",".00",".000",54835,"","1",0,"N","N",".00","","",54835,20879,7567088,10/2/2010,16,
Detail,9165177,B,898999-000022,0797753,"0","CS","11.2OZ","VITACO","COCONUT WATER,NATURAL",".00",OUT,".000",".00",".00",".000",54835,"","2",0,"N","N",".00","","",54835,79775,7567088,10/2/2010,12,
Detail,9165177,B,898999-000206,0579391,"0","CS","11.2OZ","VITACO","COCONUT WATER,PINEAPPLE",".00",OUT,".000",".00",".00",".000",54835,"","1",0,"N","N",".00","","",54835,57939,7567088,10/2/2010,12,
RecType,InvNum,Type,NumGroceryItems,NumRefrigItems,NumRepackItems,NumFrozenItems,TotalPcs,TotalWt,TotalCubes,NonSpecial,Special,GrossTotal,VolDiscnt,Discount,NetTotal,TotalRetail,Deposits,Adjustments,ProfitAmnt,Profit%,InvDate,CorpCustID,OrderNumber,,,,,,,
Footer,9165177,C,"15","0","1","0","16","232","1.43","135.82","177.92","313.74","0",".00","313.74","609.34",".00",".00",".00",".00",10/2/2010,54835,7567088,,,,,,,
