RecType,InvNum,Type,OrderNumber,InvoiceDate,DBA,CustomerNumber,CustomerName,CustAddr1,CustAddr2,City,State,ZipCode,PhoneNumber,Whse,Trip,Terms,D/CFlag,TermsMsg,CorpCustID,CoverSheet,OrdEntryDate,ChainCode,ApplyTo#,PO#,,,,,,
Header,9165170,A,7566080,10/2/2010,1,54835,"WHOLE FDS COOP-DULUTH","610 EAST 4TH STREET","","DULUTH","MN","558050000","218-728-0884",8,"642",7,0,"NET 21 DAYS",54835,3998100,10/1/2010,"CMW",0,"LN2568031-05",,,,,,
RecType,InvNum,Type,UPC,ProductID,QuantityShipped,Unit,Size,Brand,Description,RegularSRP,Status,NetPricePerUnit,ExtendedPrice,SaleSRP,RegPricePerUnit,CustomerID,PriceOrigin,QuantityOrdered,Taxable,LB flag,CW flag,CW2,CNF_RegSRP,CNF_SpcSRP,CorpCustID,CorpProdID,OrderNumber,InvoiceDate,Servings,ProdStatDetailMsg,
Detail,9165170,B,017077-111324,0366476,"1","CS","32 OZ","LIFWAY","KEFIR,LF,VANILLA","4.05",,"2.390","14.34",".00","2.390",54835,"","1",0,"N","N",".00","","",54835,36647,7566080,10/2/2010,6,
Detail,9165170,B,093966-004076,0559468,"1","CS","32 OZ","OGVAL","PORABL YGRT,OG,L/F VAN","4.75",,"2.383","14.30","4.75","2.832",54835,"PRO 15","1",0,"N","N",".00","","",54835,55946,7566080,10/2/2010,6,
Detail,9165170,B,054319-000046,0431981,"1","CS","32 OZ","SEVEN","YOGURT,OG,PLAIN,LOWFT","4.35",,"2.567","15.40",".00","2.567",54835,"","1",0,"N","N",".00","","",54835,43198,7566080,10/2/2010,6,
Detail,9165170,B,093966-004076,0191072,"0","CS","32 OZ","OGVAL","YGRT,OG,VAN SUB#55946",".00",OUT,".000",".00",".00",".000",54835,"","1",0,"N","N",".00","","",54835,19107,7566080,10/2/2010,9,
RecType,InvNum,Type,NumGroceryItems,NumRefrigItems,NumRepackItems,NumFrozenItems,TotalPcs,TotalWt,TotalCubes,NonSpecial,Special,GrossTotal,VolDiscnt,Discount,NetTotal,TotalRetail,Deposits,Adjustments,ProfitAmnt,Profit%,InvDate,CorpCustID,OrderNumber,,,,,,,
Footer,9165170,C,"0","3","0","0","3","42",".12","29.74","14.30","44.04","0",".00","44.04","78.90",".00",".00",".00",".00",10/2/2010,54835,7566080,,,,,,,
