RecType,InvNum,Type,OrderNumber,InvoiceDate,DBA,CustomerNumber,CustomerName,CustAddr1,CustAddr2,City,State,ZipCode,PhoneNumber,Whse,Trip,Terms,D/CFlag,TermsMsg,CorpCustID,CoverSheet,OrdEntryDate,ChainCode,ApplyTo#,PO#,,,,,,
Header,9165189,A,7567937,10/2/2010,1,54835,"WHOLE FDS COOP-DULUTH","610 EAST 4TH STREET","","DULUTH","MN","558050000","218-728-0884",8,"642",7,0,"NET 21 DAYS",54835,3998100,10/1/2010,"CMW",0,"",,,,,,
RecType,InvNum,Type,UPC,ProductID,QuantityShipped,Unit,Size,Brand,Description,RegularSRP,Status,NetPricePerUnit,ExtendedPrice,SaleSRP,RegPricePerUnit,CustomerID,PriceOrigin,QuantityOrdered,Taxable,LB flag,CW flag,CW2,CNF_RegSRP,CNF_SpcSRP,CorpCustID,CorpProdID,OrderNumber,InvoiceDate,Servings,ProdStatDetailMsg,
Detail,9165189,B,077326-111062,0320689,"1","CS","5.2 OZ","TOM'S","TP,FLUOR,WINTERMINT","6.25",,"2.635","15.81","6.25","3.312",54835,"PRO 20","1",0,"N","N",".00","","",54835,32068,7567937,10/2/2010,6,
Detail,9165189,B,077326-158067,0560557,"2","CS","5.5 OZ","TOM'S","TP,GEL,AC/FL,PPPRMNT","6.25",,"2.635","31.62","6.25","3.312",54835,"PRO 20","2",0,"N","N",".00","","",54835,56055,7567937,10/2/2010,6,
Detail,9165189,B,077326-153062,0560573,"1","CS","5.5 OZ","TOM'S","TP,GEL,AC/FL,SPEARMINT","6.25",,"2.635","15.81","6.25","3.312",54835,"PRO 20","1",0,"N","N",".00","","",54835,56057,7567937,10/2/2010,6,
Detail,9165189,B,077326-121061,0572800,"1","CS","6 OZ","TOM'S","TP,PROP,PEPP,BAKING SODA","6.25",,"2.635","15.81","6.25","3.312",54835,"PRO 20","1",0,"N","N",".00","","",54835,57280,7567937,10/2/2010,6,
Detail,9165189,B,077326-162064,0204875,"1","CS","6 OZ","TOM'S","TP,TARTAR/WHTNG,FENNEL","6.25",,"2.635","15.81","6.25","3.312",54835,"PRO 20","1",0,"N","N",".00","","",54835,20487,7567937,10/2/2010,6,
Detail,9165189,B,077326-100066,0736017,"2","CS","5.2 OZ","TOM'S","TP,WHL CARE,ANTICAV,CINN","6.25",,"2.635","31.62","6.25","3.312",54835,"PRO 20","2",0,"N","N",".00","","",54835,73601,7567937,10/2/2010,6,
Detail,9165189,B,026938-899806,0899807,"1","","EA","","TOTES CHARGE",".00",,".000",".00",".00",".000",54835,"NO CHG","1",0,"","",".00","N","",54835,89980,7567937,10/2/2010,1,
RecType,InvNum,Type,NumGroceryItems,NumRefrigItems,NumRepackItems,NumFrozenItems,TotalPcs,TotalWt,TotalCubes,NonSpecial,Special,GrossTotal,VolDiscnt,Discount,NetTotal,TotalRetail,Deposits,Adjustments,ProfitAmnt,Profit%,InvDate,CorpCustID,OrderNumber,,,,,,,
Footer,9165189,C,"0","0","1","0","1","28",".22",".00","126.48","126.48","0",".00","126.48","300.00",".00",".00",".00",".00",10/2/2010,54835,7567937,,,,,,,
