RecType,InvNum,Type,OrderNumber,InvoiceDate,DBA,CustomerNumber,CustomerName,CustAddr1,CustAddr2,City,State,ZipCode,PhoneNumber,Whse,Trip,Terms,D/CFlag,TermsMsg,CorpCustID,CoverSheet,OrdEntryDate,ChainCode,ApplyTo#,PO#,,,,,,
Header,8886526,A,7313686,8/21/2010,1,54835,"WHOLE FDS COOP-DULUTH","610 EAST 4TH STREET","","DULUTH","MN","558050000","218-728-0884",8,"642",7,0,"NET 21 DAYS",54835,3884298,8/20/2010,"CMW",0,"LN2477001-21",,,,,,
RecType,InvNum,Type,UPC,ProductID,QuantityShipped,Unit,Size,Brand,Description,RegularSRP,Status,NetPricePerUnit,ExtendedPrice,SaleSRP,RegPricePerUnit,CustomerID,PriceOrigin,QuantityOrdered,Taxable,LB flag,CW flag,CW2,CNF_RegSRP,CNF_SpcSRP,CorpCustID,CorpProdID,OrderNumber,InvoiceDate,Servings,
Detail,8886526,B,089836-026095,0448498,"1","EA","#","FRNTHB","CORIANDER SEED,OG,GROUND","17.75",,"6.520","6.52",".00","6.520",54835,"","1",0,"N","N",".00","","",54835,44849,7313686,8/21/2010,1,
Detail,8886526,B,089836-025920,0448514,"1","EA","#","FRNTHB","CUMIN SEED,OG,GROUND","21.15",,"7.790","7.79",".00","7.790",54835,"","1",0,"N","N",".00","","",54835,44851,7313686,8/21/2010,1,
Detail,8886526,B,089836-008633,0791673,"1","EA","#","FRNTHB","PSYLLIUM SD HUSK,OG,WHOLE","21.15",,"7.790","7.79",".00","7.790",54835,"","1",0,"N","N",".00","","",54835,79167,7313686,8/21/2010,1,
Detail,8886526,B,089836-027054,0546572,"1","EA","#","FRNTHB","KELP GRANULES,OG","14.39",,"5.290","5.29",".00","5.290",54835,"","1",0,"N","N",".00","","",54835,54657,7313686,8/21/2010,1,
Detail,8886526,B,089836-003331,0491464,"1","CS","#","FRNTHB","SEA SALT,COARSE","2.19",,"1.254","6.27",".00","1.254",54835,"","1",0,"N","N",".00","","",54835,49146,7313686,8/21/2010,5,
Detail,8886526,B,089836-027702,0546333,"1","EA","#","FRNTHB","CHILI POWDER BLEND,OG","24.35",,"8.970","8.97",".00","8.970",54835,"","1",0,"N","N",".00","","",54835,54633,7313686,8/21/2010,1,
Detail,8886526,B,089836-028211,0684456,"1","EA","#","FRNTHB","TEA,OG,FT,ASSAM","30.05",,"11.070","11.07",".00","11.070",54835,"","1",0,"N","N",".00","","",54835,68445,7313686,8/21/2010,1,
Detail,8886526,B,026938-899806,0899807,"1","","EA","","TOTES CHARGE",".00",,".000",".00",".00",".000",54835,"NO CHG","1",0,"","",".00","N","",54835,89980,7313686,8/21/2010,1,
Detail,8886526,B,089836-001191,0311464,"0","EA","#","FRNTHB","CELERY SEED,WHOLE",".00",OUT,".000",".00",".00",".000",54835,"","2",0,"N","N",".00","","",54835,31146,7313686,8/21/2010,1,
Detail,8886526,B,089836-029881,0740407,"0","EA","#","FRNTHB","PAPRIKA,OG,SMOKED",".00",OUT,".000",".00",".00",".000",54835,"","1",0,"N","N",".00","","",54835,74040,7313686,8/21/2010,1,
RecType,InvNum,Type,NumGroceryItems,NumRefrigItems,NumRepackItems,NumFrozenItems,TotalPcs,TotalWt,TotalCubes,NonSpecial,Special,GrossTotal,VolDiscnt,Discount,NetTotal,TotalRetail,Deposits,Adjustments,ProfitAmnt,Profit%,InvDate,CorpCustID,OrderNumber,,,,,,,
Footer,8886526,C,"0","0","1","0","1","18",".18","53.70",".00","53.70","0",".00","53.70","139.79",".00",".00",".00",".00",8/21/2010,54835,7313686,,,,,,,
