RecType,InvNum,Type,OrderNumber,InvoiceDate,DBA,CustomerNumber,CustomerName,CustAddr1,CustAddr2,City,State,ZipCode,PhoneNumber,Whse,Trip,Terms,D/CFlag,TermsMsg,CorpCustID,CoverSheet,OrdEntryDate,ChainCode,ApplyTo#,PO#,,,,,,
Header,9117786,A,7524178,9/25/2010,1,54835,"WHOLE FDS COOP-DULUTH","610 EAST 4TH STREET","","DULUTH","MN","558050000","218-728-0884",8,"642",7,0,"NET 21 DAYS",54835,3978422,9/24/2010,"CMW",0,"LN2553997-16",,,,,,
RecType,InvNum,Type,UPC,ProductID,QuantityShipped,Unit,Size,Brand,Description,RegularSRP,Status,NetPricePerUnit,ExtendedPrice,SaleSRP,RegPricePerUnit,CustomerID,PriceOrigin,QuantityOrdered,Taxable,LB flag,CW flag,CW2,CNF_RegSRP,CNF_SpcSRP,CorpCustID,CorpProdID,OrderNumber,InvoiceDate,Servings,
Detail,9117786,B,011933-099252,0465419,"1","CS","#","BULK D","WHTBERRIES,OG,HD/WHT,WNTR","1.15",,".638","15.94",".00",".638",54835,"","1",0,"N","N",".00","","",54835,46541,7524178,9/25/2010,25,
Detail,9117786,B,089836-023025,0311282,"1","EA","#","FRNTHB","BAKING SODA","2.95",,"1.680","1.68",".00","1.680",54835,"","1",0,"N","N",".00","","",54835,31128,7524178,9/25/2010,1,
Detail,9117786,B,073416-401327,0506741,"1","CS","#","LUNDBG","RICE,OG,BROWN,LONG","1.89",,"1.081","27.02",".00","1.081",54835,"","1",0,"N","N",".00","","",54835,50674,7524178,9/25/2010,25,
Detail,9117786,B,026938-899806,0899807,"1","","EA","","TOTES CHARGE",".00",,".000",".00",".00",".000",54835,"NO CHG","1",0,"","",".00","N","",54835,89980,7524178,9/25/2010,1,
Detail,9117786,B,026938-811518,0811513,"0","CS","#","BULK D","CORN,OG,YELLOW,KERNAL",".00",OUT,".000",".00",".00",".000",54835,"","1",0,"N","N",".00","","",54835,81151,7524178,9/25/2010,25,
RecType,InvNum,Type,NumGroceryItems,NumRefrigItems,NumRepackItems,NumFrozenItems,TotalPcs,TotalWt,TotalCubes,NonSpecial,Special,GrossTotal,VolDiscnt,Discount,NetTotal,TotalRetail,Deposits,Adjustments,ProfitAmnt,Profit%,InvDate,CorpCustID,OrderNumber,,,,,,,
Footer,9117786,C,"2","0","1","0","3","59",".28","44.64",".00","44.64","0",".00","44.64","78.95",".00",".00",".00",".00",9/25/2010,54835,7524178,,,,,,,
