RecType,InvNum,Type,OrderNumber,InvoiceDate,DBA,CustomerNumber,CustomerName,CustAddr1,CustAddr2,City,State,ZipCode,PhoneNumber,Whse,Trip,Terms,D/CFlag,TermsMsg,CorpCustID,CoverSheet,OrdEntryDate,ChainCode,ApplyTo#,PO#,,,,,,
Header,9117782,A,7524174,9/25/2010,1,54835,"WHOLE FDS COOP-DULUTH","610 EAST 4TH STREET","","DULUTH","MN","558050000","218-728-0884",8,"642",7,0,"NET 21 DAYS",54835,3978422,9/24/2010,"CMW",0,"LN2553997-04",,,,,,
RecType,InvNum,Type,UPC,ProductID,QuantityShipped,Unit,Size,Brand,Description,RegularSRP,Status,NetPricePerUnit,ExtendedPrice,SaleSRP,RegPricePerUnit,CustomerID,PriceOrigin,QuantityOrdered,Taxable,LB flag,CW flag,CW2,CNF_RegSRP,CNF_SpcSRP,CorpCustID,CorpProdID,OrderNumber,InvoiceDate,Servings,
Detail,9117782,B,026395-100323,0661306,"12","EA","32 OZ","LILY","ALOE VERA GEL","10.25",,"4.560","54.72",".00","4.560",54835,"","12",0,"N","N",".00","","",54835,66130,7524174,9/25/2010,1,
Detail,9117782,B,026938-899806,0899807,"2","","EA","","TOTES CHARGE",".00",,".000",".00",".00",".000",54835,"NO CHG","2",0,"","",".00","N","",54835,89980,7524174,9/25/2010,1,
Detail,9117782,B,046985-016193,0518761,"0","EA","30 CAP","QUANTM","COLD & FLU SEASON +",".00",OUT,".000",".00",".00",".000",54835,"","4",0,"N","N",".00","","",54835,51876,7524174,9/25/2010,1,
RecType,InvNum,Type,NumGroceryItems,NumRefrigItems,NumRepackItems,NumFrozenItems,TotalPcs,TotalWt,TotalCubes,NonSpecial,Special,GrossTotal,VolDiscnt,Discount,NetTotal,TotalRetail,Deposits,Adjustments,ProfitAmnt,Profit%,InvDate,CorpCustID,OrderNumber,,,,,,,
Footer,9117782,C,"0","0","2","0","2","50",".36","54.72",".00","54.72","0",".00","54.72","123.00",".00",".00",".00",".00",9/25/2010,54835,7524174,,,,,,,
