RecType,InvNum,Type,OrderNumber,InvoiceDate,DBA,CustomerNumber,CustomerName,CustAddr1,CustAddr2,City,State,ZipCode,PhoneNumber,Whse,Trip,Terms,D/CFlag,TermsMsg,CorpCustID,CoverSheet,OrdEntryDate,ChainCode,ApplyTo#,PO#,,,,,,
Header,9117788,A,7524180,9/25/2010,1,54835,"WHOLE FDS COOP-DULUTH","610 EAST 4TH STREET","","DULUTH","MN","558050000","218-728-0884",8,"642",7,0,"NET 21 DAYS",54835,3978422,9/24/2010,"CMW",0,"LN2553997-21",,,,,,
RecType,InvNum,Type,UPC,ProductID,QuantityShipped,Unit,Size,Brand,Description,RegularSRP,Status,NetPricePerUnit,ExtendedPrice,SaleSRP,RegPricePerUnit,CustomerID,PriceOrigin,QuantityOrdered,Taxable,LB flag,CW flag,CW2,CNF_RegSRP,CNF_SpcSRP,CorpCustID,CorpProdID,OrderNumber,InvoiceDate,Servings,
Detail,9117788,B,089836-020093,0311423,"1","EA","#","FRNTHB","BROTH POWDER,BEEF FLAVOR","15.09",,"5.500","5.50",".00","5.500",54835,"","1",0,"N","N",".00","","",54835,31142,7524180,9/25/2010,1,
Detail,9117788,B,089836-026194,0448548,"1","EA","#","FRNTHB","FENNEL SEED,OG,WHOLE","14.65",,"5.340","5.34",".00","5.340",54835,"","1",0,"N","N",".00","","",54835,44854,7524180,9/25/2010,1,
Detail,9117788,B,089836-003447,0478354,"1","EA","#","FRNTHB","MUSTARD SEED,OG,BRN,WHL","7.65",,"2.790","2.79",".00","2.790",54835,"","1",0,"N","N",".00","","",54835,47835,7524180,9/25/2010,1,
Detail,9117788,B,089836-002945,0311548,"1","EA","#","FRNTHB","MUSTARD SEED,OG,YEL,GRND","11.15",,"4.050","4.05",".00","4.050",54835,"","1",0,"N","N",".00","","",54835,31154,7524180,9/25/2010,1,
Detail,9117788,B,089836-003430,0311449,"1","EA","#","FRNTHB","MUSTARD SEED,OG,YEL,WHL","10.35",,"3.770","3.77",".00","3.770",54835,"","1",0,"N","N",".00","","",54835,31144,7524180,9/25/2010,1,
Detail,9117788,B,089836-027702,0546333,"1","EA","#","FRNTHB","CHILI POWDER BLEND,OG","24.59",,"8.970","8.97",".00","8.970",54835,"","1",0,"N","N",".00","","",54835,54633,7524180,9/25/2010,1,
Detail,9117788,B,089836-026491,0546556,"1","EA","#","FRNTHB","ITALIAN SEASONING,OG,WHL","23.05",,"8.410","8.41",".00","8.410",54835,"","1",0,"N","N",".00","","",54835,54655,7524180,9/25/2010,1,
Detail,9117788,B,039978-005052,0265397,"1","CS","20 OZ","BOB'S","ARROWROOT STARCH,G/F","6.65",,"3.768","15.07",".00","3.768",54835,"","1",0,"N","N",".00","","",54835,26539,7524180,9/25/2010,4,
Detail,9117788,B,026938-899806,0899807,"1","","EA","","TOTES CHARGE",".00",,".000",".00",".00",".000",54835,"NO CHG","1",0,"","",".00","N","",54835,89980,7524180,9/25/2010,1,
Detail,9117788,B,089836-029881,0740407,"0","EA","#","FRNTHB","PAPRIKA,OG,SMOKED",".00",OUT,".000",".00",".00",".000",54835,"","1",0,"N","N",".00","","",54835,74040,7524180,9/25/2010,1,
RecType,InvNum,Type,NumGroceryItems,NumRefrigItems,NumRepackItems,NumFrozenItems,TotalPcs,TotalWt,TotalCubes,NonSpecial,Special,GrossTotal,VolDiscnt,Discount,NetTotal,TotalRetail,Deposits,Adjustments,ProfitAmnt,Profit%,InvDate,CorpCustID,OrderNumber,,,,,,,
Footer,9117788,C,"1","0","1","0","2","19",".20","53.90",".00","53.90","0",".00","53.90","133.13",".00",".00",".00",".00",9/25/2010,54835,7524180,,,,,,,
