RecType,InvNum,Type,OrderNumber,InvoiceDate,DBA,CustomerNumber,CustomerName,CustAddr1,CustAddr2,City,State,ZipCode,PhoneNumber,Whse,Trip,Terms,D/CFlag,TermsMsg,CorpCustID,CoverSheet,OrdEntryDate,ChainCode,ApplyTo#,PO#,,,,,,
Header,9117789,A,7524181,9/25/2010,1,54835,"WHOLE FDS COOP-DULUTH","610 EAST 4TH STREET","","DULUTH","MN","558050000","218-728-0884",8,"642",7,0,"NET 21 DAYS",54835,3978422,9/24/2010,"CMW",0,"LN2553997-26",,,,,,
RecType,InvNum,Type,UPC,ProductID,QuantityShipped,Unit,Size,Brand,Description,RegularSRP,Status,NetPricePerUnit,ExtendedPrice,SaleSRP,RegPricePerUnit,CustomerID,PriceOrigin,QuantityOrdered,Taxable,LB flag,CW flag,CW2,CNF_RegSRP,CNF_SpcSRP,CorpCustID,CorpProdID,OrderNumber,InvoiceDate,Servings,
Detail,9117789,B,089836-001191,0311464,"1","EA","#","FRNTHB","CELERY SEED,WHOLE","6.65",,"2.410","2.41",".00","2.410",54835,"","1",0,"N","N",".00","","",54835,31146,7524181,9/25/2010,1,
Detail,9117789,B,089836-025241,0298331,"2","EA","#","FRNTHB","GARLIC GRANULES,OG","15.65",,"5.700","11.40",".00","5.700",54835,"","2",0,"N","N",".00","","",54835,29833,7524181,9/25/2010,1,
Detail,9117789,B,089836-003430,0311449,"2","EA","#","FRNTHB","MUSTARD SEED,OG,YEL,WHL","10.35",,"3.770","7.54",".00","3.770",54835,"","2",0,"N","N",".00","","",54835,31144,7524181,9/25/2010,1,
Detail,9117789,B,026938-899806,0899807,"1","","EA","","TOTES CHARGE",".00",,".000",".00",".00",".000",54835,"NO CHG","1",0,"","",".00","N","",54835,89980,7524181,9/25/2010,1,
RecType,InvNum,Type,NumGroceryItems,NumRefrigItems,NumRepackItems,NumFrozenItems,TotalPcs,TotalWt,TotalCubes,NonSpecial,Special,GrossTotal,VolDiscnt,Discount,NetTotal,TotalRetail,Deposits,Adjustments,ProfitAmnt,Profit%,InvDate,CorpCustID,OrderNumber,,,,,,,
Footer,9117789,C,"0","0","1","0","1","12",".16","21.35",".00","21.35","0",".00","21.35","58.65",".00",".00",".00",".00",9/25/2010,54835,7524181,,,,,,,
