RecType,InvNum,Type,OrderNumber,InvoiceDate,DBA,CustomerNumber,CustomerName,CustAddr1,CustAddr2,City,State,ZipCode,PhoneNumber,Whse,Trip,Terms,D/CFlag,TermsMsg,CorpCustID,CoverSheet,OrdEntryDate,ChainCode,ApplyTo#,PO#,,,,,,
Header,9117770,A,7516397,9/25/2010,1,54835,"WHOLE FDS COOP-DULUTH","610 EAST 4TH STREET","","DULUTH","MN","558050000","218-728-0884",8,"642",7,0,"NET 21 DAYS",54835,3978422,9/23/2010,"CMW",0,"",,,,,,
RecType,InvNum,Type,UPC,ProductID,QuantityShipped,Unit,Size,Brand,Description,RegularSRP,Status,NetPricePerUnit,ExtendedPrice,SaleSRP,RegPricePerUnit,CustomerID,PriceOrigin,QuantityOrdered,Taxable,LB flag,CW flag,CW2,CNF_RegSRP,CNF_SpcSRP,CorpCustID,CorpProdID,OrderNumber,InvoiceDate,Servings,
Detail,9117770,B,013562-000197,0310284,"1","CS","6 OZ","ANNIE","BUNNY COOKIES,VAN COCO,GF","4.89",,".000",".00",".00","2.765",54835,"NO CHG","1",0,"N","N",".00","","",54835,31028,7516397,9/25/2010,12,
Detail,9117770,B,755355-005087,0161604,"1","CS","6 OZ","GDHLT","VEGGIE STIX,JALAPENO","4.15",,".614","6.14","4.15","2.433",54835,"POV 85","1",0,"N","N",".00","","",54835,16160,7516397,9/25/2010,10,
Detail,9117770,B,657622-417510,0906099,"1","CS","16 OZ","HONEST","TEA,BTL,OG,RED POMEGRANAT","1.59",,".200","2.40","1.59",".897",54835,"POV 85","1",0,"N","N",".00","","",54835,90609,7516397,9/25/2010,12,
Detail,9117770,B,042608-459774,0353912,"1","CS","32 OZ","LAKEWD","JUICE,OG,RED TART CHY BLD","4.59",,"1.828","21.94","4.59","2.689",54835,"POV 35","1",0,"N","N",".00","","",54835,35391,7516397,9/25/2010,12,
RecType,InvNum,Type,NumGroceryItems,NumRefrigItems,NumRepackItems,NumFrozenItems,TotalPcs,TotalWt,TotalCubes,NonSpecial,Special,GrossTotal,VolDiscnt,Discount,NetTotal,TotalRetail,Deposits,Adjustments,ProfitAmnt,Profit%,InvDate,CorpCustID,OrderNumber,,,,,,,
Footer,9117770,C,"4","0","0","0","4","73",".38",".00","30.48","30.48","0",".00","30.48","174.34",".00",".00",".00",".00",9/25/2010,54835,7516397,,,,,,,
