RecType,InvNum,Type,OrderNumber,InvoiceDate,DBA,CustomerNumber,CustomerName,CustAddr1,CustAddr2,City,State,ZipCode,PhoneNumber,Whse,Trip,Terms,D/CFlag,TermsMsg,CorpCustID,CoverSheet,OrdEntryDate,ChainCode,ApplyTo#,PO#,,,,,,
Header,8553768,A,7012937,7/1/2010,1,54835,"WHOLE FDS COOP-DULUTH","610 EAST 4TH STREET","","DULUTH","MN","558050000","218-728-0884",8,"412",7,0,"NET 21 DAYS",54835,3750474,6/30/2010,"CMW",0,"LN2378986-16",,,,,,
RecType,InvNum,Type,UPC,ProductID,QuantityShipped,Unit,Size,Brand,Description,RegularSRP,Status,NetPricePerUnit,ExtendedPrice,SaleSRP,RegPricePerUnit,CustomerID,PriceOrigin,QuantityOrdered,Taxable,LB flag,CW flag,CW2,CNF_RegSRP,CNF_SpcSRP,CorpCustID,CorpProdID,OrderNumber,InvoiceDate,Servings,
Detail,8553768,B,026938-465193,0465195,"1","CS","#","BULK D","RYE BERRIES,OG",".89",,".515","12.88",".00",".515",54835,"","1",0,"N","N",".00","","",54835,46519,7012937,7/1/2010,25,
Detail,8553768,B,026938-465391,0465393,"1","CS","#","BULK D","WHTBERRIES,OG,HD/RD,SPRG","1.25",,".719","35.93",".00",".719",54835,"","1",0,"N","N",".00","","",54835,46539,7012937,7/1/2010,50,
Detail,8553768,B,026938-768096,0768093,"1","CS","#","WHLSOM","SUGAR,OG,FT,CANE","1.69",,".970","24.26",".00",".970",54835,"","1",0,"N","N",".00","","",54835,76809,7012937,7/1/2010,25,
RecType,InvNum,Type,NumGroceryItems,NumRefrigItems,NumRepackItems,NumFrozenItems,TotalPcs,TotalWt,TotalCubes,NonSpecial,Special,GrossTotal,VolDiscnt,Discount,NetTotal,TotalRetail,Deposits,Adjustments,ProfitAmnt,Profit%,InvDate,CorpCustID,OrderNumber,,,,,,,
Footer,8553768,C,"3","0","0","0","3","101",".26","73.07",".00","73.07","0",".00","73.07","127.00",".00",".00",".00",".00",7/1/2010,54835,7012937,,,,,,,
