RecType,InvNum,Type,OrderNumber,InvoiceDate,DBA,CustomerNumber,CustomerName,CustAddr1,CustAddr2,City,State,ZipCode,PhoneNumber,Whse,Trip,Terms,D/CFlag,TermsMsg,CorpCustID,CoverSheet,OrdEntryDate,ChainCode,ApplyTo#,PO#,,,,,,
Header,8553778,A,7013253,7/1/2010,1,54835,"WHOLE FDS COOP-DULUTH","610 EAST 4TH STREET","","DULUTH","MN","558050000","218-728-0884",8,"412",7,0,"NET 21 DAYS",54835,3750474,6/30/2010,"CMW",0,"LN2379043-01",,,,,,
RecType,InvNum,Type,UPC,ProductID,QuantityShipped,Unit,Size,Brand,Description,RegularSRP,Status,NetPricePerUnit,ExtendedPrice,SaleSRP,RegPricePerUnit,CustomerID,PriceOrigin,QuantityOrdered,Taxable,LB flag,CW flag,CW2,CNF_RegSRP,CNF_SpcSRP,CorpCustID,CorpProdID,OrderNumber,InvoiceDate,Servings,
Detail,8553778,B,026938-468491,0468496,"1","CS","1 #","CEDARG","CHEDDAR,MLD,rBGH FREE,YEL","8.25",,"4.326","34.61",".00","4.326",54835,"","1",0,"N","N",".00","","",54835,46849,7013253,7/1/2010,8,
Detail,8553778,B,049568-520100,0477091,"1","CS","10 OZ","FOLLOW","MOZZARELLA VEGAN CHEESE","5.15",,"2.685","32.22",".00","2.685",54835,"","1",0,"N","N",".00","","",54835,47709,7013253,7/1/2010,12,
Detail,8553778,B,093966-113204,0198408,"1","CS","8 OZ","OGVAL","CHEDDAR,OG,SHARP,RAW","6.35",,"3.333","40.00",".00","3.333",54835,"","1",0,"N","N",".00","","",54835,19840,7013253,7/1/2010,12,
Detail,8553778,B,093966-213409,0151035,"1","CS","8 OZ","OGVAL","COLBY,OG,YELLOW","5.95",,"3.112","37.34",".00","3.112",54835,"","1",0,"N","N",".00","","",54835,15103,7013253,7/1/2010,12,
Detail,8553778,B,093966-213010,0391789,"1","CS","8 OZ","OGVAL","FETA,OG (COW MILK)","6.15",,"3.223","38.67",".00","3.223",54835,"","1",0,"N","N",".00","","",54835,39178,7013253,7/1/2010,12,
Detail,8553778,B,093966-000054,0602441,"2","CS","1 OZ","OGVAL","STRINGLES,OG",".85",,".443","21.26",".00",".443",54835,"","2",0,"N","N",".00","","",54835,60244,7013253,7/1/2010,24,
RecType,InvNum,Type,NumGroceryItems,NumRefrigItems,NumRepackItems,NumFrozenItems,TotalPcs,TotalWt,TotalCubes,NonSpecial,Special,GrossTotal,VolDiscnt,Discount,NetTotal,TotalRetail,Deposits,Adjustments,ProfitAmnt,Profit%,InvDate,CorpCustID,OrderNumber,,,,,,,
Footer,8553778,C,"0","7","0","0","7","37",".11","204.10",".00","204.10","0",".00","204.10","390.00",".00",".00",".00",".00",7/1/2010,54835,7013253,,,,,,,
