RecType,InvNum,Type,OrderNumber,InvoiceDate,DBA,CustomerNumber,CustomerName,CustAddr1,CustAddr2,City,State,ZipCode,PhoneNumber,Whse,Trip,Terms,D/CFlag,TermsMsg,CorpCustID,CoverSheet,OrdEntryDate,ChainCode,ApplyTo#,PO#,,,,,,
Header,8553763,A,7012929,7/1/2010,1,54835,"WHOLE FDS COOP-DULUTH","610 EAST 4TH STREET","","DULUTH","MN","558050000","218-728-0884",8,"412",7,0,"NET 21 DAYS",54835,3750474,6/30/2010,"CMW",0,"LN2378986-03",,,,,,
RecType,InvNum,Type,UPC,ProductID,QuantityShipped,Unit,Size,Brand,Description,RegularSRP,Status,NetPricePerUnit,ExtendedPrice,SaleSRP,RegPricePerUnit,CustomerID,PriceOrigin,QuantityOrdered,Taxable,LB flag,CW flag,CW2,CNF_RegSRP,CNF_SpcSRP,CorpCustID,CorpProdID,OrderNumber,InvoiceDate,Servings,
Detail,8553763,B,893455-000059,0650291,"6","EA","7 OZ","ONEW","SOAP,HEMP","4.25",,"1.770","10.62","4.25","2.230",54835,"PRO 20","6",0,"N","N",".00","","",54835,65029,7012929,7/1/2010,1,
Detail,8553763,B,893455-000127,0650333,"6","EA","7 OZ","ONEW","SOAP,LEMON VERBENA","4.25",,"1.770","10.62","4.25","2.230",54835,"PRO 20","6",0,"N","N",".00","","",54835,65033,7012929,7/1/2010,1,
Detail,8553763,B,893455-000103,0650374,"6","EA","7 OZ","ONEW","SOAP,ORANGE BLOSSOM","4.25",,"1.770","10.62","4.25","2.230",54835,"PRO 20","6",0,"N","N",".00","","",54835,65037,7012929,7/1/2010,1,
Detail,8553763,B,893455-000011,0650390,"6","EA","7 OZ","ONEW","SOAP,ROSE PETAL","4.25",,"1.770","10.62","4.25","2.230",54835,"PRO 20","6",0,"N","N",".00","","",54835,65039,7012929,7/1/2010,1,
Detail,8553763,B,026938-899806,0899807,"1","","EA","","TOTES CHARGE",".00",,".000",".00",".00",".000",54835,"NO CHG","1",0,"","",".00","N","",54835,89980,7012929,7/1/2010,1,
RecType,InvNum,Type,NumGroceryItems,NumRefrigItems,NumRepackItems,NumFrozenItems,TotalPcs,TotalWt,TotalCubes,NonSpecial,Special,GrossTotal,VolDiscnt,Discount,NetTotal,TotalRetail,Deposits,Adjustments,ProfitAmnt,Profit%,InvDate,CorpCustID,OrderNumber,,,,,,,
Footer,8553763,C,"0","0","1","0","1","18",".15",".00","42.48","42.48","0",".00","42.48","102.00",".00",".00",".00",".00",7/1/2010,54835,7012929,,,,,,,
