RecType,InvNum,Type,OrderNumber,InvoiceDate,DBA,CustomerNumber,CustomerName,CustAddr1,CustAddr2,City,State,ZipCode,PhoneNumber,Whse,Trip,Terms,D/CFlag,TermsMsg,CorpCustID,CoverSheet,OrdEntryDate,ChainCode,ApplyTo#,PO#,,,,,,
Header,8553779,A,7013255,7/1/2010,1,54835,"WHOLE FDS COOP-DULUTH","610 EAST 4TH STREET","","DULUTH","MN","558050000","218-728-0884",8,"412",7,0,"NET 21 DAYS",54835,3750474,6/30/2010,"CMW",0,"LN2379043-02",,,,,,
RecType,InvNum,Type,UPC,ProductID,QuantityShipped,Unit,Size,Brand,Description,RegularSRP,Status,NetPricePerUnit,ExtendedPrice,SaleSRP,RegPricePerUnit,CustomerID,PriceOrigin,QuantityOrdered,Taxable,LB flag,CW flag,CW2,CNF_RegSRP,CNF_SpcSRP,CorpCustID,CorpProdID,OrderNumber,InvoiceDate,Servings,
Detail,8553779,B,031493-776370,0161521,"2","CS","8 PK","RUDI'S","BUNS,OG,HAMBURGER,WHEAT","4.65",,"2.156","30.18","4.65","2.713",54835,"PRO 20","2",0,"N","N",".00","","",54835,16152,7013255,7/1/2010,7,
Detail,8553779,B,031493-776394,0975342,"2","CS","6 PK","RUDI'S","BUNS,OG,HOT DOG,WHEAT","3.69",,"1.724","27.58","3.69","2.171",54835,"PRO 20","2",0,"N","N",".00","","",54835,97534,7013255,7/1/2010,8,
Detail,8553779,B,031493-543736,0940361,"4","CS","22 OZ","RUDI'S","BRD,OG,COLORADO CRKD WHT","4.65",,"2.714","86.84",".00","2.714",54835,"","4",0,"N","N",".00","","",54835,94036,7013255,7/1/2010,8,
Detail,8553779,B,031493-242424,0940387,"3","CS","22 OZ","RUDI'S","BRD,OG,HONEY SWT WHL WHT","4.65",,"2.714","65.13",".00","2.714",54835,"","3",0,"N","N",".00","","",54835,94038,7013255,7/1/2010,8,
Detail,8553779,B,031493-828888,0940338,"5","CS","22 OZ","RUDI'S","BRD,OG,OAT,MULTIGRAIN","4.65",,"2.714","108.55",".00","2.714",54835,"","5",0,"N","N",".00","","",54835,94033,7013255,7/1/2010,8,
Detail,8553779,B,031493-317511,0940270,"1","CS","22 OZ","RUDI'S","BRD,OG,SOURDGH,ROCKY MTN","4.65",,"2.714","21.71",".00","2.714",54835,"","1",0,"N","N",".00","","",54835,94027,7013255,7/1/2010,8,
Detail,8553779,B,031493-071208,0342543,"1","CS","20 OZ","RUDI'S","BRD,OG,SPELT,ANCNT GRAIN","5.59",,"3.289","26.31",".00","3.289",54835,"","1",0,"N","N",".00","","",54835,34254,7013255,7/1/2010,8,
Detail,8553779,B,031493-023405,0723213,"2","CS","20 OZ","RUDI'S","BRD,OG,14 GRAIN","4.65",,"2.714","43.42",".00","2.714",54835,"","2",0,"N","N",".00","","",54835,72321,7013255,7/1/2010,8,
Detail,8553779,B,031493-023207,0543553,"2","CS","20 OZ","RUDI'S","BRD,OG,7 GRAIN & FLAX","4.65",,"2.714","43.42",".00","2.714",54835,"","2",0,"N","N",".00","","",54835,54355,7013255,7/1/2010,8,
Detail,8553779,B,075119-602216,0832055,"1","CS","12.35 OZ","ENER-G","ROLLS,TAPIOCA DINNER","5.69",,"3.267","19.60",".00","3.267",54835,"","1",0,"N","N",".00","","",54835,83205,7013255,7/1/2010,6,
RecType,InvNum,Type,NumGroceryItems,NumRefrigItems,NumRepackItems,NumFrozenItems,TotalPcs,TotalWt,TotalCubes,NonSpecial,Special,GrossTotal,VolDiscnt,Discount,NetTotal,TotalRetail,Deposits,Adjustments,ProfitAmnt,Profit%,InvDate,CorpCustID,OrderNumber,,,,,,,
Footer,8553779,C,"1","0","0","22","23","247","2.19","414.98","57.76","472.74","0",".00","472.74","835.40",".00",".00",".00",".00",7/1/2010,54835,7013255,,,,,,,
