RecType,InvNum,Type,OrderNumber,InvoiceDate,DBA,CustomerNumber,CustomerName,CustAddr1,CustAddr2,City,State,ZipCode,PhoneNumber,Whse,Trip,Terms,D/CFlag,TermsMsg,CorpCustID,CoverSheet,OrdEntryDate,ChainCode,ApplyTo#,PO#,,,,,,
Header,8553771,A,7012942,7/1/2010,1,54835,"WHOLE FDS COOP-DULUTH","610 EAST 4TH STREET","","DULUTH","MN","558050000","218-728-0884",8,"412",7,0,"NET 21 DAYS",54835,3750474,6/30/2010,"CMW",0,"LN2378986-21",,,,,,
RecType,InvNum,Type,UPC,ProductID,QuantityShipped,Unit,Size,Brand,Description,RegularSRP,Status,NetPricePerUnit,ExtendedPrice,SaleSRP,RegPricePerUnit,CustomerID,PriceOrigin,QuantityOrdered,Taxable,LB flag,CW flag,CW2,CNF_RegSRP,CNF_SpcSRP,CorpCustID,CorpProdID,OrderNumber,InvoiceDate,Servings,
Detail,8553771,B,089836-026514,0448423,"1","EA","#","FRNTHB","CARDAMOM SEED,OG,GROUND","65.39",,"24.090","24.09",".00","24.090",54835,"","1",0,"N","N",".00","","",54835,44842,7012942,7/1/2010,1,
Detail,8553771,B,089836-003980,0124503,"1","EA","#","FRNTHB","CHAMOMILE FLOWER,OG,WHOLE","30.45",,"11.220","11.22",".00","11.220",54835,"","1",0,"N","N",".00","","",54835,12450,7012942,7/1/2010,1,
Detail,8553771,B,089836-025920,0448514,"2","EA","#","FRNTHB","CUMIN SEED,OG,GROUND","21.45",,"7.900","15.80",".00","7.900",54835,"","2",0,"N","N",".00","","",54835,44851,7012942,7/1/2010,1,
Detail,8553771,B,089836-026507,0478271,"1","EA","#","FRNTHB","CURRY POWDER,OG","19.75",,"7.270","7.27",".00","7.270",54835,"","1",0,"N","N",".00","","",54835,47827,7012942,7/1/2010,1,
Detail,8553771,B,089836-025241,0298331,"1","EA","#","FRNTHB","GARLIC GRANULES,OG","15.69",,"5.770","5.77",".00","5.770",54835,"","1",0,"N","N",".00","","",54835,29833,7012942,7/1/2010,1,
Detail,8553771,B,089836-026002,0546671,"1","EA","#","FRNTHB","PEPPER,BLACK,OG,MED,GRIND","22.35",,"8.230","8.23",".00","8.230",54835,"","1",0,"N","N",".00","","",54835,54667,7012942,7/1/2010,1,
Detail,8553771,B,089836-008633,0791673,"1","EA","#","FRNTHB","PSYLLIUM SD HUSK,OG,WHOLE","21.45",,"7.900","7.90",".00","7.900",54835,"","1",0,"N","N",".00","","",54835,79167,7012942,7/1/2010,1,
Detail,8553771,B,089836-027702,0546333,"1","EA","#","FRNTHB","CHILI POWDER BLEND,OG","24.69",,"9.090","9.09",".00","9.090",54835,"","1",0,"N","N",".00","","",54835,54633,7012942,7/1/2010,1,
Detail,8553771,B,089836-001252,0379388,"1","EA","#","FRNTHB","CHILI POWDER FIESTA","14.95",,"5.490","5.49",".00","5.490",54835,"","1",0,"N","N",".00","","",54835,37938,7012942,7/1/2010,1,
Detail,8553771,B,089836-028730,0551770,"1","EA","#","FRNTHB","TEA,OG,FT,GUNPOWDER GREEN","32.75",,"12.050","12.05",".00","12.050",54835,"","1",0,"N","N",".00","","",54835,55177,7012942,7/1/2010,1,
Detail,8553771,B,039978-005052,0265397,"1","CS","20 OZ","BOB'S","ARROWROOT STARCH,G/F","6.65",,"3.815","15.26",".00","3.815",54835,"","1",0,"N","N",".00","","",54835,26539,7012942,7/1/2010,4,
Detail,8553771,B,026938-899806,0899807,"1","","EA","","TOTES CHARGE",".00",,".000",".00",".00",".000",54835,"NO CHG","1",0,"","",".00","N","",54835,89980,7012942,7/1/2010,1,
Detail,8553771,B,089836-029720,0498808,"0","EA","#","FRNTHB","CINNAMON PWDR,OG,CEYLON",".00",OUT,".000",".00",".00",".000",54835,"","1",0,"N","N",".00","","",54835,49880,7012942,7/1/2010,1,
Detail,8553771,B,089836-026491,0546556,"0","EA","#","FRNTHB","ITALIAN SEASONING,OG,WHL",".00",OUT,".000",".00",".00",".000",54835,"","1",0,"N","N",".00","","",54835,54655,7012942,7/1/2010,1,
RecType,InvNum,Type,NumGroceryItems,NumRefrigItems,NumRepackItems,NumFrozenItems,TotalPcs,TotalWt,TotalCubes,NonSpecial,Special,GrossTotal,VolDiscnt,Discount,NetTotal,TotalRetail,Deposits,Adjustments,ProfitAmnt,Profit%,InvDate,CorpCustID,OrderNumber,,,,,,,
Footer,8553771,C,"1","0","1","0","2","24",".23","122.17",".00","122.17","0",".00","122.17","316.97",".00",".00",".00",".00",7/1/2010,54835,7012942,,,,,,,
