RecType,InvNum,Type,OrderNumber,InvoiceDate,DBA,CustomerNumber,CustomerName,CustAddr1,CustAddr2,City,State,ZipCode,PhoneNumber,Whse,Trip,Terms,D/CFlag,TermsMsg,CorpCustID,CoverSheet,OrdEntryDate,ChainCode,ApplyTo#,PO#,,,,,,
Header,9006721,A,7422970,9/9/2010,1,54835,"WHOLE FDS COOP-DULUTH","610 EAST 4TH STREET","","DULUTH","MN","558050000","218-728-0884",8,"412",7,0,"NET 21 DAYS",54835,3933248,9/8/2010,"CMW",0,"LN2522284-05",,,,,,
RecType,InvNum,Type,UPC,ProductID,QuantityShipped,Unit,Size,Brand,Description,RegularSRP,Status,NetPricePerUnit,ExtendedPrice,SaleSRP,RegPricePerUnit,CustomerID,PriceOrigin,QuantityOrdered,Taxable,LB flag,CW flag,CW2,CNF_RegSRP,CNF_SpcSRP,CorpCustID,CorpProdID,OrderNumber,InvoiceDate,Servings,
Detail,9006721,B,854906-000066,0675991,"2","CS","10 OZ","BOSSA","JCE,ORIG ACAI,S#0625780","2.55",,"1.880","45.12",".00","1.880",54835,"","2",0,"N","N",".00","","",54835,67599,7422970,9/9/2010,12,
Detail,9006721,B,093966-002058,0515551,"1","CS","16 OZ","OGVAL","SOUR CREAM,OG,4%","3.75",,"2.240","13.44",".00","2.240",54835,"","1",0,"N","N",".00","","",54835,51555,7422970,9/9/2010,6,
Detail,9006721,B,052159-000028,0636944,"1","CS","32 OZ","STNFLD","YGRT,OG,WM,FRENCH VAN","4.59",,"2.743","16.46",".00","2.743",54835,"","1",0,"N","N",".00","","",54835,63694,7422970,9/9/2010,6,
Detail,9006721,B,758543-110006,0182691,"1","CS","8 OZ","VOSKOS","GREEK YGRT,PLAIN,FF","1.99",,"1.033","12.40","1.99","1.171",54835,"M 15","1",0,"N","N",".00","","",54835,18269,7422970,9/9/2010,12,
Detail,9006721,B,795709-030099,0689232,"1","CS","6 OZ","WALABY","YOGURT,OG,NF,STWBRY GUAVA","1.15",,".545","6.54","1.15",".678",54835,"PRO 20","1",0,"N","N",".00","","",54835,68923,7422970,9/9/2010,12,
Detail,9006721,B,035302-002162,0504175,"0","CS","12 OZ","SOYDLI","TOFU,OG,FIRM NIGARI,LF",".00",OUT,".000",".00",".00",".000",54835,"","2",0,"N","N",".00","","",54835,50417,7422970,9/9/2010,6,
RecType,InvNum,Type,NumGroceryItems,NumRefrigItems,NumRepackItems,NumFrozenItems,TotalPcs,TotalWt,TotalCubes,NonSpecial,Special,GrossTotal,VolDiscnt,Discount,NetTotal,TotalRetail,Deposits,Adjustments,ProfitAmnt,Profit%,InvDate,CorpCustID,OrderNumber,,,,,,,
Footer,9006721,C,"0","6","0","0","6","58",".18","75.02","18.94","93.96","0",".00","93.96","148.92",".00",".00",".00",".00",9/9/2010,54835,7422970,,,,,,,
