RecType,InvNum,Type,OrderNumber,InvoiceDate,DBA,CustomerNumber,CustomerName,CustAddr1,CustAddr2,City,State,ZipCode,PhoneNumber,Whse,Trip,Terms,D/CFlag,TermsMsg,CorpCustID,CoverSheet,OrdEntryDate,ChainCode,ApplyTo#,PO#,,,,,,
Header,9006741,A,7423621,9/9/2010,1,54835,"WHOLE FDS COOP-DULUTH","610 EAST 4TH STREET","","DULUTH","MN","558050000","218-728-0884",8,"412",7,0,"NET 21 DAYS",54835,3933248,9/8/2010,"CMW",0,"LN2522372-08",,,,,,
RecType,InvNum,Type,UPC,ProductID,QuantityShipped,Unit,Size,Brand,Description,RegularSRP,Status,NetPricePerUnit,ExtendedPrice,SaleSRP,RegPricePerUnit,CustomerID,PriceOrigin,QuantityOrdered,Taxable,LB flag,CW flag,CW2,CNF_RegSRP,CNF_SpcSRP,CorpCustID,CorpProdID,OrderNumber,InvoiceDate,Servings,
Detail,9006741,B,024182-025354,0683888,"1","CS","32 OZ","EDEN","EDENSOY EXTRA,OG,ORIGINAL","3.29",,"1.849","22.19",".00","1.849",54835,"","1",0,"N","N",".00","","",54835,68388,7423621,9/9/2010,12,
Detail,9006741,B,042563-600129,0646307,"1","CS","16 OZ","FIELDY","PASTA,OG,LASAGNA","3.35",,"1.860","22.32",".00","1.882",54835,"PRO  0","1",0,"N","N",".00","","",54835,64630,7423621,9/9/2010,12,
Detail,9006741,B,875386-000322,0886259,"1","CS","32 OZ","LIVHAR","HEMPMILK,TEMPT,VANILLA","4.25",,"2.413","28.96",".00","2.413",54835,"","1",0,"N","N",".00","","",54835,88625,7423621,9/9/2010,12,
Detail,9006741,B,725342-281930,0101287,"1","CS","28 OZ","MUIR","TOMATO SAUCE,OG,CHUNKY","3.35",,"1.409","16.91","3.35","1.902",54835,"PRO 26","1",0,"N","N",".00","","",54835,10128,7423621,9/9/2010,12,
Detail,9006741,B,725342-260737,0504142,"2","CS","28 OZ","MUIR","TOMATO,OG,DICED","3.35",,"1.409","33.82","3.35","1.902",54835,"PRO 26","2",0,"N","N",".00","","",54835,50414,7423621,9/9/2010,12,
Detail,9006741,B,725342-281831,0101980,"1","CS","28 OZ","MUIR","TOMATO,OG,GROUND PEELED","3.35",,"1.409","16.91","3.35","1.902",54835,"PRO 26","1",0,"N","N",".00","","",54835,10198,7423621,9/9/2010,12,
Detail,9006741,B,074682-107227,0441246,"1","CS","32 OZ","KNDSN","JUICE,MORNING BLEND","3.95",,"2.289","27.47",".00","2.289",54835,"","1",0,"N","N",".00","","",54835,44124,7423621,9/9/2010,12,
Detail,9006741,B,048481-011115,0253740,"1","CS","15 OZ","SHLTON","CHILI,CHICKEN,MILD,W/BN","3.89",,"2.209","26.51",".00","2.209",54835,"","1",0,"N","N",".00","","",54835,25374,7423621,9/9/2010,12,
Detail,9006741,B,852697-001316,0208793,"0","CS","4.22 OZ","HAPPYT","BABY FD,OG,BAN,PCH,COC,PR",".00",OUT,".000",".00",".00",".000",54835,"","1",0,"N","N",".00","","",54835,20879,7423621,9/9/2010,16,
RecType,InvNum,Type,NumGroceryItems,NumRefrigItems,NumRepackItems,NumFrozenItems,TotalPcs,TotalWt,TotalCubes,NonSpecial,Special,GrossTotal,VolDiscnt,Discount,NetTotal,TotalRetail,Deposits,Adjustments,ProfitAmnt,Profit%,InvDate,CorpCustID,OrderNumber,,,,,,,
Footer,9006741,C,"9","0","0","0","9","220",".53","127.45","67.64","195.09","0",".00","195.09","385.56",".00",".00",".00",".00",9/9/2010,54835,7423621,,,,,,,
