RecType,InvNum,Type,OrderNumber,InvoiceDate,DBA,CustomerNumber,CustomerName,CustAddr1,CustAddr2,City,State,ZipCode,PhoneNumber,Whse,Trip,Terms,D/CFlag,TermsMsg,CorpCustID,CoverSheet,OrdEntryDate,ChainCode,ApplyTo#,PO#,,,,,,
Header,9006731,A,7423544,9/9/2010,1,54835,"WHOLE FDS COOP-DULUTH","610 EAST 4TH STREET","","DULUTH","MN","558050000","218-728-0884",8,"412",7,0,"NET 21 DAYS",54835,3933248,9/8/2010,"CMW",0,"LN2522363-03",,,,,,
RecType,InvNum,Type,UPC,ProductID,QuantityShipped,Unit,Size,Brand,Description,RegularSRP,Status,NetPricePerUnit,ExtendedPrice,SaleSRP,RegPricePerUnit,CustomerID,PriceOrigin,QuantityOrdered,Taxable,LB flag,CW flag,CW2,CNF_RegSRP,CNF_SpcSRP,CorpCustID,CorpProdID,OrderNumber,InvoiceDate,Servings,
Detail,9006731,B,893481-001631,0120246,"3","EA","8 OZ","CLNWEL","HAND SANTZ FOAM","5.29",,"2.350","7.05","5.29","2.720",54835,"M 15","3",0,"N","N",".00","","",54835,12024,7423544,9/9/2010,1,
Detail,9006731,B,893481-001211,0459982,"3","EA","4 OZ","CLNWEL","HAND SANTZ SPRAY","6.19",,"2.750","8.25","6.19","3.190",54835,"M 15","3",0,"N","N",".00","","",54835,45998,7423544,9/9/2010,1,
Detail,9006731,B,893481-001419,0460071,"1","CS","10 CT","CLNWEL","HAND SANTZ WIPES,TRVL","3.45",,"1.528","12.22","3.45","1.770",54835,"M 15","1",0,"N","N",".00","","",54835,46007,7423544,9/9/2010,8,
Detail,9006731,B,000360-000016,0344226,"4","EA","2 OZ","ECODNT","TTHPWDR,EXTRABRITE,W/O FL","7.29",,"3.880","15.52",".00","3.880",54835,"","4",0,"N","N",".00","","",54835,34422,7423544,9/9/2010,1,
Detail,9006731,B,636874-040066,0171975,"1","EA","8 OZ","EO","BDY OIL,FRENCH LAVENDER","14.29",,"7.380","7.38",".00","7.380",54835,"","1",0,"N","N",".00","","",54835,17197,7423544,9/9/2010,1,
Detail,9006731,B,078522-015253,0184424,"1","EA","6 OZ","JASON","TGEL,HLTHY MOUTH,COQ10/FL","7.39",,"3.930","3.93",".00","3.930",54835,"","1",0,"N","N",".00","","",54835,18442,7423544,9/9/2010,1,
Detail,9006731,B,755355-100829,0434035,"4","EA","12 OZ","SOUTHF","LIQ SOAP,GREEN TEA","6.69",,"3.020","12.08","6.69","3.460",54835,"M 15","4",0,"N","N",".00","","",54835,43403,7423544,9/9/2010,1,
Detail,9006731,B,755355-100812,0434340,"4","EA","12 OZ","SOUTHF","LIQ SOAP,LAVENDER","6.69",,"3.020","12.08","6.69","3.460",54835,"M 15","4",0,"N","N",".00","","",54835,43434,7423544,9/9/2010,1,
Detail,9006731,B,755355-100836,0434373,"4","EA","12 OZ","SOUTHF","LIQ SOAP,ORANGE BLOSS HNY","6.69",,"3.020","12.08","6.69","3.460",54835,"M 15","4",0,"N","N",".00","","",54835,43437,7423544,9/9/2010,1,
Detail,9006731,B,026938-899806,0899807,"1","","EA","","TOTES CHARGE",".00",,".000",".00",".00",".000",54835,"NO CHG","1",0,"","",".00","N","",54835,89980,7423544,9/9/2010,1,
RecType,InvNum,Type,NumGroceryItems,NumRefrigItems,NumRepackItems,NumFrozenItems,TotalPcs,TotalWt,TotalCubes,NonSpecial,Special,GrossTotal,VolDiscnt,Discount,NetTotal,TotalRetail,Deposits,Adjustments,ProfitAmnt,Profit%,InvDate,CorpCustID,OrderNumber,,,,,,,
Footer,9006731,C,"0","0","1","0","1","25",".21","26.83","63.76","90.59","0",".00","90.59","193.16",".00",".00",".00",".00",9/9/2010,54835,7423544,,,,,,,
