RecType,InvNum,Type,OrderNumber,InvoiceDate,DBA,CustomerNumber,CustomerName,CustAddr1,CustAddr2,City,State,ZipCode,PhoneNumber,Whse,Trip,Terms,D/CFlag,TermsMsg,CorpCustID,CoverSheet,OrdEntryDate,ChainCode,ApplyTo#,PO#,,,,,,
Header,9006719,A,7422968,9/9/2010,1,54835,"WHOLE FDS COOP-DULUTH","610 EAST 4TH STREET","","DULUTH","MN","558050000","218-728-0884",8,"412",7,0,"NET 21 DAYS",54835,3933248,9/8/2010,"CMW",0,"LN2522284-03",,,,,,
RecType,InvNum,Type,UPC,ProductID,QuantityShipped,Unit,Size,Brand,Description,RegularSRP,Status,NetPricePerUnit,ExtendedPrice,SaleSRP,RegPricePerUnit,CustomerID,PriceOrigin,QuantityOrdered,Taxable,LB flag,CW flag,CW2,CNF_RegSRP,CNF_SpcSRP,CorpCustID,CorpProdID,OrderNumber,InvoiceDate,Servings,
Detail,9006719,B,093966-003857,0369041,"1","CS","8 OZ","OGVAL","BUTTER,OG,PASTURE","4.19",,"2.503","30.04",".00","2.503",54835,"","1",0,"N","N",".00","","",54835,36904,7422968,9/9/2010,12,
Detail,9006719,B,093966-330007,0213645,"1","CS","16 OZ","OGVAL","BUTTER,OG,SLTD,STICKS","7.09",,"4.219","63.28",".00","4.219",54835,"","1",0,"N","N",".00","","",54835,21364,7422968,9/9/2010,15,
Detail,9006719,B,750388-201017,0537803,"2","CS","1 LB","WESTBY","BUTTER,rBGH FREE","4.49",,"2.683","193.18",".00","2.683",54835,"","2",0,"N","N",".00","","",54835,53780,7422968,9/9/2010,36,
Detail,9006719,B,026938-683092,0683094,"1","EA","EA","UNFI","UNFI FUEL SURCHARGE","15.00",,"15.000","15.00","16.40","16.400",54835,"PRO 32","1",0,"N","N",".00","","",54835,68309,7422968,9/9/2010,1,
RecType,InvNum,Type,NumGroceryItems,NumRefrigItems,NumRepackItems,NumFrozenItems,TotalPcs,TotalWt,TotalCubes,NonSpecial,Special,GrossTotal,VolDiscnt,Discount,NetTotal,TotalRetail,Deposits,Adjustments,ProfitAmnt,Profit%,InvDate,CorpCustID,OrderNumber,,,,,,,
Footer,9006719,C,"0","4","0","0","4","98",".21","286.50","15.00","301.50","0",".00","301.50","494.91",".00",".00",".00",".00",9/9/2010,54835,7422968,,,,,,,
