RecType,InvNum,Type,OrderNumber,InvoiceDate,DBA,CustomerNumber,CustomerName,CustAddr1,CustAddr2,City,State,ZipCode,PhoneNumber,Whse,Trip,Terms,D/CFlag,TermsMsg,CorpCustID,CoverSheet,OrdEntryDate,ChainCode,ApplyTo#,PO#,,,,,,
Header,9006722,A,7422971,9/9/2010,1,54835,"WHOLE FDS COOP-DULUTH","610 EAST 4TH STREET","","DULUTH","MN","558050000","218-728-0884",8,"412",7,0,"NET 21 DAYS",54835,3933248,9/8/2010,"CMW",0,"LN2522284-08",,,,,,
RecType,InvNum,Type,UPC,ProductID,QuantityShipped,Unit,Size,Brand,Description,RegularSRP,Status,NetPricePerUnit,ExtendedPrice,SaleSRP,RegPricePerUnit,CustomerID,PriceOrigin,QuantityOrdered,Taxable,LB flag,CW flag,CW2,CNF_RegSRP,CNF_SpcSRP,CorpCustID,CorpProdID,OrderNumber,InvoiceDate,Servings,
Detail,9006722,B,021908-406770,0908095,"1","CS","8 OZ","CSCADE","BLUEBERRIES,OG","4.29",,"2.481","29.77",".00","2.481",54835,"","1",0,"N","N",".00","","",54835,90809,7422971,9/9/2010,12,
Detail,9006722,B,021908-543017,0344309,"1","CS","10 OZ","CSCADE","STRAWBERRIES,OG","4.29",,"2.481","29.77",".00","2.481",54835,"","1",0,"N","N",".00","","",54835,34430,7422971,9/9/2010,12,
Detail,9006722,B,638882-000070,0871111,"1","CS","10 OZ","STAHL","BLUEBERRIES,WHOLE","4.55",,"2.118","25.42","4.55","2.637",54835,"PRO 20","1",0,"N","N",".00","","",54835,87111,7422971,9/9/2010,12,
Detail,9006722,B,638882-000575,0871236,"1","CS","10 OZ","STAHL","RASPBERRIES,RED","4.55",,"2.118","25.42","4.55","2.637",54835,"PRO 20","1",0,"N","N",".00","","",54835,87123,7422971,9/9/2010,12,
RecType,InvNum,Type,NumGroceryItems,NumRefrigItems,NumRepackItems,NumFrozenItems,TotalPcs,TotalWt,TotalCubes,NonSpecial,Special,GrossTotal,VolDiscnt,Discount,NetTotal,TotalRetail,Deposits,Adjustments,ProfitAmnt,Profit%,InvDate,CorpCustID,OrderNumber,,,,,,,
Footer,9006722,C,"0","0","0","4","4","32",".19","59.54","50.84","110.38","0",".00","110.38","212.16",".00",".00",".00",".00",9/9/2010,54835,7422971,,,,,,,
