RecType,InvNum,Type,OrderNumber,InvoiceDate,DBA,CustomerNumber,CustomerName,CustAddr1,CustAddr2,City,State,ZipCode,PhoneNumber,Whse,Trip,Terms,D/CFlag,TermsMsg,CorpCustID,CoverSheet,OrdEntryDate,ChainCode,ApplyTo#,PO#,,,,,,
Header,9006739,A,7423556,9/9/2010,1,54835,"WHOLE FDS COOP-DULUTH","610 EAST 4TH STREET","","DULUTH","MN","558050000","218-728-0884",8,"412",7,0,"NET 21 DAYS",54835,3933248,9/8/2010,"CMW",0,"LN2522363-19",,,,,,
RecType,InvNum,Type,UPC,ProductID,QuantityShipped,Unit,Size,Brand,Description,RegularSRP,Status,NetPricePerUnit,ExtendedPrice,SaleSRP,RegPricePerUnit,CustomerID,PriceOrigin,QuantityOrdered,Taxable,LB flag,CW flag,CW2,CNF_RegSRP,CNF_SpcSRP,CorpCustID,CorpProdID,OrderNumber,InvoiceDate,Servings,
Detail,9006739,B,032843-336169,0599076,"1","CS","12 OZ","CAFE A","COFFEE GRND,OG,FT,CLASSIC","9.15",,"5.182","31.09",".00","5.182",54835,"","1",0,"N","N",".00","","",54835,59907,7423556,9/9/2010,6,
Detail,9006739,B,032843-334806,0141408,"3","EA","10 OZ","CAFE A","COFFEE WB,OG,KONA","8.75",,"4.950","14.85",".00","4.950",54835,"","3",0,"N","N",".00","","",54835,14140,7423556,9/9/2010,1,
Detail,9006739,B,795239-800803,0368464,"1","CS","11 OZ","TECINO","HRBL COFFEE,OG,MOCHA","9.05",,"5.137","30.82",".00","5.137",54835,"","1",0,"N","N",".00","","",54835,36846,7423556,9/9/2010,6,
Detail,9006739,B,026938-899806,0899807,"1","","EA","","TOTES CHARGE",".00",,".000",".00",".00",".000",54835,"NO CHG","1",0,"","",".00","N","",54835,89980,7423556,9/9/2010,1,
RecType,InvNum,Type,NumGroceryItems,NumRefrigItems,NumRepackItems,NumFrozenItems,TotalPcs,TotalWt,TotalCubes,NonSpecial,Special,GrossTotal,VolDiscnt,Discount,NetTotal,TotalRetail,Deposits,Adjustments,ProfitAmnt,Profit%,InvDate,CorpCustID,OrderNumber,,,,,,,
Footer,9006739,C,"2","0","1","0","3","19",".22","76.76",".00","76.76","0",".00","76.76","135.45",".00",".00",".00",".00",9/9/2010,54835,7423556,,,,,,,
