RecType,InvNum,Type,OrderNumber,InvoiceDate,DBA,CustomerNumber,CustomerName,CustAddr1,CustAddr2,City,State,ZipCode,PhoneNumber,Whse,Trip,Terms,D/CFlag,TermsMsg,CorpCustID,CoverSheet,OrdEntryDate,ChainCode,ApplyTo#,PO#,,,,,,
Header,9006746,A,7423947,9/9/2010,1,54835,"WHOLE FDS COOP-DULUTH","610 EAST 4TH STREET","","DULUTH","MN","558050000","218-728-0884",8,"412",7,0,"NET 21 DAYS",54835,3933248,9/8/2010,"CMW",0,"",,,,,,
RecType,InvNum,Type,UPC,ProductID,QuantityShipped,Unit,Size,Brand,Description,RegularSRP,Status,NetPricePerUnit,ExtendedPrice,SaleSRP,RegPricePerUnit,CustomerID,PriceOrigin,QuantityOrdered,Taxable,LB flag,CW flag,CW2,CNF_RegSRP,CNF_SpcSRP,CorpCustID,CorpProdID,OrderNumber,InvoiceDate,Servings,
Detail,9006746,B,858302-001047,0399048,"1","CS","6 OZ","BLHOR","BITES,FISH & CHIP","5.15",,"3.170","19.02",".00","3.170",54835,"","1",0,"N","N",".00","","",54835,39904,7423947,9/9/2010,6,
Detail,9006746,B,812410-000514,0274357,"1","CS","8 OZ","H&LSEA","SALMON,BATTERED FILLET","6.55",,"3.800","22.80",".00","3.800",54835,"","1",0,"N","N",".00","","",54835,27435,7423947,9/9/2010,6,
Detail,9006746,B,698997-809364,0183988,"1","CS","12 OZ","UDI'S","MUFFINS,LEMON STREUSEL,GF","6.45",,"3.727","22.36",".00","3.727",54835,"","1",0,"N","N",".00","","",54835,18398,7423947,9/9/2010,6,
Footer,9006746,C,"0","0","0","3","3","13",".12","64.18",".00","64.18","0",".00","64.18","108.90",".00",".00",".00",".00",9/9/2010,54835,7423947,,,,,,,
