RecType,InvNum,Type,OrderNumber,InvoiceDate,DBA,CustomerNumber,CustomerName,CustAddr1,CustAddr2,City,State,ZipCode,PhoneNumber,Whse,Trip,Terms,D/CFlag,TermsMsg,CorpCustID,CoverSheet,OrdEntryDate,ChainCode,ApplyTo#,PO#,,,,,,
Header,9006745,A,7423918,9/9/2010,1,54835,"WHOLE FDS COOP-DULUTH","610 EAST 4TH STREET","","DULUTH","MN","558050000","218-728-0884",8,"412",7,0,"NET 21 DAYS",54835,3933248,9/8/2010,"CMW",0,"",,,,,,
RecType,InvNum,Type,UPC,ProductID,QuantityShipped,Unit,Size,Brand,Description,RegularSRP,Status,NetPricePerUnit,ExtendedPrice,SaleSRP,RegPricePerUnit,CustomerID,PriceOrigin,QuantityOrdered,Taxable,LB flag,CW flag,CW2,CNF_RegSRP,CNF_SpcSRP,CorpCustID,CorpProdID,OrderNumber,InvoiceDate,Servings,
Detail,9006745,B,742365-208836,0208165,"1","EA","18/8 OZ","HORIZN","MILK,OG,STRWBY,RF,CLUB PK","27.39",,"13.410","13.41","27.39","15.540",54835,"M 15","1",0,"N","N",".00","","",54835,20816,7423918,9/9/2010,1,
Detail,9006745,B,753656-701264,0269878,"2","CS","2.1 OZ","THINK!","THIN BAR,CHNKY PNUT BTR","2.19",,"1.226","24.52",".00","1.226",54835,"","2",0,"N","N",".00","","",54835,26987,7423918,9/9/2010,10,
Detail,9006745,B,026938-899806,0899807,"1","","EA","","TOTES CHARGE",".00",,".000",".00",".00",".000",54835,"NO CHG","1",0,"","",".00","N","",54835,89980,7423918,9/9/2010,1,
RecType,InvNum,Type,NumGroceryItems,NumRefrigItems,NumRepackItems,NumFrozenItems,TotalPcs,TotalWt,TotalCubes,NonSpecial,Special,GrossTotal,VolDiscnt,Discount,NetTotal,TotalRetail,Deposits,Adjustments,ProfitAmnt,Profit%,InvDate,CorpCustID,OrderNumber,,,,,,,
Footer,9006745,C,"1","0","1","0","2","21",".17","24.52","13.41","37.93","0",".00","37.93","71.19",".00",".00",".00",".00",9/9/2010,54835,7423918,,,,,,,
