RecType,InvNum,Type,OrderNumber,InvoiceDate,DBA,CustomerNumber,CustomerName,CustAddr1,CustAddr2,City,State,ZipCode,PhoneNumber,Whse,Trip,Terms,D/CFlag,TermsMsg,CorpCustID,CoverSheet,OrdEntryDate,ChainCode,ApplyTo#,PO#,,,,,,
Header,8036796,A,6548107,4/13/2010,1,54835,"WHOLE FOODS COMMUNITY COO","610 EAST 4TH STREET","","DULUTH","MN","558050000","218-728-0884",8,"247",7,0,"NET 21 DAYS",54835,3537120,4/12/2010,"CMW",0,"LN2229936-03",,,,,,
RecType,InvNum,Type,UPC,ProductID,QuantityShipped,Unit,Size,Brand,Description,RegularSRP,Status,NetPricePerUnit,ExtendedPrice,SaleSRP,RegPricePerUnit,CustomerID,PriceOrigin,QuantityOrdered,Taxable,LB flag,CW flag,CW2,CNF_RegSRP,CNF_SpcSRP,CorpCustID,CorpProdID,OrderNumber,InvoiceDate,Servings,
Detail,8036796,B,051381-911324,0445544,"4","EA",".5 OZ","AURACA","ESSENTIAL OIL,PEPPERMINT","7.75",,"4.070","16.28",".00","4.070",54835,"","4",0,"N","N",".00","","",54835,44554,6548107,4/13/2010,1,
Detail,8036796,B,051381-911706,0615567,"1","EA","4 OZ","AURACA","OIL,APRICOT KERNEL","4.75",,"2.490","2.49",".00","2.490",54835,"","1",0,"N","N",".00","","",54835,61556,6548107,4/13/2010,1,
Detail,8036796,B,654749-353301,0156190,"1","EA","4 OZ","AVALON","EXFOLIATE SCRUB,LAVENDER","16.15",,"8.450","8.45",".00","8.450",54835,"","1",0,"N","N",".00","","",54835,15619,6548107,4/13/2010,1,
Detail,8036796,B,010486-007073,0251454,"6","EA","3.25 OZ","GRANPA","SOAP,OLD FASHIOND OATMEAL","3.89",,"2.040","12.24",".00","2.040",54835,"","6",0,"N","N",".00","","",54835,25145,6548107,4/13/2010,1,
Detail,8036796,B,026938-899806,0899807,"1","","EA","","TOTES CHARGE",".00",,".000",".00",".00",".000",54835,"NO CHG","1",0,"","",".00","N","",54835,89980,6548107,4/13/2010,1,
RecType,InvNum,Type,NumGroceryItems,NumRefrigItems,NumRepackItems,NumFrozenItems,TotalPcs,TotalWt,TotalCubes,NonSpecial,Special,GrossTotal,VolDiscnt,Discount,NetTotal,TotalRetail,Deposits,Adjustments,ProfitAmnt,Profit%,InvDate,CorpCustID,OrderNumber,,,,,,,
Footer,8036796,C,"0","0","1","0","1","9",".15","39.46",".00","39.46","0",".00","39.46","75.24",".00",".00",".00",".00",4/13/2010,54835,6548107,,,,,,,
