RecType,InvNum,Type,OrderNumber,InvoiceDate,DBA,CustomerNumber,CustomerName,CustAddr1,CustAddr2,City,State,ZipCode,PhoneNumber,Whse,Trip,Terms,D/CFlag,TermsMsg,CorpCustID,CoverSheet,OrdEntryDate,ChainCode,ApplyTo#,PO#,,,,,,
Header,8036799,A,6548113,4/13/2010,1,54835,"WHOLE FOODS COMMUNITY COO","610 EAST 4TH STREET","","DULUTH","MN","558050000","218-728-0884",8,"247",7,0,"NET 21 DAYS",54835,3537120,4/12/2010,"CMW",0,"LN2229936-16",,,,,,
RecType,InvNum,Type,UPC,ProductID,QuantityShipped,Unit,Size,Brand,Description,RegularSRP,Status,NetPricePerUnit,ExtendedPrice,SaleSRP,RegPricePerUnit,CustomerID,PriceOrigin,QuantityOrdered,Taxable,LB flag,CW flag,CW2,CNF_RegSRP,CNF_SpcSRP,CorpCustID,CorpProdID,OrderNumber,InvoiceDate,Servings,
Detail,8036799,B,026938-326296,0326298,"1","CS","#","BULK H","BEANS,OG,BLACK,TURTLE,USA","1.79",,".952","23.79","1.79","1.025",54835,"PRO  6","1",0,"N","N",".00","","",54835,32629,6548113,4/13/2010,25,
Detail,8036799,B,026938-626402,0626408,"1","CS","#","BULK H","BEANS,OG,KIDNEY,DARK RED","2.05",,"1.180","29.49",".00","1.180",54835,"","1",0,"N","N",".00","","",54835,62640,6548113,4/13/2010,25,
RecType,InvNum,Type,NumGroceryItems,NumRefrigItems,NumRepackItems,NumFrozenItems,TotalPcs,TotalWt,TotalCubes,NonSpecial,Special,GrossTotal,VolDiscnt,Discount,NetTotal,TotalRetail,Deposits,Adjustments,ProfitAmnt,Profit%,InvDate,CorpCustID,OrderNumber,,,,,,,
Footer,8036799,C,"2","0","0","0","2","52",".14","29.49","23.79","53.28","0",".00","53.28","96.00",".00",".00",".00",".00",4/13/2010,54835,6548113,,,,,,,
