RecType,InvNum,Type,OrderNumber,InvoiceDate,DBA,CustomerNumber,CustomerName,CustAddr1,CustAddr2,City,State,ZipCode,PhoneNumber,Whse,Trip,Terms,D/CFlag,TermsMsg,CorpCustID,CoverSheet,OrdEntryDate,ChainCode,ApplyTo#,PO#,,,,,,
Header,8036802,A,6548120,4/13/2010,1,54835,"WHOLE FOODS COMMUNITY COO","610 EAST 4TH STREET","","DULUTH","MN","558050000","218-728-0884",8,"247",7,0,"NET 21 DAYS",54835,3537120,4/12/2010,"CMW",0,"LN2229936-21",,,,,,
RecType,InvNum,Type,UPC,ProductID,QuantityShipped,Unit,Size,Brand,Description,RegularSRP,Status,NetPricePerUnit,ExtendedPrice,SaleSRP,RegPricePerUnit,CustomerID,PriceOrigin,QuantityOrdered,Taxable,LB flag,CW flag,CW2,CNF_RegSRP,CNF_SpcSRP,CorpCustID,CorpProdID,OrderNumber,InvoiceDate,Servings,
Detail,8036802,B,089836-003577,0448373,"1","EA","#","FRNTHB","BAY LEAF,OG","29.09",,"10.720","10.72",".00","10.720",54835,"","1",0,"N","N",".00","","",54835,44837,6548120,4/13/2010,1,
Detail,8036802,B,089836-021946,0448324,"1","EA","#","FRNTHB","BENTONITE CLAY POWDER","18.05",,"6.650","6.65",".00","6.650",54835,"","1",0,"N","N",".00","","",54835,44832,6548120,4/13/2010,1,
Detail,8036802,B,089836-026514,0448423,"1","EA","#","FRNTHB","CARDAMOM SEED,OG,GROUND","46.79",,"17.230","17.23",".00","17.230",54835,"","1",0,"N","N",".00","","",54835,44842,6548120,4/13/2010,1,
Detail,8036802,B,089836-025920,0448514,"2","EA","#","FRNTHB","CUMIN SEED,OG,GROUND","21.45",,"7.900","15.80",".00","7.900",54835,"","2",0,"N","N",".00","","",54835,44851,6548120,4/13/2010,1,
Detail,8036802,B,089836-026194,0448548,"1","EA","#","FRNTHB","FENNEL SEED,OG,WHOLE","14.69",,"5.400","5.40",".00","5.400",54835,"","1",0,"N","N",".00","","",54835,44854,6548120,4/13/2010,1,
Detail,8036802,B,089836-009616,0402180,"1","EA","#","FRNTHB","NETTLE LEAF,OG,C/S","22.35",,"8.230","8.23",".00","8.230",54835,"","1",0,"N","N",".00","","",54835,40218,6548120,4/13/2010,1,
Detail,8036802,B,089836-027702,0546333,"1","EA","#","FRNTHB","CHILI POWDER BLEND,OG","24.69",,"9.090","9.09",".00","9.090",54835,"","1",0,"N","N",".00","","",54835,54633,6548120,4/13/2010,1,
Detail,8036802,B,089836-001252,0379388,"1","EA","#","FRNTHB","CHILI POWDER FIESTA","14.95",,"5.490","5.49",".00","5.490",54835,"","1",0,"N","N",".00","","",54835,37938,6548120,4/13/2010,1,
Detail,8036802,B,089836-027788,0498287,"1","EA","#","FRNTHB","TACO SEASONING,OG","26.49",,"9.760","9.76",".00","9.760",54835,"","1",0,"N","N",".00","","",54835,49828,6548120,4/13/2010,1,
Detail,8036802,B,089836-010728,0551754,"1","EA","#","FRNTHB","TEA,OG,FT,DARJEELING","47.95",,"17.660","17.66",".00","17.660",54835,"","1",0,"N","N",".00","","",54835,55175,6548120,4/13/2010,1,
Detail,8036802,B,026938-899806,0899807,"1","","EA","","TOTES CHARGE",".00",,".000",".00",".00",".000",54835,"NO CHG","1",0,"","",".00","N","",54835,89980,6548120,4/13/2010,1,
RecType,InvNum,Type,NumGroceryItems,NumRefrigItems,NumRepackItems,NumFrozenItems,TotalPcs,TotalWt,TotalCubes,NonSpecial,Special,GrossTotal,VolDiscnt,Discount,NetTotal,TotalRetail,Deposits,Adjustments,ProfitAmnt,Profit%,InvDate,CorpCustID,OrderNumber,,,,,,,
Footer,8036802,C,"0","0","1","0","1","19",".22","106.03",".00","106.03","0",".00","106.03","287.95",".00",".00",".00",".00",4/13/2010,54835,6548120,,,,,,,
