RecType,InvNum,Type,OrderNumber,InvoiceDate,DBA,CustomerNumber,CustomerName,CustAddr1,CustAddr2,City,State,ZipCode,PhoneNumber,Whse,Trip,Terms,D/CFlag,TermsMsg,CorpCustID,CoverSheet,OrdEntryDate,ChainCode,ApplyTo#,PO#,,,,,,
Header,8036797,A,6548108,4/13/2010,1,54835,"WHOLE FOODS COMMUNITY COO","610 EAST 4TH STREET","","DULUTH","MN","558050000","218-728-0884",8,"247",7,0,"NET 21 DAYS",54835,3537120,4/12/2010,"CMW",0,"LN2229936-04",,,,,,
RecType,InvNum,Type,UPC,ProductID,QuantityShipped,Unit,Size,Brand,Description,RegularSRP,Status,NetPricePerUnit,ExtendedPrice,SaleSRP,RegPricePerUnit,CustomerID,PriceOrigin,QuantityOrdered,Taxable,LB flag,CW flag,CW2,CNF_RegSRP,CNF_SpcSRP,CorpCustID,CorpProdID,OrderNumber,InvoiceDate,Servings,
Detail,8036797,B,027917-002569,0641787,"12","EA","60 WAF","NTRNOW","RHINO CALCIUM,CHERRY","5.55",,"2.480","29.76",".00","2.480",54835,"","12",0,"N","N",".00","","",54835,64178,6548108,4/13/2010,1,
Detail,8036797,B,686936-190321,0931725,"3","EA","32 OZ","TAHITI","ACAI MAX,OG","42.65",,"15.710","47.13","42.65","19.170",54835,"M 20","3",0,"N","N",".00","","",54835,93172,6548108,4/13/2010,1,
Detail,8036797,B,026938-899806,0899807,"1","","EA","","TOTES CHARGE",".00",,".000",".00",".00",".000",54835,"NO CHG","1",0,"","",".00","N","",54835,89980,6548108,4/13/2010,1,
RecType,InvNum,Type,NumGroceryItems,NumRefrigItems,NumRepackItems,NumFrozenItems,TotalPcs,TotalWt,TotalCubes,NonSpecial,Special,GrossTotal,VolDiscnt,Discount,NetTotal,TotalRetail,Deposits,Adjustments,ProfitAmnt,Profit%,InvDate,CorpCustID,OrderNumber,,,,,,,
Footer,8036797,C,"0","0","1","0","1","20",".22","29.76","47.13","76.89","0",".00","76.89","194.55",".00",".00",".00",".00",4/13/2010,54835,6548108,,,,,,,
