RecType,InvNum,Type,OrderNumber,InvoiceDate,DBA,CustomerNumber,CustomerName,CustAddr1,CustAddr2,City,State,ZipCode,PhoneNumber,Whse,Trip,Terms,D/CFlag,TermsMsg,CorpCustID,CoverSheet,OrdEntryDate,ChainCode,ApplyTo#,PO#,,,,,,
Header,8036804,A,6548239,4/13/2010,1,54835,"WHOLE FOODS COMMUNITY COO","610 EAST 4TH STREET","","DULUTH","MN","558050000","218-728-0884",8,"247",7,0,"NET 21 DAYS",54835,3537120,4/12/2010,"CMW",0,"LN2229956-08",,,,,,
RecType,InvNum,Type,UPC,ProductID,QuantityShipped,Unit,Size,Brand,Description,RegularSRP,Status,NetPricePerUnit,ExtendedPrice,SaleSRP,RegPricePerUnit,CustomerID,PriceOrigin,QuantityOrdered,Taxable,LB flag,CW flag,CW2,CNF_RegSRP,CNF_SpcSRP,CorpCustID,CorpProdID,OrderNumber,InvoiceDate,Servings,
Detail,8036804,B,089125-250002,0838748,"1","CS","8 OZ","QUINOA","GF PASTA,OG,SPAGHETTI","2.65",,"1.330","15.96","2.65","1.522",54835,"M 15","1",0,"N","N",".00","","",54835,83874,6548239,4/13/2010,12,
Detail,8036804,B,070617-006054,0345520,"1","CS","14 OZ","BARB","SHREDDED OATS,CINN CRUNCH","4.69",,"2.791","33.49",".00","2.791",54835,"","1",0,"N","N",".00","","",54835,34552,6548239,4/13/2010,12,
Detail,8036804,B,041570-068274,0933986,"1","CS","32 OZ","BLUE-D","ALMOND BREEZE,ORIGINAL","2.79",,"1.588","19.05",".00","1.588",54835,"","1",0,"N","N",".00","","",54835,93398,6548239,4/13/2010,12,
Detail,8036804,B,898886-001279,0532648,"4","CS","33.8 OZ","FUNCTN","FUNCTION WATER","1.95",,"1.122","53.84",".00","1.122",54835,"","4",0,"N","N",".00","","",54835,53264,6548239,4/13/2010,12,
Detail,8036804,B,021908-509167,0825984,"1","CS","1.7 OZ","LARABR","NUTRITIONAL BAR,PBTR COOK","1.69",,".757","12.11","1.69",".953",54835,"PRO 20","1",0,"N","N",".00","","",54835,82598,6548239,4/13/2010,16,
Detail,8036804,B,024335-211160,0675306,"1","CS","16 OZ","LITTLB","CHIPS,OG,YELLOW TORT,SALT","3.79",,"1.834","22.01","3.79","2.265",54835,"PRO 20","1",0,"N","N",".00","","",54835,67530,6548239,4/13/2010,12,
Detail,8036804,B,875386-000315,0886275,"1","CS","32 OZ","LIVHAR","HEMPMILK,TEMPT,CHOCOLATE","3.89",,"1.915","22.98","3.89","2.215",54835,"M 15","1",0,"N","N",".00","","",54835,88627,6548239,4/13/2010,12,
Detail,8036804,B,093709-101000,0552562,"1","CS","7.25 OZ","PAMELA","SHORTBREAD,PECAN,WF/GF","4.05",,"2.325","13.95",".00","2.325",54835,"","1",0,"N","N",".00","","",54835,55256,6548239,4/13/2010,6,
Detail,8036804,B,025293-600843,0449256,"1","EA","18/8.25Z","SILK","SILK CHOC PRISM SOY","23.15",,"13.290","13.29",".00","13.290",54835,"","1",0,"N","N",".00","","",54835,44925,6548239,4/13/2010,1,
Detail,8036804,B,026938-899806,0899807,"1","","EA","","TOTES CHARGE",".00",,".000",".00",".00",".000",54835,"NO CHG","1",0,"","",".00","N","",54835,89980,6548239,4/13/2010,1,
RecType,InvNum,Type,NumGroceryItems,NumRefrigItems,NumRepackItems,NumFrozenItems,TotalPcs,TotalWt,TotalCubes,NonSpecial,Special,GrossTotal,VolDiscnt,Discount,NetTotal,TotalRetail,Deposits,Adjustments,ProfitAmnt,Profit%,InvDate,CorpCustID,OrderNumber,,,,,,,
Footer,8036804,C,"11","0","1","0","12","233","1.16","133.62","73.06","206.68","0",".00","206.68","381.81",".00",".00",".00",".00",4/13/2010,54835,6548239,,,,,,,
