RecType,InvNum,Type,OrderNumber,InvoiceDate,DBA,CustomerNumber,CustomerName,CustAddr1,CustAddr2,City,State,ZipCode,PhoneNumber,Whse,Trip,Terms,D/CFlag,TermsMsg,CorpCustID,CoverSheet,OrdEntryDate,ChainCode,ApplyTo#,PO#,,,,,,
Header,8036785,A,6539906,4/13/2010,1,54835,"WHOLE FOODS COMMUNITY COO","610 EAST 4TH STREET","","DULUTH","MN","558050000","218-728-0884",8,"247",7,0,"NET 21 DAYS",54835,3537120,4/9/2010,"CMW",0,"",,,,,,
RecType,InvNum,Type,UPC,ProductID,QuantityShipped,Unit,Size,Brand,Description,RegularSRP,Status,NetPricePerUnit,ExtendedPrice,SaleSRP,RegPricePerUnit,CustomerID,PriceOrigin,QuantityOrdered,Taxable,LB flag,CW flag,CW2,CNF_RegSRP,CNF_SpcSRP,CorpCustID,CorpProdID,OrderNumber,InvoiceDate,Servings,
Detail,8036785,B,051381-911324,0445544,"4","EA",".5 OZ","AURACA","ESSENTIAL OIL,PEPPERMINT","7.75",,"4.070","16.28",".00","4.070",54835,"","4",0,"N","N",".00","","",54835,44554,6539906,4/13/2010,1,
Detail,8036785,B,076314-301959,0835744,"2","EA","20 PK","ALACER","EMERGEN-C,OG,FRUIT BREEZE","17.65",,"7.200","14.40","17.65","7.920",54835,"OGD 10","2",0,"N","N",".00","","",54835,83574,6539906,4/13/2010,1,
Detail,8036785,B,027917-002569,0641787,"12","EA","60 WAF","NTRNOW","RHINO CALCIUM,CHERRY","5.55",,"2.480","29.76",".00","2.480",54835,"","12",0,"N","N",".00","","",54835,64178,6539906,4/13/2010,1,
Detail,8036785,B,026938-899806,0899807,"1","","EA","","TOTES CHARGE",".00",,".000",".00",".00",".000",54835,"NO CHG","1",0,"","",".00","N","",54835,89980,6539906,4/13/2010,1,
RecType,InvNum,Type,NumGroceryItems,NumRefrigItems,NumRepackItems,NumFrozenItems,TotalPcs,TotalWt,TotalCubes,NonSpecial,Special,GrossTotal,VolDiscnt,Discount,NetTotal,TotalRetail,Deposits,Adjustments,ProfitAmnt,Profit%,InvDate,CorpCustID,OrderNumber,,,,,,,
Footer,8036785,C,"0","0","1","0","1","12",".16","46.04","14.40","60.44","0",".00","60.44","132.90",".00",".00",".00",".00",4/13/2010,54835,6539906,,,,,,,
