RecType,InvNum,Type,OrderNumber,InvoiceDate,DBA,CustomerNumber,CustomerName,CustAddr1,CustAddr2,City,State,ZipCode,PhoneNumber,Whse,Trip,Terms,D/CFlag,TermsMsg,CorpCustID,CoverSheet,OrdEntryDate,ChainCode,ApplyTo#,PO#,,,,,,
Header,8220619,A,6712672,5/11/2010,1,54835,"WHOLE FOODS COMMUNITY COO","610 EAST 4TH STREET","","DULUTH","MN","558050000","218-728-0884",8,"247",7,0,"NET 21 DAYS",54835,3613779,5/10/2010,"CMW",0,"LN2282925-03",,,,,,
RecType,InvNum,Type,UPC,ProductID,QuantityShipped,Unit,Size,Brand,Description,RegularSRP,Status,NetPricePerUnit,ExtendedPrice,SaleSRP,RegPricePerUnit,CustomerID,PriceOrigin,QuantityOrdered,Taxable,LB flag,CW flag,CW2,CNF_RegSRP,CNF_SpcSRP,CorpCustID,CorpProdID,OrderNumber,InvoiceDate,Servings,
Detail,8220619,B,026938-462734,0462739,"1","LB","5 #","BRUNKW","CHEDDAR,COLORED","6.49",,"3.400","17.68",".00","3.400",54835,"","1",0,"N","Y","5.20","","",54835,46273,6712672,5/11/2010,1,
Detail,8220619,B,026938-462277,0462275,"1","LB","5 #","BRUNKW","CHEDDAR,YELLOW,MED","6.99",,"3.660","19.76",".00","3.660",54835,"","1",0,"N","Y","5.40","","",54835,46227,6712672,5/11/2010,1,
Detail,8220619,B,026938-463014,0463018,"1","LB","5 #","BRUNKW","MONTEREY JACK RM","6.69",,"3.500","16.80",".00","3.500",54835,"","1",0,"N","Y","4.80","","",54835,46301,6712672,5/11/2010,1,
Detail,8220619,B,026938-462437,0462432,"1","LB","5 #","BRUNKW","PEPPER JACK,JALAPENO","6.65",,"3.490","18.50",".00","3.490",54835,"","1",0,"N","Y","5.30","","",54835,46243,6712672,5/11/2010,1,
Detail,8220619,B,026938-468514,0468512,"1","CS","1 #","CEDARG","CHEDDAR,OG,MILD WHITE","9.65",,"5.046","40.37",".00","5.046",54835,"","1",0,"N","N",".00","","",54835,46851,6712672,5/11/2010,8,
Detail,8220619,B,026938-468613,0468611,"1","CS","1 #","CEDARG","FARMER,OG,RS","9.95",,"5.213","41.70",".00","5.213",54835,"","1",0,"N","N",".00","","",54835,46861,6712672,5/11/2010,8,
Detail,8220619,B,026938-468651,0468652,"1","CS","1 #","CEDARG","MONTEREY JACK,OG","9.65",,"5.046","40.37",".00","5.046",54835,"","1",0,"N","N",".00","","",54835,46865,6712672,5/11/2010,8,
Detail,8220619,B,049568-530109,0476911,"1","CS","10 OZ","FOLLOW","CHEDDAR VEGAN CHEESE","5.15",,"2.341","28.09","5.15","2.685",54835,"M 15","1",0,"N","N",".00","","",54835,47691,6712672,5/11/2010,12,
Detail,8220619,B,049568-520100,0477091,"1","CS","10 OZ","FOLLOW","MOZZARELLA VEGAN CHEESE","5.15",,"2.341","28.09","5.15","2.685",54835,"M 15","1",0,"N","N",".00","","",54835,47709,6712672,5/11/2010,12,
Detail,8220619,B,020188-050253,0327270,"1","CS","8 OZ","TOFUTI","BTR THN CRM CHESE,NON-HYD","3.85",,"1.494","17.93","3.85","1.993",54835,"PRO 25","1",0,"N","N",".00","","",54835,32727,6712672,5/11/2010,12,
Detail,8220619,B,077172-480008,0582825,"1","CS","8 OZ","WHVALY","CHEESE FOOD SLCS,OG,AMER","5.29",,"2.769","33.23",".00","2.769",54835,"","1",0,"N","N",".00","","",54835,58282,6712672,5/11/2010,12,
RecType,InvNum,Type,NumGroceryItems,NumRefrigItems,NumRepackItems,NumFrozenItems,TotalPcs,TotalWt,TotalCubes,NonSpecial,Special,GrossTotal,VolDiscnt,Discount,NetTotal,TotalRetail,Deposits,Adjustments,ProfitAmnt,Profit%,InvDate,CorpCustID,OrderNumber,,,,,,,
Footer,8220619,C,"0","11","0","0","11","75",".14","228.41","74.11","302.52","0",".00","302.52","606.14",".00",".00",".00",".00",5/11/2010,54835,6712672,,,,,,,
