RecType,InvNum,Type,OrderNumber,InvoiceDate,DBA,CustomerNumber,CustomerName,CustAddr1,CustAddr2,City,State,ZipCode,PhoneNumber,Whse,Trip,Terms,D/CFlag,TermsMsg,CorpCustID,CoverSheet,OrdEntryDate,ChainCode,ApplyTo#,PO#,,,,,,
Header,8220620,A,6712694,5/11/2010,1,54835,"WHOLE FOODS COMMUNITY COO","610 EAST 4TH STREET","","DULUTH","MN","558050000","218-728-0884",8,"247",7,0,"NET 21 DAYS",54835,3613779,5/10/2010,"CMW",0,"LN2282931-16",,,,,,
RecType,InvNum,Type,UPC,ProductID,QuantityShipped,Unit,Size,Brand,Description,RegularSRP,Status,NetPricePerUnit,ExtendedPrice,SaleSRP,RegPricePerUnit,CustomerID,PriceOrigin,QuantityOrdered,Taxable,LB flag,CW flag,CW2,CNF_RegSRP,CNF_SpcSRP,CorpCustID,CorpProdID,OrderNumber,InvoiceDate,Servings,
Detail,8220620,B,074333-458487,0112540,"2","CS","#","AM","FLOUR,OG,UNBLCHD,WHITE","1.45",,".811","40.54",".00",".811",54835,"","2",0,"N","N",".00","","",54835,11254,6712694,5/11/2010,25,
Detail,8220620,B,026938-482831,0482836,"1","CS","#","GREATR","FLOUR,OG,SPELT,WHOLE GRN","1.95",,"1.100","27.49",".00","1.100",54835,"","1",0,"N","N",".00","","",54835,48283,6712694,5/11/2010,25,
RecType,InvNum,Type,NumGroceryItems,NumRefrigItems,NumRepackItems,NumFrozenItems,TotalPcs,TotalWt,TotalCubes,NonSpecial,Special,GrossTotal,VolDiscnt,Discount,NetTotal,TotalRetail,Deposits,Adjustments,ProfitAmnt,Profit%,InvDate,CorpCustID,OrderNumber,,,,,,,
Footer,8220620,C,"3","0","0","0","3","76",".22","68.03",".00","68.03","0",".00","68.03","121.25",".00",".00",".00",".00",5/11/2010,54835,6712694,,,,,,,
