RecType,InvNum,Type,OrderNumber,InvoiceDate,DBA,CustomerNumber,CustomerName,CustAddr1,CustAddr2,City,State,ZipCode,PhoneNumber,Whse,Trip,Terms,D/CFlag,TermsMsg,CorpCustID,CoverSheet,OrdEntryDate,ChainCode,ApplyTo#,PO#,,,,,,
Header,8220606,A,6711572,5/11/2010,1,54835,"WHOLE FOODS COMMUNITY COO","610 EAST 4TH STREET","","DULUTH","MN","558050000","218-728-0884",8,"247",7,0,"NET 21 DAYS",54835,3613779,5/10/2010,"CMW",0,"LN2282760-05",,,,,,
RecType,InvNum,Type,UPC,ProductID,QuantityShipped,Unit,Size,Brand,Description,RegularSRP,Status,NetPricePerUnit,ExtendedPrice,SaleSRP,RegPricePerUnit,CustomerID,PriceOrigin,QuantityOrdered,Taxable,LB flag,CW flag,CW2,CNF_RegSRP,CNF_SpcSRP,CorpCustID,CorpProdID,OrderNumber,InvoiceDate,Servings,
Detail,8220606,B,854906-000066,0675991,"2","CS","10 OZ","BOSSA","JUICE,ORIGINAL ACAI","2.89",,"1.868","44.82","2.89","2.160",54835,"M 15","2",0,"N","N",".00","","",54835,67599,6711572,5/11/2010,12,
Detail,8220606,B,078355-570004,0859306,"1","CS","24 OZ","GREEKG","GREEK YGRT,HONEY","4.69",,"2.260","13.56","4.69","2.813",54835,"PRO 20","1",0,"N","N",".00","","",54835,85930,6711572,5/11/2010,6,
Detail,8220606,B,052159-000028,0636944,"1","CS","32 OZ","STNFLD","YOGURT,OG,WM,FRENCH VAN","4.65",,"2.208","13.25","4.65","2.778",54835,"PRO 20","1",0,"N","N",".00","","",54835,63694,6711572,5/11/2010,6,
RecType,InvNum,Type,NumGroceryItems,NumRefrigItems,NumRepackItems,NumFrozenItems,TotalPcs,TotalWt,TotalCubes,NonSpecial,Special,GrossTotal,VolDiscnt,Discount,NetTotal,TotalRetail,Deposits,Adjustments,ProfitAmnt,Profit%,InvDate,CorpCustID,OrderNumber,,,,,,,
Footer,8220606,C,"0","4","0","0","4","50",".15",".00","71.63","71.63","0",".00","71.63","125.40",".00",".00",".00",".00",5/11/2010,54835,6711572,,,,,,,
