RecType,InvNum,Type,OrderNumber,InvoiceDate,DBA,CustomerNumber,CustomerName,CustAddr1,CustAddr2,City,State,ZipCode,PhoneNumber,Whse,Trip,Terms,D/CFlag,TermsMsg,CorpCustID,CoverSheet,OrdEntryDate,ChainCode,ApplyTo#,PO#,,,,,,
Header,8220629,A,6712791,5/11/2010,1,54835,"WHOLE FOODS COMMUNITY COO","610 EAST 4TH STREET","","DULUTH","MN","558050000","218-728-0884",8,"247",7,0,"NET 21 DAYS",54835,3613779,5/10/2010,"CMW",0,"",,,,,,
RecType,InvNum,Type,UPC,ProductID,QuantityShipped,Unit,Size,Brand,Description,RegularSRP,Status,NetPricePerUnit,ExtendedPrice,SaleSRP,RegPricePerUnit,CustomerID,PriceOrigin,QuantityOrdered,Taxable,LB flag,CW flag,CW2,CNF_RegSRP,CNF_SpcSRP,CorpCustID,CorpProdID,OrderNumber,InvoiceDate,Servings,
Detail,8220629,B,088194-340010,0391839,"3","CS","6 OZ","BCWEST","WHL MLK YGRT,MAPLE","1.09",,".503","18.12","1.09",".658",54835,"PRO 25","3",0,"N","N",".00","","",54835,39183,6712791,5/11/2010,12,
Detail,8220629,B,025293-600232,0362525,"0","CS","64 OZ","SILK","SILK,OG,UNSWTND SOY MILK",".00",OUT,".000",".00",".00",".000",54835,"","1",0,"N","N",".00","","",54835,36252,6712791,5/11/2010,6,
RecType,InvNum,Type,NumGroceryItems,NumRefrigItems,NumRepackItems,NumFrozenItems,TotalPcs,TotalWt,TotalCubes,NonSpecial,Special,GrossTotal,VolDiscnt,Discount,NetTotal,TotalRetail,Deposits,Adjustments,ProfitAmnt,Profit%,InvDate,CorpCustID,OrderNumber,,,,,,,
Footer,8220629,C,"0","3","0","0","3","20",".08",".00","18.12","18.12","0",".00","18.12","39.24",".00",".00",".00",".00",5/11/2010,54835,6712791,,,,,,,
