RecType,InvNum,Type,OrderNumber,InvoiceDate,DBA,CustomerNumber,CustomerName,CustAddr1,CustAddr2,City,State,ZipCode,PhoneNumber,Whse,Trip,Terms,D/CFlag,TermsMsg,CorpCustID,CoverSheet,OrdEntryDate,ChainCode,ApplyTo#,PO#,,,,,,
Header,8220607,A,6711574,5/11/2010,1,54835,"WHOLE FOODS COMMUNITY COO","610 EAST 4TH STREET","","DULUTH","MN","558050000","218-728-0884",8,"247",7,0,"NET 21 DAYS",54835,3613779,5/10/2010,"CMW",0,"LN2282760-08",,,,,,
RecType,InvNum,Type,UPC,ProductID,QuantityShipped,Unit,Size,Brand,Description,RegularSRP,Status,NetPricePerUnit,ExtendedPrice,SaleSRP,RegPricePerUnit,CustomerID,PriceOrigin,QuantityOrdered,Taxable,LB flag,CW flag,CW2,CNF_RegSRP,CNF_SpcSRP,CorpCustID,CorpProdID,OrderNumber,InvoiceDate,Servings,
Detail,8220607,B,834183-003011,0369074,"1","CS","16 OZ","ALEXIA","FRIES,OG,CRINKLE,ON&GARLC","3.15",,"1.469","17.63","3.15","1.849",54835,"PRO 20","1",0,"N","N",".00","","",54835,36907,6711574,5/11/2010,12,
Detail,8220607,B,073472-001202,0244400,"1","CS","24 OZ","FDLIFE","BREAD,OG,EZEKIEL 4:9 SPRT","4.99",,"2.943","17.66",".00","2.943",54835,"","1",0,"N","N",".00","","",54835,24440,6711574,5/11/2010,6,
RecType,InvNum,Type,NumGroceryItems,NumRefrigItems,NumRepackItems,NumFrozenItems,TotalPcs,TotalWt,TotalCubes,NonSpecial,Special,GrossTotal,VolDiscnt,Discount,NetTotal,TotalRetail,Deposits,Adjustments,ProfitAmnt,Profit%,InvDate,CorpCustID,OrderNumber,,,,,,,
Footer,8220607,C,"0","0","0","2","2","24",".15","17.66","17.63","35.29","0",".00","35.29","67.74",".00",".00",".00",".00",5/11/2010,54835,6711574,,,,,,,
