RecType,InvNum,Type,OrderNumber,InvoiceDate,DBA,CustomerNumber,CustomerName,CustAddr1,CustAddr2,City,State,ZipCode,PhoneNumber,Whse,Trip,Terms,D/CFlag,TermsMsg,CorpCustID,CoverSheet,OrdEntryDate,ChainCode,ApplyTo#,PO#,,,,,,
Header,8796273,A,7230480,8/7/2010,1,54835,"WHOLE FDS COOP-DULUTH","610 EAST 4TH STREET","","DULUTH","MN","558050000","218-728-0884",8,"642",7,0,"NET 21 DAYS",54835,3848212,8/6/2010,"CMW",0,"LN2448724-08",,,,,,
RecType,InvNum,Type,UPC,ProductID,QuantityShipped,Unit,Size,Brand,Description,RegularSRP,Status,NetPricePerUnit,ExtendedPrice,SaleSRP,RegPricePerUnit,CustomerID,PriceOrigin,QuantityOrdered,Taxable,LB flag,CW flag,CW2,CNF_RegSRP,CNF_SpcSRP,CorpCustID,CorpProdID,OrderNumber,InvoiceDate,Servings,
Detail,8796273,B,042272-000814,0249144,"1","CS","9.5 OZ","AMY'S","ENCHILADA,OG,B/BN VEG G/F","4.15",,"2.591","31.09",".00","2.591",54835,"","1",0,"N","N",".00","","",54835,24914,7230480,8/7/2010,12,
Detail,8796273,B,749512-223506,0457515,"1","CS","8 OZ","IAN'S","CHICKEN NUGGETS,WF,GF","6.09",,"3.574","42.89",".00","3.574",54835,"","1",0,"N","N",".00","","",54835,45751,7230480,8/7/2010,12,
Detail,8796273,B,024284-381112,0417121,"1","CS","8 OZ","SNOPAC","CRANBERRIES,WHOLE","3.29",,"1.924","23.09",".00","1.924",54835,"","1",0,"N","N",".00","","",54835,41712,7230480,8/7/2010,12,
RecType,InvNum,Type,NumGroceryItems,NumRefrigItems,NumRepackItems,NumFrozenItems,TotalPcs,TotalWt,TotalCubes,NonSpecial,Special,GrossTotal,VolDiscnt,Discount,NetTotal,TotalRetail,Deposits,Adjustments,ProfitAmnt,Profit%,InvDate,CorpCustID,OrderNumber,,,,,,,
Footer,8796273,C,"0","0","0","3","3","26",".12","97.07",".00","97.07","0",".00","97.07","162.36",".00",".00",".00",".00",8/7/2010,54835,7230480,,,,,,,
