RecType,InvNum,Type,OrderNumber,InvoiceDate,DBA,CustomerNumber,CustomerName,CustAddr1,CustAddr2,City,State,ZipCode,PhoneNumber,Whse,Trip,Terms,D/CFlag,TermsMsg,CorpCustID,CoverSheet,OrdEntryDate,ChainCode,ApplyTo#,PO#,,,,,,
Header,8796272,A,7230479,8/7/2010,1,54835,"WHOLE FDS COOP-DULUTH","610 EAST 4TH STREET","","DULUTH","MN","558050000","218-728-0884",8,"642",7,0,"NET 21 DAYS",54835,3848212,8/6/2010,"CMW",0,"LN2448724-05",,,,,,
RecType,InvNum,Type,UPC,ProductID,QuantityShipped,Unit,Size,Brand,Description,RegularSRP,Status,NetPricePerUnit,ExtendedPrice,SaleSRP,RegPricePerUnit,CustomerID,PriceOrigin,QuantityOrdered,Taxable,LB flag,CW flag,CW2,CNF_RegSRP,CNF_SpcSRP,CorpCustID,CorpProdID,OrderNumber,InvoiceDate,Servings,
Detail,8796272,B,854906-000066,0675991,"2","CS","10 OZ","BOSSA","JUICE,ORIGINAL ACAI","2.55",,"1.622","38.92","2.55","1.880",54835,"M 15","2",0,"N","N",".00","","",54835,67599,7230479,8/7/2010,12,
Detail,8796272,B,088194-340607,0391870,"1","CS","32 OZ","BCWEST","WHL MLK YGRT,PLAIN","3.39",,"2.040","12.24",".00","2.040",54835,"","1",0,"N","N",".00","","",54835,39187,7230479,8/7/2010,6,
Detail,8796272,B,664372-600055,0965145,"0","CS","6 OZ","WHLSOY","YOGURT STYLE,OG,VANILLA",".00",OUT,".000",".00",".00",".000",54835,"","1",0,"N","N",".00","","",54835,96514,7230479,8/7/2010,12,
RecType,InvNum,Type,NumGroceryItems,NumRefrigItems,NumRepackItems,NumFrozenItems,TotalPcs,TotalWt,TotalCubes,NonSpecial,Special,GrossTotal,VolDiscnt,Discount,NetTotal,TotalRetail,Deposits,Adjustments,ProfitAmnt,Profit%,InvDate,CorpCustID,OrderNumber,,,,,,,
Footer,8796272,C,"0","3","0","0","3","40",".11","12.24","38.92","51.16","0",".00","51.16","81.54",".00",".00",".00",".00",8/7/2010,54835,7230479,,,,,,,
