RecType,InvNum,Type,OrderNumber,InvoiceDate,DBA,CustomerNumber,CustomerName,CustAddr1,CustAddr2,City,State,ZipCode,PhoneNumber,Whse,Trip,Terms,D/CFlag,TermsMsg,CorpCustID,CoverSheet,OrdEntryDate,ChainCode,ApplyTo#,PO#,,,,,,
Header,8796280,A,7230954,8/7/2010,1,54835,"WHOLE FDS COOP-DULUTH","610 EAST 4TH STREET","","DULUTH","MN","558050000","218-728-0884",8,"642",7,0,"NET 21 DAYS",54835,3848212,8/6/2010,"CMW",0,"LN2448773-16",,,,,,
RecType,InvNum,Type,UPC,ProductID,QuantityShipped,Unit,Size,Brand,Description,RegularSRP,Status,NetPricePerUnit,ExtendedPrice,SaleSRP,RegPricePerUnit,CustomerID,PriceOrigin,QuantityOrdered,Taxable,LB flag,CW flag,CW2,CNF_RegSRP,CNF_SpcSRP,CorpCustID,CorpProdID,OrderNumber,InvoiceDate,Servings,
Detail,8796280,B,074333-458487,0112540,"2","CS","#","AM","FLOUR,OG,UNBLCHD,WHITE","1.39",,".800","40.00",".00",".800",54835,"","2",0,"N","N",".00","","",54835,11254,7230954,8/7/2010,25,
Detail,8796280,B,026938-464912,0464917,"1","CS","#","BULK D","OATS,OG,ROLLED,REG",".99",,".568","14.21",".00",".568",54835,"","1",0,"N","N",".00","","",54835,46491,7230954,8/7/2010,25,
Detail,8796280,B,026938-483333,0483339,"1","CS","#","BULK D","WHTBERRIES,OG,HD/RD,SPRG","1.29",,".736","18.40",".00",".736",54835,"","1",0,"N","N",".00","","",54835,48333,7230954,8/7/2010,25,
Detail,8796280,B,026938-482831,0482836,"1","CS","#","GREATR","FLOUR,OG,SPELT,WHOLE GRN","1.89",,"1.085","27.12",".00","1.085",54835,"","1",0,"N","N",".00","","",54835,48283,7230954,8/7/2010,25,
Detail,8796280,B,026938-768096,0768093,"0","CS","#","WHLSOM","SUGAR,OG,FT,CANE",".00",OUT,".000",".00",".00",".000",54835,"","3",0,"N","N",".00","","",54835,76809,7230954,8/7/2010,25,
RecType,InvNum,Type,NumGroceryItems,NumRefrigItems,NumRepackItems,NumFrozenItems,TotalPcs,TotalWt,TotalCubes,NonSpecial,Special,GrossTotal,VolDiscnt,Discount,NetTotal,TotalRetail,Deposits,Adjustments,ProfitAmnt,Profit%,InvDate,CorpCustID,OrderNumber,,,,,,,
Footer,8796280,C,"5","0","0","0","5","126",".38","99.73",".00","99.73","0",".00","99.73","173.75",".00",".00",".00",".00",8/7/2010,54835,7230954,,,,,,,
