RecType,InvNum,Type,OrderNumber,InvoiceDate,DBA,CustomerNumber,CustomerName,CustAddr1,CustAddr2,City,State,ZipCode,PhoneNumber,Whse,Trip,Terms,D/CFlag,TermsMsg,CorpCustID,CoverSheet,OrdEntryDate,ChainCode,ApplyTo#,PO#,,,,,,
Header,8796282,A,7230957,8/7/2010,1,54835,"WHOLE FDS COOP-DULUTH","610 EAST 4TH STREET","","DULUTH","MN","558050000","218-728-0884",8,"642",7,0,"NET 21 DAYS",54835,3848212,8/6/2010,"CMW",0,"LN2448773-21",,,,,,
RecType,InvNum,Type,UPC,ProductID,QuantityShipped,Unit,Size,Brand,Description,RegularSRP,Status,NetPricePerUnit,ExtendedPrice,SaleSRP,RegPricePerUnit,CustomerID,PriceOrigin,QuantityOrdered,Taxable,LB flag,CW flag,CW2,CNF_RegSRP,CNF_SpcSRP,CorpCustID,CorpProdID,OrderNumber,InvoiceDate,Servings,
Detail,8796282,B,089836-028693,0546317,"1","EA","#","FRNTHB","BROTH POWDER,OG,CHCKN FLV","19.95",,"7.340","7.34",".00","7.340",54835,"","1",0,"N","N",".00","","",54835,54631,7230957,8/7/2010,1,
Detail,8796282,B,089836-026170,0448415,"1","EA","#","FRNTHB","CARDAMOM PODS,OG,WHOLE","52.35",,"19.270","19.27",".00","19.270",54835,"","1",0,"N","N",".00","","",54835,44841,7230957,8/7/2010,1,
Detail,8796282,B,089836-001146,0363788,"1","EA","#","FRNTHB","CAYENNE 90000 HU","11.45",,"4.220","4.22",".00","4.220",54835,"","1",0,"N","N",".00","","",54835,36378,7230957,8/7/2010,1,
Detail,8796282,B,089836-007957,0735621,"1","EA","#","FRNTHB","CAYENNE,OG,30000 HU","19.95",,"7.340","7.34",".00","7.340",54835,"","1",0,"N","N",".00","","",54835,73562,7230957,8/7/2010,1,
Detail,8796282,B,089836-001375,0310888,"1","EA","#","FRNTHB","CUMIN SEED,WHOLE","14.05",,"5.170","5.17",".00","5.170",54835,"","1",0,"N","N",".00","","",54835,31088,7230957,8/7/2010,1,
Detail,8796282,B,089836-026194,0448548,"1","EA","#","FRNTHB","FENNEL SEED,OG,WHOLE","14.49",,"5.340","5.34",".00","5.340",54835,"","1",0,"N","N",".00","","",54835,44854,7230957,8/7/2010,1,
Detail,8796282,B,089836-003560,0448555,"1","EA","#","FRNTHB","FENUGREEK SEED,OG,WHOLE","11.75",,"4.310","4.31",".00","4.310",54835,"","1",0,"N","N",".00","","",54835,44855,7230957,8/7/2010,1,
Detail,8796282,B,089836-009616,0402180,"1","EA","#","FRNTHB","NETTLE LEAF,OG,C/S","22.05",,"8.120","8.12",".00","8.120",54835,"","1",0,"N","N",".00","","",54835,40218,7230957,8/7/2010,1,
Detail,8796282,B,089836-003508,0298414,"1","EA","#","FRNTHB","PARSLEY LEAF FLAKES,OG","27.85",,"10.250","10.25",".00","10.250",54835,"","1",0,"N","N",".00","","",54835,29841,7230957,8/7/2010,1,
Detail,8796282,B,089836-026002,0546671,"1","EA","#","FRNTHB","PEPPER,BLACK,OG,MED,GRIND","22.05",,"8.120","8.12",".00","8.120",54835,"","1",0,"N","N",".00","","",54835,54667,7230957,8/7/2010,1,
Detail,8796282,B,089836-027702,0546333,"1","EA","#","FRNTHB","CHILI POWDER BLEND,OG","24.35",,"8.970","8.97",".00","8.970",54835,"","1",0,"N","N",".00","","",54835,54633,7230957,8/7/2010,1,
Detail,8796282,B,089836-027788,0498287,"1","EA","#","FRNTHB","TACO SEASONING,OG","26.15",,"9.630","9.63",".00","9.630",54835,"","1",0,"N","N",".00","","",54835,49828,7230957,8/7/2010,1,
Detail,8796282,B,089836-028723,0551739,"1","EA","#","FRNTHB","TEA,OG,FT,CHAI","34.85",,"12.830","12.83",".00","12.830",54835,"","1",0,"N","N",".00","","",54835,55173,7230957,8/7/2010,1,
Detail,8796282,B,089836-010780,0684514,"1","EA","#","FRNTHB","TEA,OG,FT,ENGLISH BRKFST","28.49",,"10.490","10.49",".00","10.490",54835,"","1",0,"N","N",".00","","",54835,68451,7230957,8/7/2010,1,
Detail,8796282,B,026938-899806,0899807,"1","","EA","","TOTES CHARGE",".00",,".000",".00",".00",".000",54835,"NO CHG","1",0,"","",".00","N","",54835,89980,7230957,8/7/2010,1,
Detail,8796282,B,089836-003430,0311449,"0","EA","#","FRNTHB","MUSTARD SEED,OG,YEL,WHL",".00",OUT,".000",".00",".00",".000",54835,"","1",0,"N","N",".00","","",54835,31144,7230957,8/7/2010,1,
RecType,InvNum,Type,NumGroceryItems,NumRefrigItems,NumRepackItems,NumFrozenItems,TotalPcs,TotalWt,TotalCubes,NonSpecial,Special,GrossTotal,VolDiscnt,Discount,NetTotal,TotalRetail,Deposits,Adjustments,ProfitAmnt,Profit%,InvDate,CorpCustID,OrderNumber,,,,,,,
Footer,8796282,C,"0","0","1","0","1","22",".25","121.40",".00","121.40","0",".00","121.40","329.78",".00",".00",".00",".00",8/7/2010,54835,7230957,,,,,,,
