RecType,InvNum,Type,OrderNumber,InvoiceDate,DBA,CustomerNumber,CustomerName,CustAddr1,CustAddr2,City,State,ZipCode,PhoneNumber,Whse,Trip,Terms,D/CFlag,TermsMsg,CorpCustID,CoverSheet,OrdEntryDate,ChainCode,ApplyTo#,PO#,,,,,,
Header,8796288,A,7231180,8/7/2010,1,54835,"WHOLE FDS COOP-DULUTH","610 EAST 4TH STREET","","DULUTH","MN","558050000","218-728-0884",8,"642",7,0,"NET 21 DAYS",54835,3848212,8/6/2010,"CMW",0,"LN2448816-09",,,,,,
RecType,InvNum,Type,UPC,ProductID,QuantityShipped,Unit,Size,Brand,Description,RegularSRP,Status,NetPricePerUnit,ExtendedPrice,SaleSRP,RegPricePerUnit,CustomerID,PriceOrigin,QuantityOrdered,Taxable,LB flag,CW flag,CW2,CNF_RegSRP,CNF_SpcSRP,CorpCustID,CorpProdID,OrderNumber,InvoiceDate,Servings,
Detail,8796288,B,012344-061326,0133546,"1","CS","13.2 OZ","NATLIF","DOG FOOD,CAN,LAMADERM","1.89",,"1.126","13.51",".00","1.126",54835,"","1",0,"N","N",".00","","",54835,13354,7231180,8/7/2010,12,
RecType,InvNum,Type,NumGroceryItems,NumRefrigItems,NumRepackItems,NumFrozenItems,TotalPcs,TotalWt,TotalCubes,NonSpecial,Special,GrossTotal,VolDiscnt,Discount,NetTotal,TotalRetail,Deposits,Adjustments,ProfitAmnt,Profit%,InvDate,CorpCustID,OrderNumber,,,,,,,
Footer,8796288,C,"1","0","0","0","1","12",".03","13.51",".00","13.51","0",".00","13.51","22.68",".00",".00",".00",".00",8/7/2010,54835,7231180,,,,,,,
