RecType,InvNum,Type,OrderNumber,InvoiceDate,DBA,CustomerNumber,CustomerName,CustAddr1,CustAddr2,City,State,ZipCode,PhoneNumber,Whse,Trip,Terms,D/CFlag,TermsMsg,CorpCustID,CoverSheet,OrdEntryDate,ChainCode,ApplyTo#,PO#,,,,,,
Header,8796284,A,7231052,8/7/2010,1,54835,"WHOLE FDS COOP-DULUTH","610 EAST 4TH STREET","","DULUTH","MN","558050000","218-728-0884",8,"642",7,0,"NET 21 DAYS",54835,3848212,8/6/2010,"CMW",0,"LN2448789-02",,,,,,
RecType,InvNum,Type,UPC,ProductID,QuantityShipped,Unit,Size,Brand,Description,RegularSRP,Status,NetPricePerUnit,ExtendedPrice,SaleSRP,RegPricePerUnit,CustomerID,PriceOrigin,QuantityOrdered,Taxable,LB flag,CW flag,CW2,CNF_RegSRP,CNF_SpcSRP,CorpCustID,CorpProdID,OrderNumber,InvoiceDate,Servings,
Detail,8796284,B,026938-462734,0462739,"1","LB","5 #","BRUNKW","CHEDDAR,COLORED","6.45",,"3.360","17.88",".00","3.360",54835,"","1",0,"N","Y","5.32","","",54835,46273,7231052,8/7/2010,1,
Detail,8796284,B,026938-468514,0468512,"1","CS","1 #","CEDARG","CHEDDAR,OG,MILD WHITE","9.49",,"4.980","39.84",".00","4.980",54835,"","1",0,"N","N",".00","","",54835,46851,7231052,8/7/2010,8,
Detail,8796284,B,026938-468552,0468553,"1","CS","1 #","CEDARG","COLBY,MARBLE rBGH FREE","8.15",,"4.270","34.16",".00","4.270",54835,"","1",0,"N","N",".00","","",54835,46855,7231052,8/7/2010,8,
Detail,8796284,B,045296-081326,0260877,"1","CS","8 OZ","LISANT","SOY SHREDDED CHS,MOZZAREL","4.29",,"2.245","26.94",".00","2.245",54835,"","1",0,"N","N",".00","","",54835,26087,7231052,8/7/2010,12,
Detail,8796284,B,079004-100047,0163014,"1","CS","8 OZ","MTSTRL","MOZZARELLA GOAT CHEESE","6.95",,"3.646","43.75",".00","3.646",54835,"","1",0,"N","N",".00","","",54835,16301,7231052,8/7/2010,12,
Detail,8796284,B,093966-412109,0598060,"1","CS","6 OZ","OGVAL","MILD CHEDDAR,OG,SHRED","5.65",,"2.940","35.28",".00","2.940",54835,"","1",0,"N","N",".00","","",54835,59806,7231052,8/7/2010,12,
Detail,8796284,B,093966-253702,0122705,"1","CS","8 OZ","OGVAL","MOZZARELLA,OG,PART SKIM","6.09",,"3.181","38.17",".00","3.181",54835,"","1",0,"N","N",".00","","",54835,12270,7231052,8/7/2010,12,
Detail,8796284,B,093966-000054,0602441,"1","CS","1 OZ","OGVAL","STRINGLES,OG",".85",,".437","10.49",".00",".437",54835,"","1",0,"N","N",".00","","",54835,60244,7231052,8/7/2010,24,
Detail,8796284,B,093966-002140,0728733,"1","CS","6 OZ","OGVAL","STRINGLES,OG,PART SKIM","5.99",,"3.126","37.51",".00","3.126",54835,"","1",0,"N","N",".00","","",54835,72873,7231052,8/7/2010,12,
Detail,8796284,B,077172-480008,0582825,"1","CS","8 OZ","WHVALY","CHEESE FOOD SLCS,OG,AMER","5.25",,"2.733","32.79",".00","2.733",54835,"","1",0,"N","N",".00","","",54835,58282,7231052,8/7/2010,12,
Detail,8796284,B,077172-480022,0947762,"1","CS","8 OZ","WHVALY","CHEESE FOOD SLCS,OG,MOZZ","5.25",,"2.733","32.79",".00","2.733",54835,"","1",0,"N","N",".00","","",54835,94776,7231052,8/7/2010,12,
Detail,8796284,B,026938-468491,0468496,"0","CS","1 #","CEDARG","CHEDDAR,MLD,rBGH FREE,YEL",".00",OUT,".000",".00",".00",".000",54835,"","1",0,"N","N",".00","","",54835,46849,7231052,8/7/2010,8,
RecType,InvNum,Type,NumGroceryItems,NumRefrigItems,NumRepackItems,NumFrozenItems,TotalPcs,TotalWt,TotalCubes,NonSpecial,Special,GrossTotal,VolDiscnt,Discount,NetTotal,TotalRetail,Deposits,Adjustments,ProfitAmnt,Profit%,InvDate,CorpCustID,OrderNumber,,,,,,,
Footer,8796284,C,"0","11","0","0","11","65",".21","349.60",".00","349.60","0",".00","349.60","669.47",".00",".00",".00",".00",8/7/2010,54835,7231052,,,,,,,
