RecType,InvNum,Type,OrderNumber,InvoiceDate,DBA,CustomerNumber,CustomerName,CustAddr1,CustAddr2,City,State,ZipCode,PhoneNumber,Whse,Trip,Terms,D/CFlag,TermsMsg,CorpCustID,CoverSheet,OrdEntryDate,ChainCode,ApplyTo#,PO#,,,,,,
Header,8082857,A,6589187,4/20/2010,1,54835,"WHOLE FOODS COMMUNITY COO","610 EAST 4TH STREET","","DULUTH","MN","558050000","218-728-0884",8,"247",7,0,"NET 21 DAYS",54835,3556528,4/19/2010,"CMW",0,"LN2243230-10",,,,,,
RecType,InvNum,Type,UPC,ProductID,QuantityShipped,Unit,Size,Brand,Description,RegularSRP,Status,NetPricePerUnit,ExtendedPrice,SaleSRP,RegPricePerUnit,CustomerID,PriceOrigin,QuantityOrdered,Taxable,LB flag,CW flag,CW2,CNF_RegSRP,CNF_SpcSRP,CorpCustID,CorpProdID,OrderNumber,InvoiceDate,Servings,
Detail,8082857,B,715418-024271,0337683,"2","EA","CT","GRENSP","BABY FOOD MILL","10.55",,"6.320","12.64",".00","6.320",54835,"","2",0,"N","N",".00","","",54835,33768,6589187,4/20/2010,1,
Detail,8082857,B,770009-050046,0714394,"4","EA","2 SQ YDS","IFYC","CHEESECLOTH","2.75",,"1.300","5.20","2.75","1.630",54835,"PRO 20","4",0,"N","N",".00","","",54835,71439,6589187,4/20/2010,1,
Detail,8082857,B,770009-050015,0808758,"6","EA","200 FT","IFYC","COOKING TWINE,NATURAL","2.65",,"1.240","7.44","2.65","1.560",54835,"PRO 20","6",0,"N","N",".00","","",54835,80875,6589187,4/20/2010,1,
Detail,8082857,B,760702-455569,0286773,"1","CS","10-13","MAGGIE","SOCK,CREW,COTN,OLIVE","7.09",,"3.140","9.42","7.09","3.713",54835,"PRO 15","1",0,"N","N",".00","","",54835,28677,6589187,4/20/2010,3,
Detail,8082857,B,760702-452551,0286377,"1","CS","9-11","MAGGIE","SOCK,CREW,DARKER TYE DYE","11.65",,"5.150","15.45","11.65","6.107",54835,"PRO 15","1",0,"N","N",".00","","",54835,28637,6589187,4/20/2010,3,
Detail,8082857,B,026938-899806,0899807,"1","","EA","","TOTES CHARGE",".00",,".000",".00",".00",".000",54835,"NO CHG","1",0,"","",".00","N","",54835,89980,6589187,4/20/2010,1,
Detail,8082857,B,760702-555214,0286534,"0","CS","9-11","MAGGIE","SOCK,CREW,COTN,NATURAL",".00",OUT,".000",".00",".00",".000",54835,"PRO 15","1",0,"N","N",".00","","",54835,28653,6589187,4/20/2010,3,
Detail,8082857,B,760702-455552,0286740,"0","CS","9-11","MAGGIE","SOCK,CREW,COTN,OLIVE",".00",OUT,".000",".00",".00",".000",54835,"PRO 15","1",0,"N","N",".00","","",54835,28674,6589187,4/20/2010,3,
RecType,InvNum,Type,NumGroceryItems,NumRefrigItems,NumRepackItems,NumFrozenItems,TotalPcs,TotalWt,TotalCubes,NonSpecial,Special,GrossTotal,VolDiscnt,Discount,NetTotal,TotalRetail,Deposits,Adjustments,ProfitAmnt,Profit%,InvDate,CorpCustID,OrderNumber,,,,,,,
Footer,8082857,C,"0","0","1","0","1","10",".18","12.64","37.51","50.15","0",".00","50.15","104.22",".00",".00",".00",".00",4/20/2010,54835,6589187,,,,,,,
