RecType,InvNum,Type,OrderNumber,InvoiceDate,DBA,CustomerNumber,CustomerName,CustAddr1,CustAddr2,City,State,ZipCode,PhoneNumber,Whse,Trip,Terms,D/CFlag,TermsMsg,CorpCustID,CoverSheet,OrdEntryDate,ChainCode,ApplyTo#,PO#,,,,,,
Header,8082869,A,6589481,4/20/2010,1,54835,"WHOLE FOODS COMMUNITY COO","610 EAST 4TH STREET","","DULUTH","MN","558050000","218-728-0884",8,"247",7,0,"NET 21 DAYS",54835,3556528,4/19/2010,"CMW",0,"",,,,,,
RecType,InvNum,Type,UPC,ProductID,QuantityShipped,Unit,Size,Brand,Description,RegularSRP,Status,NetPricePerUnit,ExtendedPrice,SaleSRP,RegPricePerUnit,CustomerID,PriceOrigin,QuantityOrdered,Taxable,LB flag,CW flag,CW2,CNF_RegSRP,CNF_SpcSRP,CorpCustID,CorpProdID,OrderNumber,InvoiceDate,Servings,
Detail,8082869,B,042272-000708,0188888,"1","CS","6 OZ","AMY'S","BURRITO,OG,BEANS&RICE","2.69",,"1.662","19.94",".00","1.662",54835,"","1",0,"N","N",".00","","",54835,18888,6589481,4/20/2010,12,
Footer,8082869,C,"0","0","0","1","1","6",".02","19.94",".00","19.94","0",".00","19.94","32.28",".00",".00",".00",".00",4/20/2010,54835,6589481,,,,,,,
