RecType,InvNum,Type,OrderNumber,InvoiceDate,DBA,CustomerNumber,CustomerName,CustAddr1,CustAddr2,City,State,ZipCode,PhoneNumber,Whse,Trip,Terms,D/CFlag,TermsMsg,CorpCustID,CoverSheet,OrdEntryDate,ChainCode,ApplyTo#,PO#,,,,,,
Header,8082859,A,6589190,4/20/2010,1,54835,"WHOLE FOODS COMMUNITY COO","610 EAST 4TH STREET","","DULUTH","MN","558050000","218-728-0884",8,"247",7,0,"NET 21 DAYS",54835,3556528,4/19/2010,"CMW",0,"LN2243230-21",,,,,,
RecType,InvNum,Type,UPC,ProductID,QuantityShipped,Unit,Size,Brand,Description,RegularSRP,Status,NetPricePerUnit,ExtendedPrice,SaleSRP,RegPricePerUnit,CustomerID,PriceOrigin,QuantityOrdered,Taxable,LB flag,CW flag,CW2,CNF_RegSRP,CNF_SpcSRP,CorpCustID,CorpProdID,OrderNumber,InvoiceDate,Servings,
Detail,8082859,B,089836-026095,0448498,"1","EA","#","FRNTHB","CORIANDER SEED,OG,GROUND","17.95",,"6.600","6.60",".00","6.600",54835,"","1",0,"N","N",".00","","",54835,44849,6589190,4/20/2010,1,
Detail,8082859,B,089836-003805,0546473,"1","EA","#","FRNTHB","CORIANDER SEED,OG,WHOLE","15.69",,"5.770","5.77",".00","5.770",54835,"","1",0,"N","N",".00","","",54835,54647,6589190,4/20/2010,1,
Detail,8082859,B,089836-009524,0546614,"1","EA","#","FRNTHB","MILK THISTLE SEED,OG,WHL","20.19",,"7.430","7.43",".00","7.430",54835,"","1",0,"N","N",".00","","",54835,54661,6589190,4/20/2010,1,
Detail,8082859,B,089836-003508,0298414,"1","EA","#","FRNTHB","PARSLEY LEAF FLAKES,OG","28.25",,"10.390","10.39",".00","10.390",54835,"","1",0,"N","N",".00","","",54835,29841,6589190,4/20/2010,1,
Detail,8082859,B,089836-001382,0312363,"1","EA","#","FRNTHB","CURRY POWDER,MUCHI","13.45",,"4.940","4.94",".00","4.940",54835,"","1",0,"N","N",".00","","",54835,31236,6589190,4/20/2010,1,
Detail,8082859,B,089836-010780,0684514,"1","EA","#","FRNTHB","TEA,OG,FT,ENGLISH BRKFST","28.85",,"10.630","10.63",".00","10.630",54835,"","1",0,"N","N",".00","","",54835,68451,6589190,4/20/2010,1,
Detail,8082859,B,089836-010773,0684530,"1","EA","#","FRNTHB","TEA,OG,FT,IRISH BREAKFAST","29.19",,"10.750","10.75",".00","10.750",54835,"","1",0,"N","N",".00","","",54835,68453,6589190,4/20/2010,1,
Detail,8082859,B,089836-028280,0684779,"1","EA","#","FRNTHB","TEA,OG,ROOIBOS","21.45",,"7.900","7.90",".00","7.900",54835,"","1",0,"N","N",".00","","",54835,68477,6589190,4/20/2010,1,
Detail,8082859,B,039978-005052,0265397,"1","CS","20 OZ","BOB'S","ARROWROOT STARCH,G/F","6.65",,"3.815","15.26",".00","3.815",54835,"","1",0,"N","N",".00","","",54835,26539,6589190,4/20/2010,4,
Detail,8082859,B,026938-899806,0899807,"1","","EA","","TOTES CHARGE",".00",,".000",".00",".00",".000",54835,"NO CHG","1",0,"","",".00","N","",54835,89980,6589190,4/20/2010,1,
RecType,InvNum,Type,NumGroceryItems,NumRefrigItems,NumRepackItems,NumFrozenItems,TotalPcs,TotalWt,TotalCubes,NonSpecial,Special,GrossTotal,VolDiscnt,Discount,NetTotal,TotalRetail,Deposits,Adjustments,ProfitAmnt,Profit%,InvDate,CorpCustID,OrderNumber,,,,,,,
Footer,8082859,C,"1","0","1","0","2","21",".22","79.67",".00","79.67","0",".00","79.67","201.62",".00",".00",".00",".00",4/20/2010,54835,6589190,,,,,,,
