RecType,InvNum,Type,OrderNumber,InvoiceDate,DBA,CustomerNumber,CustomerName,CustAddr1,CustAddr2,City,State,ZipCode,PhoneNumber,Whse,Trip,Terms,D/CFlag,TermsMsg,CorpCustID,CoverSheet,OrdEntryDate,ChainCode,ApplyTo#,PO#,,,,,,
Header,8082848,A,6587992,4/20/2010,1,54835,"WHOLE FOODS COMMUNITY COO","610 EAST 4TH STREET","","DULUTH","MN","558050000","218-728-0884",8,"247",7,0,"NET 21 DAYS",54835,3556528,4/19/2010,"CMW",0,"LN2243093-05",,,,,,
RecType,InvNum,Type,UPC,ProductID,QuantityShipped,Unit,Size,Brand,Description,RegularSRP,Status,NetPricePerUnit,ExtendedPrice,SaleSRP,RegPricePerUnit,CustomerID,PriceOrigin,QuantityOrdered,Taxable,LB flag,CW flag,CW2,CNF_RegSRP,CNF_SpcSRP,CorpCustID,CorpProdID,OrderNumber,InvoiceDate,Servings,
Detail,8082848,B,088194-340607,0391870,"1","CS","32 OZ","BCWEST","WHL MLK YGRT,PLAIN","3.45",,"2.067","12.40",".00","2.067",54835,"","1",0,"N","N",".00","","",54835,39187,6587992,4/20/2010,6,
Detail,8082848,B,722430-140162,0793232,"1","CS","16 OZ","GTS","KOMBUCHA,OG,MULTI-GREEN","2.95",,"2.191","26.29",".00","2.191",54835,"","1",0,"N","N",".00","","",54835,79323,6587992,4/20/2010,12,
RecType,InvNum,Type,NumGroceryItems,NumRefrigItems,NumRepackItems,NumFrozenItems,TotalPcs,TotalWt,TotalCubes,NonSpecial,Special,GrossTotal,VolDiscnt,Discount,NetTotal,TotalRetail,Deposits,Adjustments,ProfitAmnt,Profit%,InvDate,CorpCustID,OrderNumber,,,,,,,
Footer,8082848,C,"0","2","0","0","2","35",".11","38.69",".00","38.69","0",".00","38.69","56.10",".00",".00",".00",".00",4/20/2010,54835,6587992,,,,,,,
