RecType,InvNum,Type,OrderNumber,InvoiceDate,DBA,CustomerNumber,CustomerName,CustAddr1,CustAddr2,City,State,ZipCode,PhoneNumber,Whse,Trip,Terms,D/CFlag,TermsMsg,CorpCustID,CoverSheet,OrdEntryDate,ChainCode,ApplyTo#,PO#,,,,,,
Header,8082868,A,6589423,4/20/2010,1,54835,"WHOLE FOODS COMMUNITY COO","610 EAST 4TH STREET","","DULUTH","MN","558050000","218-728-0884",8,"247",7,0,"NET 21 DAYS",54835,3556528,4/19/2010,"CMW",0,"",,,,,,
RecType,InvNum,Type,UPC,ProductID,QuantityShipped,Unit,Size,Brand,Description,RegularSRP,Status,NetPricePerUnit,ExtendedPrice,SaleSRP,RegPricePerUnit,CustomerID,PriceOrigin,QuantityOrdered,Taxable,LB flag,CW flag,CW2,CNF_RegSRP,CNF_SpcSRP,CorpCustID,CorpProdID,OrderNumber,InvoiceDate,Servings,
Detail,8082868,B,898785-001127,0157883,"1","CS","16 OZ","GIVWTR","ENERGY DRINK,ACAI BLU POM","2.19",,".000",".00",".00","1.243",54835,"NO CHG","1",0,"N","N",".00","","",54835,15788,6589423,4/20/2010,12,
Detail,8082868,B,898785-001103,0158105,"1","CS","16 OZ","GIVWTR","ENERGY DRINK,MOJITO GRPFT","2.19",,".000",".00",".00","1.243",54835,"NO CHG","1",0,"N","N",".00","","",54835,15810,6589423,4/20/2010,12,
Detail,8082868,B,898785-001110,0158063,"1","CS","16 OZ","GIVWTR","ENERGY DRINK,PR APL CHRRY","2.19",,".000",".00",".00","1.243",54835,"NO CHG","1",0,"N","N",".00","","",54835,15806,6589423,4/20/2010,12,
Detail,8082868,B,089836-187444,0366757,"1","CS","1.41 OZ","SIMPOG","SEASONING MIX,OG,ENCHLADA","3.05",,"1.355","16.26","3.05","1.750",54835,"POV 25","1",0,"N","N",".00","","",54835,36675,6589423,4/20/2010,12,
Detail,8082868,B,089836-187451,0366864,"1","CS","1.13 OZ","SIMPOG","SEASONING MIX,OG,MOLE SCE","3.05",,"1.355","16.26","3.05","1.750",54835,"POV 25","1",0,"N","N",".00","","",54835,36686,6589423,4/20/2010,12,
Detail,8082868,B,076950-202955,0862920,"1","CS","16 BAG","YOGI","TEA,OG,HERBAL SKIN DETOX","4.85",,"1.518","9.11","4.85","2.768",54835,"POV 50","1",0,"N","N",".00","","",54835,86292,6589423,4/20/2010,6,
Detail,8082868,B,026938-899806,0899807,"1","","EA","","TOTES CHARGE",".00",,".000",".00",".00",".000",54835,"NO CHG","1",0,"","",".00","N","",54835,89980,6589423,4/20/2010,1,
RecType,InvNum,Type,NumGroceryItems,NumRefrigItems,NumRepackItems,NumFrozenItems,TotalPcs,TotalWt,TotalCubes,NonSpecial,Special,GrossTotal,VolDiscnt,Discount,NetTotal,TotalRetail,Deposits,Adjustments,ProfitAmnt,Profit%,InvDate,CorpCustID,OrderNumber,,,,,,,
Footer,8082868,C,"4","0","1","0","5","54",".27",".00","41.63","41.63","0",".00","41.63","181.14",".00",".00",".00",".00",4/20/2010,54835,6589423,,,,,,,
