RecType,InvNum,Type,OrderNumber,InvoiceDate,DBA,CustomerNumber,CustomerName,CustAddr1,CustAddr2,City,State,ZipCode,PhoneNumber,Whse,Trip,Terms,D/CFlag,TermsMsg,CorpCustID,CoverSheet,OrdEntryDate,ChainCode,ApplyTo#,PO#,,,,,,
Header,8703078,A,7148074,7/24/2010,1,54835,"WHOLE FDS COOP-DULUTH","610 EAST 4TH STREET","","DULUTH","MN","558050000","218-728-0884",8,"642",7,0,"NET 21 DAYS",54835,3811133,7/23/2010,"CMW",0,"LN2421983-03",,,,,,
RecType,InvNum,Type,UPC,ProductID,QuantityShipped,Unit,Size,Brand,Description,RegularSRP,Status,NetPricePerUnit,ExtendedPrice,SaleSRP,RegPricePerUnit,CustomerID,PriceOrigin,QuantityOrdered,Taxable,LB flag,CW flag,CW2,CNF_RegSRP,CNF_SpcSRP,CorpCustID,CorpProdID,OrderNumber,InvoiceDate,Servings,
Detail,8703078,B,717256-000325,0573402,"1","CS","32 OZ","BIOKLN","BAC OUT STAIN&ODOR ELIMIN","8.65",,"3.866","46.39","8.65","5.150",54835,"PRO 25","1",0,"N","N",".00","","",54835,57340,7148074,7/24/2010,12,
Detail,8703078,B,011013-200226,0571422,"4","EA","22 OZ","CITRA","CITRA-SOLV,SPRAY,VAL ORNG","4.45",,"2.660","10.64",".00","2.660",54835,"","4",0,"N","N",".00","","",54835,57142,7148074,7/24/2010,1,
Detail,8703078,B,749174-098894,0285262,"1","CS","100 OZ","EARTHF","ULTRA LIQ ECOS,FREE & CLR","13.85",,"8.270","33.08",".00","8.270",54835,"","1",0,"N","N",".00","","",54835,28526,7148074,7/24/2010,4,
Detail,8703078,B,728997-220002,0901561,"12","EA","18 OZ","ECOVR","AUTO DISHWASHING,TABLETS","6.85",,"3.250","39.00","6.85","4.080",54835,"PRO 20","12",0,"N","N",".00","","",54835,90156,7148074,7/24/2010,1,
Detail,8703078,B,728997-212007,0260208,"1","CS","32 OZ","ECOVR","NATL DISH LIQ,HERBAL","4.79",,"2.315","27.78","4.79","2.853",54835,"PRO 20","1",0,"N","N",".00","","",54835,26020,7148074,7/24/2010,12,
Detail,8703078,B,745158-902102,0798827,"1","CS","6 OZ","HALO","LIV-A-LITTLE,CHCKN&CHSE","4.65",,"2.768","16.61",".00","2.768",54835,"","1",0,"N","N",".00","","",54835,79882,7148074,7/24/2010,6,
Detail,8703078,B,012344-060206,0485821,"1","EA","20#","NATLIF","DOG FOOD,LAMADERM","29.25",,"17.500","17.50",".00","17.500",54835,"","1",0,"N","N",".00","","",54835,48582,7148074,7/24/2010,1,
Detail,8703078,B,012344-060350,0932012,"1","EA","35 #","NATLIF","DOG FOOD,LAMADERM","49.69",,"29.740","29.74",".00","29.740",54835,"","1",0,"N","N",".00","","",54835,93201,7148074,7/24/2010,1,
Detail,8703078,B,706173-020141,0990952,"1","CS","20 CT","NATVAL","STORAGE BAGS,GAL,RECLSBLE","2.09",,"1.240","14.88",".00","1.240",54835,"","1",0,"N","N",".00","","",54835,99095,7148074,7/24/2010,12,
Detail,8703078,B,757645-612050,0378893,"1","CS","12.7 OZ","NEWMAN","DOG FOOD,OG,CHICKEN,CAN","2.69",,"1.388","16.66","2.69","1.606",54835,"M 15","1",0,"N","N",".00","","",54835,37889,7148074,7/24/2010,12,
Detail,8703078,B,757645-612005,0378877,"1","CS","12.7 OZ","NEWMAN","DOG FOOD,OG,CHKN&RCE,CAN","2.69",,"1.388","16.66","2.69","1.606",54835,"M 15","1",0,"N","N",".00","","",54835,37887,7148074,7/24/2010,12,
Detail,8703078,B,732913-342082,0786269,"1","CS","70 CT","SEVNTH","BABY WIPES,TRAVEL REFILL","5.09",,"3.050","36.60",".00","3.050",54835,"","1",0,"N","N",".00","","",54835,78626,7148074,7/24/2010,12,
Detail,8703078,B,732913-137268,0644807,"3","CS","12/352CT","SEVNTH","BATH TISSUE, 2 PLY","11.89",,"7.110","85.32",".00","7.110",54835,"","3",0,"N","N",".00","","",54835,64480,7148074,7/24/2010,4,
Detail,8703078,B,732913-137039,0954057,"1","CS","500 CT","SEVNTH","BATH TISSUE,2-PLY SINGLES","1.55",,".908","43.60",".00",".908",54835,"","1",0,"N","N",".00","","",54835,95405,7148074,7/24/2010,48,
Detail,8703078,B,026938-899806,0899807,"2","","EA","","TOTES CHARGE",".00",,".000",".00",".00",".000",54835,"NO CHG","2",0,"","",".00","N","",54835,89980,7148074,7/24/2010,1,
RecType,InvNum,Type,NumGroceryItems,NumRefrigItems,NumRepackItems,NumFrozenItems,TotalPcs,TotalWt,TotalCubes,NonSpecial,Special,GrossTotal,VolDiscnt,Discount,NetTotal,TotalRetail,Deposits,Adjustments,ProfitAmnt,Profit%,InvDate,CorpCustID,OrderNumber,,,,,,,
Footer,8703078,C,"13","0","2","0","15","290","1.87","287.97","146.49","434.46","0",".00","434.46","791.32",".00",".00",".00",".00",7/24/2010,54835,7148074,,,,,,,
