RecType,InvNum,Type,OrderNumber,InvoiceDate,DBA,CustomerNumber,CustomerName,CustAddr1,CustAddr2,City,State,ZipCode,PhoneNumber,Whse,Trip,Terms,D/CFlag,TermsMsg,CorpCustID,CoverSheet,OrdEntryDate,ChainCode,ApplyTo#,PO#,,,,,,
Header,8703080,A,7148080,7/24/2010,1,54835,"WHOLE FDS COOP-DULUTH","610 EAST 4TH STREET","","DULUTH","MN","558050000","218-728-0884",8,"642",7,0,"NET 21 DAYS",54835,3811133,7/23/2010,"CMW",0,"LN2421983-09",,,,,,
RecType,InvNum,Type,UPC,ProductID,QuantityShipped,Unit,Size,Brand,Description,RegularSRP,Status,NetPricePerUnit,ExtendedPrice,SaleSRP,RegPricePerUnit,CustomerID,PriceOrigin,QuantityOrdered,Taxable,LB flag,CW flag,CW2,CNF_RegSRP,CNF_SpcSRP,CorpCustID,CorpProdID,OrderNumber,InvoiceDate,Servings,
Detail,8703080,B,728997-220002,0901561,"3","EA","18 OZ","ECOVR","AUTO DISHWASHING,TABLETS","6.85",,"3.250","9.75","6.85","4.080",54835,"PRO 20","3",0,"N","N",".00","","",54835,90156,7148080,7/24/2010,1,
Detail,8703080,B,732913-137206,0332478,"1","CS","120 CT","SEVNTH","PAPER TOWELS,NATURAL","2.99",,"1.568","47.04","2.99","1.772",54835,"PRO 10","1",0,"N","N",".00","","",54835,33247,7148080,7/24/2010,30,
Detail,8703080,B,026938-899806,0899807,"1","","EA","","TOTES CHARGE",".00",,".000",".00",".00",".000",54835,"NO CHG","1",0,"","",".00","N","",54835,89980,7148080,7/24/2010,1,
RecType,InvNum,Type,NumGroceryItems,NumRefrigItems,NumRepackItems,NumFrozenItems,TotalPcs,TotalWt,TotalCubes,NonSpecial,Special,GrossTotal,VolDiscnt,Discount,NetTotal,TotalRetail,Deposits,Adjustments,ProfitAmnt,Profit%,InvDate,CorpCustID,OrderNumber,,,,,,,
Footer,8703080,C,"1","0","1","0","2","36",".57",".00","56.79","56.79","0",".00","56.79","110.25",".00",".00",".00",".00",7/24/2010,54835,7148080,,,,,,,
