RecType,InvNum,Type,OrderNumber,InvoiceDate,DBA,CustomerNumber,CustomerName,CustAddr1,CustAddr2,City,State,ZipCode,PhoneNumber,Whse,Trip,Terms,D/CFlag,TermsMsg,CorpCustID,CoverSheet,OrdEntryDate,ChainCode,ApplyTo#,PO#,,,,,,
Header,8703076,A,7147858,7/24/2010,1,54835,"WHOLE FDS COOP-DULUTH","610 EAST 4TH STREET","","DULUTH","MN","558050000","218-728-0884",8,"642",7,0,"NET 21 DAYS",54835,3811133,7/23/2010,"CMW",0,"LN2421955-02",,,,,,
RecType,InvNum,Type,UPC,ProductID,QuantityShipped,Unit,Size,Brand,Description,RegularSRP,Status,NetPricePerUnit,ExtendedPrice,SaleSRP,RegPricePerUnit,CustomerID,PriceOrigin,QuantityOrdered,Taxable,LB flag,CW flag,CW2,CNF_RegSRP,CNF_SpcSRP,CorpCustID,CorpProdID,OrderNumber,InvoiceDate,Servings,
Detail,8703076,B,026938-462277,0462275,"1","LB","5 #","BRUNKW","CHEDDAR,YELLOW,MED","6.99",,"3.660","18.30",".00","3.660",54835,"","1",0,"N","Y","5.00","","",54835,46227,7147858,7/24/2010,1,
Detail,8703076,B,026938-462895,0462895,"1","LB","5 #","BRUNKW","CHEDDR,MILD WHITE RM","6.79",,"3.550","17.75",".00","3.550",54835,"","1",0,"N","Y","5.00","","",54835,46289,7147858,7/24/2010,1,
Detail,8703076,B,026938-463014,0463018,"1","LB","5 #","BRUNKW","MONTEREY JACK RM","6.69",,"3.500","14.28",".00","3.500",54835,"","1",0,"N","Y","4.08","","",54835,46301,7147858,7/24/2010,1,
Detail,8703076,B,026938-468514,0468512,"1","CS","1 #","CEDARG","CHEDDAR,OG,MILD WHITE","9.65",,"5.046","40.37",".00","5.046",54835,"","1",0,"N","N",".00","","",54835,46851,7147858,7/24/2010,8,
Detail,8703076,B,026938-468552,0468553,"1","CS","1 #","CEDARG","COLBY,MARBLE rBGH FREE","8.25",,"4.326","34.61",".00","4.326",54835,"","1",0,"N","N",".00","","",54835,46855,7147858,7/24/2010,8,
Detail,8703076,B,045296-191018,0260596,"1","CS","8 OZ","LISANT","ALMOND CHEESE,CHEDDAR","4.35",,"2.275","27.30",".00","2.275",54835,"","1",0,"N","N",".00","","",54835,26059,7147858,7/24/2010,12,
Detail,8703076,B,079004-100023,0493551,"1","CS","8 OZ","MTSTRL","CHEDDAR,GOAT,RAW","6.59",,"3.447","41.36",".00","3.447",54835,"","1",0,"N","N",".00","","",54835,49355,7147858,7/24/2010,12,
Detail,8703076,B,093966-211016,0431346,"1","CS","8 OZ","OGVAL","CREAM CHEESE,OG,BARS,PAST","3.95",,"2.048","24.58",".00","2.048",54835,"","1",0,"N","N",".00","","",54835,43134,7147858,7/24/2010,12,
Detail,8703076,B,093966-002119,0728790,"1","CS","4 OZ","OGVAL","CRUMBLES,OG,BLUE CHEESE","5.15",,"2.298","27.58","5.15","2.680",54835,"PRO 13","1",0,"N","N",".00","","",54835,72879,7147858,7/24/2010,12,
Detail,8703076,B,078016-123440,0797670,"1","CS","12 OZ","SOYA","MOZZARELLA STYLE","7.05",,"3.683","22.10",".00","3.683",54835,"","1",0,"N","N",".00","","",54835,79767,7147858,7/24/2010,6,
Detail,8703076,B,078016-123464,0797696,"1","CS","12 OZ","SOYA","SOYA CHEDDAR STYLE","7.05",,"3.683","22.10",".00","3.683",54835,"","1",0,"N","N",".00","","",54835,79769,7147858,7/24/2010,6,
Detail,8703076,B,026938-505998,0505990,"1","LB","7 #","SWSVAL","SWISS,GRADE A","5.05",,"2.630","13.36",".00","2.630",54835,"","1",0,"N","Y","5.08","","",54835,50599,7147858,7/24/2010,1,
Detail,8703076,B,026938-468491,0468496,"0","CS","1 #","CEDARG","CHEDDAR,MLD,rBGH FREE,YEL",".00",OUT,".000",".00",".00",".000",54835,"","1",0,"N","N",".00","","",54835,46849,7147858,7/24/2010,8,
Detail,8703076,B,026938-468712,0468710,"0","CS","1 #","CEDARG","PEPPER JACK,rBGH FREE",".00",OUT,".000",".00",".00",".000",54835,"","1",0,"N","N",".00","","",54835,46871,7147858,7/24/2010,8,
RecType,InvNum,Type,NumGroceryItems,NumRefrigItems,NumRepackItems,NumFrozenItems,TotalPcs,TotalWt,TotalCubes,NonSpecial,Special,GrossTotal,VolDiscnt,Discount,NetTotal,TotalRetail,Deposits,Adjustments,ProfitAmnt,Profit%,InvDate,CorpCustID,OrderNumber,,,,,,,
Footer,8703076,C,"0","12","0","0","12","68",".17","276.11","27.58","303.69","0",".00","303.69","590.13",".00",".00",".00",".00",7/24/2010,54835,7147858,,,,,,,
