RecType,InvNum,Type,OrderNumber,InvoiceDate,DBA,CustomerNumber,CustomerName,CustAddr1,CustAddr2,City,State,ZipCode,PhoneNumber,Whse,Trip,Terms,D/CFlag,TermsMsg,CorpCustID,CoverSheet,OrdEntryDate,ChainCode,ApplyTo#,PO#,,,,,,
Header,8703079,A,7148078,7/24/2010,1,54835,"WHOLE FDS COOP-DULUTH","610 EAST 4TH STREET","","DULUTH","MN","558050000","218-728-0884",8,"642",7,0,"NET 21 DAYS",54835,3811133,7/23/2010,"CMW",0,"LN2421983-08",,,,,,
RecType,InvNum,Type,UPC,ProductID,QuantityShipped,Unit,Size,Brand,Description,RegularSRP,Status,NetPricePerUnit,ExtendedPrice,SaleSRP,RegPricePerUnit,CustomerID,PriceOrigin,QuantityOrdered,Taxable,LB flag,CW flag,CW2,CNF_RegSRP,CNF_SpcSRP,CorpCustID,CorpProdID,OrderNumber,InvoiceDate,Servings,
Detail,8703079,B,759283-100043,0276584,"2","CS","8 OZ","BACKTO","CRACKERS,CRISPY WHEAT","3.55",,"1.915","22.98","3.55","2.033",54835,"M  7","2",0,"N","N",".00","","",54835,27658,7148078,7/24/2010,6,
Detail,8703079,B,042175-198908,0181487,"3","CS","6 PK","BLUSKY","SODA,JAMAICAN GINGER ALE","4.19",,"2.080","24.96","4.19","2.405",54835,"M 15","3",0,"N","N",".00","","",54835,18148,7148078,7/24/2010,4,
Detail,8703079,B,042175-198700,0181388,"3","CS","6 PK","BLUSKY","SODA,NATURAL ROOT BEER","4.19",,"2.080","24.96","4.19","2.405",54835,"M 15","3",0,"N","N",".00","","",54835,18138,7148078,7/24/2010,4,
Detail,8703079,B,039978-019547,0461798,"1","CS","32 OZ","BOB'S","OATS,OG,ROLLED,THICK","4.95",,"2.935","11.74",".00","2.935",54835,"","1",0,"N","N",".00","","",54835,46179,7148078,7/24/2010,4,
Detail,8703079,B,079858-612642,0473652,"1","CS","16 OZ","EAST","PNUT BTR,OG,SMTH,NS","5.39",,"2.698","32.38","5.39","3.081",54835,"M 15","1",0,"N","N",".00","","",54835,47365,7148078,7/24/2010,12,
Detail,8703079,B,852697-001323,0209080,"1","CS","4.22 OZ","HAPPYT","BABY FD,OG,BAN,PCH,MANGO","1.29",,".816","13.06",".00",".816",54835,"","1",0,"N","N",".00","","",54835,20908,7148078,7/24/2010,16,
Detail,8703079,B,852697-001286,0209312,"2","CS","4.22 OZ","HAPPYT","BABY FD,OG,SW POT,CRT,APL","1.29",,".816","26.12",".00",".816",54835,"","2",0,"N","N",".00","","",54835,20931,7148078,7/24/2010,16,
Detail,8703079,B,084253-222167,0305987,"2","CS","32 OZ","IMAGIN","RICE ENRICH VAN,NONDAIRY","3.65",,"1.642","39.40","3.65","2.092",54835,"PRO 25","2",0,"N","N",".00","","",54835,30598,7148078,7/24/2010,12,
Detail,8703079,B,018627-741008,0127878,"2","CS","15 OZ","KASHI","GOLEAN CRUNCH! CEREAL","5.35",,"2.160","51.84","5.35","3.190",54835,"PRO 33","2",0,"N","N",".00","","",54835,12787,7148078,7/24/2010,12,
Detail,8703079,B,021908-509198,0825661,"1","CS","1.7 OZ","LARABR","NUTRITIONAL BAR,COCNT CRM","1.69",,".714","11.42","1.69",".953",54835,"PRO 25","1",0,"N","N",".00","","",54835,82566,7148078,7/24/2010,16,
Detail,8703079,B,021908-509143,0825620,"1","CS","1.8 OZ","LARABR","NUTRITIONAL BAR,KEY LIME","1.69",,".714","11.42","1.69",".953",54835,"PRO 25","1",0,"N","N",".00","","",54835,82562,7148078,7/24/2010,16,
Detail,8703079,B,058449-450047,0986604,"1","CS","8/1.75OZ","NATPTH","OATMEAL POUCH,OG,APL CINN","4.09",,"2.447","14.68",".00","2.447",54835,"","1",0,"N","N",".00","","",54835,98660,7148078,7/24/2010,6,
Detail,8703079,B,058449-450030,0986802,"1","CS","8/1.75OZ","NATPTH","OATMEAL POUCH,OG,MPLE NUT","4.09",,"2.447","14.68",".00","2.447",54835,"","1",0,"N","N",".00","","",54835,98680,7148078,7/24/2010,6,
Detail,8703079,B,748239-105225,0344820,"1","CS","25.5 OZ","WALNUT","PSTA SC,OG,FF,RST GARLIC","4.99",,"2.858","34.29",".00","2.858",54835,"","1",0,"N","N",".00","","",54835,34482,7148078,7/24/2010,12,
Detail,8703079,B,026938-899806,0899807,"1","","EA","","TOTES CHARGE",".00",,".000",".00",".00",".000",54835,"NO CHG","1",0,"","",".00","N","",54835,89980,7148078,7/24/2010,1,
Detail,8703079,B,182308-000033,0711515,"0","CS","14.8 OZ","CHERRY","COOKIE MIX,CHOCOLATE CHIP",".00",OUT,".000",".00",".00",".000",54835,"","1",0,"N","N",".00","","",54835,71151,7148078,7/24/2010,6,
Detail,8703079,B,852697-001316,0208793,"0","CS","4.22 OZ","HAPPYT","BABY FD,OG,BAN,PCH,COC,PR",".00",OUT,".000",".00",".00",".000",54835,"","1",0,"N","N",".00","","",54835,20879,7148078,7/24/2010,16,
Detail,8703079,B,898999-000206,0579391,"0","CS","11.2OZ","VITACO","COCONUT WATER,PINEAPPLE",".00",OUT,".000",".00",".00",".000",54835,"M 20","1",0,"N","N",".00","","",54835,57939,7148078,7/24/2010,12,
RecType,InvNum,Type,NumGroceryItems,NumRefrigItems,NumRepackItems,NumFrozenItems,TotalPcs,TotalWt,TotalCubes,NonSpecial,Special,GrossTotal,VolDiscnt,Discount,NetTotal,TotalRetail,Deposits,Adjustments,ProfitAmnt,Profit%,InvDate,CorpCustID,OrderNumber,,,,,,,
Footer,8703079,C,"20","0","1","0","21","320","1.19","114.57","219.36","333.93","0",".00","333.93","668.60",".00",".00",".00",".00",7/24/2010,54835,7148078,,,,,,,
