RecType,InvNum,Type,OrderNumber,InvoiceDate,DBA,CustomerNumber,CustomerName,CustAddr1,CustAddr2,City,State,ZipCode,PhoneNumber,Whse,Trip,Terms,D/CFlag,TermsMsg,CorpCustID,CoverSheet,OrdEntryDate,ChainCode,ApplyTo#,PO#,,,,,,
Header,8703091,A,7148107,7/24/2010,1,54835,"WHOLE FDS COOP-DULUTH","610 EAST 4TH STREET","","DULUTH","MN","558050000","218-728-0884",8,"642",7,0,"NET 21 DAYS",54835,3811133,7/23/2010,"CMW",0,"LN2421993-21",,,,,,
RecType,InvNum,Type,UPC,ProductID,QuantityShipped,Unit,Size,Brand,Description,RegularSRP,Status,NetPricePerUnit,ExtendedPrice,SaleSRP,RegPricePerUnit,CustomerID,PriceOrigin,QuantityOrdered,Taxable,LB flag,CW flag,CW2,CNF_RegSRP,CNF_SpcSRP,CorpCustID,CorpProdID,OrderNumber,InvoiceDate,Servings,
Detail,8703091,B,089836-028693,0546317,"1","EA","#","FRNTHB","BROTH POWDER,OG,CHCKN FLV","20.19",,"7.430","7.43",".00","7.430",54835,"","1",0,"N","N",".00","","",54835,54631,7148107,7/24/2010,1,
Detail,8703091,B,089836-003805,0546473,"1","EA","#","FRNTHB","CORIANDER SEED,OG,WHOLE","15.69",,"5.770","5.77",".00","5.770",54835,"","1",0,"N","N",".00","","",54835,54647,7148107,7/24/2010,1,
Detail,8703091,B,089836-003621,0311563,"1","EA","#","FRNTHB","DILL WEED,OG,C/S","33.69",,"12.410","12.41",".00","12.410",54835,"","1",0,"N","N",".00","","",54835,31156,7148107,7/24/2010,1,
Detail,8703091,B,089836-009616,0402180,"1","EA","#","FRNTHB","NETTLE LEAF,OG,C/S","22.35",,"8.230","8.23",".00","8.230",54835,"","1",0,"N","N",".00","","",54835,40218,7148107,7/24/2010,1,
Detail,8703091,B,089836-003713,0298372,"1","EA","#","FRNTHB","ONION POWDER,OG","16.05",,"5.900","5.90",".00","5.900",54835,"","1",0,"N","N",".00","","",54835,29837,7148107,7/24/2010,1,
Detail,8703091,B,089836-001764,0397281,"1","EA","#","FRNTHB","PAPRIKA,HUNGARIAN,GROUND","18.59",,"6.850","6.85",".00","6.850",54835,"","1",0,"N","N",".00","","",54835,39728,7148107,7/24/2010,1,
Detail,8703091,B,089836-003799,0448613,"1","EA","#","FRNTHB","ROSEMARY LEAF,OG,WHOLE","15.55",,"5.730","5.73",".00","5.730",54835,"","1",0,"N","N",".00","","",54835,44861,7148107,7/24/2010,1,
Detail,8703091,B,089836-003782,0402222,"1","EA","#","FRNTHB","THYME LEAF,OG,WHOLE","26.95",,"9.930","9.93",".00","9.930",54835,"","1",0,"N","N",".00","","",54835,40222,7148107,7/24/2010,1,
Detail,8703091,B,089836-001252,0379388,"1","EA","#","FRNTHB","CHILI POWDER FIESTA","14.95",,"5.490","5.49",".00","5.490",54835,"","1",0,"N","N",".00","","",54835,37938,7148107,7/24/2010,1,
Detail,8703091,B,089836-028280,0684779,"1","EA","#","FRNTHB","TEA,OG,ROOIBOS","21.45",,"7.900","7.90",".00","7.900",54835,"","1",0,"N","N",".00","","",54835,68477,7148107,7/24/2010,1,
Detail,8703091,B,026938-899806,0899807,"1","","EA","","TOTES CHARGE",".00",,".000",".00",".00",".000",54835,"NO CHG","1",0,"","",".00","N","",54835,89980,7148107,7/24/2010,1,
Detail,8703091,B,089836-026491,0546556,"0","EA","#","FRNTHB","ITALIAN SEASONING,OG,WHL",".00",OUT,".000",".00",".00",".000",54835,"","1",0,"N","N",".00","","",54835,54655,7148107,7/24/2010,1,
RecType,InvNum,Type,NumGroceryItems,NumRefrigItems,NumRepackItems,NumFrozenItems,TotalPcs,TotalWt,TotalCubes,NonSpecial,Special,GrossTotal,VolDiscnt,Discount,NetTotal,TotalRetail,Deposits,Adjustments,ProfitAmnt,Profit%,InvDate,CorpCustID,OrderNumber,,,,,,,
Footer,8703091,C,"0","0","1","0","1","17",".22","75.64",".00","75.64","0",".00","75.64","205.46",".00",".00",".00",".00",7/24/2010,54835,7148107,,,,,,,
