RecType,InvNum,Type,OrderNumber,InvoiceDate,DBA,CustomerNumber,CustomerName,CustAddr1,CustAddr2,City,State,ZipCode,PhoneNumber,Whse,Trip,Terms,D/CFlag,TermsMsg,CorpCustID,CoverSheet,OrdEntryDate,ChainCode,ApplyTo#,PO#,,,,,,
Header,8584337,A,8584337,7/7/2010,1,54835,"WHOLE FDS COOP-DULUTH","610 EAST 4TH STREET","","DULUTH","MN","558050000","218-728-0884",8,"000",0,2,"",54835,3767671,7/7/2010,"CMW",8595328,"",,,,,,
RecType,InvNum,Type,UPC,ProductID,QuantityShipped,Unit,Size,Brand,Description,RegularSRP,Status,NetPricePerUnit,ExtendedPrice,SaleSRP,RegPricePerUnit,CustomerID,PriceOrigin,QuantityOrdered,Taxable,LB flag,CW flag,CW2,CNF_RegSRP,CNF_SpcSRP,CorpCustID,CorpProdID,OrderNumber,InvoiceDate,Servings,
Detail,8584337,B,795709-010121,0153858,"-1","CS","6 OZ","WALABY","YOGURT,OG,LF,MAPLE",".00",,".000",".00",".00",".000",54835,"","-1",0,"N","N",".00","","",54835,15385,8584337,7/7/2010,12,
Detail,8584337,B,081312-200616,0879692,"-1","CS","6 OZ","REDWD","YOGURT,GOAT,PLAIN",".00",,"1.501","-18.01",".00","1.501",54835,"","-1",0,"N","N",".00","","",54835,87969,8584337,7/7/2010,12,
Footer,8584337,C,"0","0","0","0","0","0",".00",".00",".00","-18.01","0",".00","-18.01",".00",".00",".00",".00",".00",7/7/2010,54835,8584337,,,,,,,
