RecType,InvNum,Type,OrderNumber,InvoiceDate,DBA,CustomerNumber,CustomerName,CustAddr1,CustAddr2,City,State,ZipCode,PhoneNumber,Whse,Trip,Terms,D/CFlag,TermsMsg,CorpCustID,CoverSheet,OrdEntryDate,ChainCode,ApplyTo#,PO#,,,,,,
Header,8373273,A,6849981,6/3/2010,1,54835,"WHOLE FDS COOP-DULUTH","610 EAST 4TH STREET","","DULUTH","MN","558050000","218-728-0884",8,"412",7,0,"NET 21 DAYS",54835,3676163,6/2/2010,"CMW",0,"LN2326527-08",,,,,,
RecType,InvNum,Type,UPC,ProductID,QuantityShipped,Unit,Size,Brand,Description,RegularSRP,Status,NetPricePerUnit,ExtendedPrice,SaleSRP,RegPricePerUnit,CustomerID,PriceOrigin,QuantityOrdered,Taxable,LB flag,CW flag,CW2,CNF_RegSRP,CNF_SpcSRP,CorpCustID,CorpProdID,OrderNumber,InvoiceDate,Servings,
Detail,8373273,B,042272-000708,0188888,"1","CS","6 OZ","AMY'S","BURRITO,OG,BEANS&RICE","2.69",,"1.662","19.94",".00","1.662",54835,"","1",0,"N","N",".00","","",54835,18888,6849981,6/3/2010,12,
Detail,8373273,B,021908-560014,0931642,"1","CS","10 OZ","CSCADE","CHERRIES,OG,PIT DRK SWEET","4.29",,"2.514","30.17",".00","2.514",54835,"","1",0,"N","N",".00","","",54835,93164,6849981,6/3/2010,12,
RecType,InvNum,Type,NumGroceryItems,NumRefrigItems,NumRepackItems,NumFrozenItems,TotalPcs,TotalWt,TotalCubes,NonSpecial,Special,GrossTotal,VolDiscnt,Discount,NetTotal,TotalRetail,Deposits,Adjustments,ProfitAmnt,Profit%,InvDate,CorpCustID,OrderNumber,,,,,,,
Footer,8373273,C,"0","0","0","2","2","14",".07","50.11",".00","50.11","0",".00","50.11","83.76",".00",".00",".00",".00",6/3/2010,54835,6849981,,,,,,,
