RecType,InvNum,Type,OrderNumber,InvoiceDate,DBA,CustomerNumber,CustomerName,CustAddr1,CustAddr2,City,State,ZipCode,PhoneNumber,Whse,Trip,Terms,D/CFlag,TermsMsg,CorpCustID,CoverSheet,OrdEntryDate,ChainCode,ApplyTo#,PO#,,,,,,
Header,8373283,A,6850460,6/3/2010,1,54835,"WHOLE FDS COOP-DULUTH","610 EAST 4TH STREET","","DULUTH","MN","558050000","218-728-0884",8,"412",7,0,"NET 21 DAYS",54835,3676163,6/2/2010,"CMW",0,"LN2326571-16",,,,,,
RecType,InvNum,Type,UPC,ProductID,QuantityShipped,Unit,Size,Brand,Description,RegularSRP,Status,NetPricePerUnit,ExtendedPrice,SaleSRP,RegPricePerUnit,CustomerID,PriceOrigin,QuantityOrdered,Taxable,LB flag,CW flag,CW2,CNF_RegSRP,CNF_SpcSRP,CorpCustID,CorpProdID,OrderNumber,InvoiceDate,Servings,
Detail,8373283,B,026938-464776,0464776,"2","CS","#","BULK D","OAT BRAN,OG,FINE","1.39",,".808","40.42",".00",".808",54835,"","2",0,"N","N",".00","","",54835,46477,6850460,6/3/2010,25,
Detail,8373283,B,026938-464912,0464917,"1","CS","#","BULK D","OATS,OG,ROLLED,REG",".99",,".576","14.40",".00",".576",54835,"","1",0,"N","N",".00","","",54835,46491,6850460,6/3/2010,25,
Detail,8373283,B,026938-626600,0626606,"1","CS","#","BULK H","BEANS,OG,PINTO","1.65",,".860","21.50","1.65",".925",54835,"PRO  6","1",0,"N","N",".00","","",54835,62660,6850460,6/3/2010,25,
Detail,8373283,B,011933-642250,0484576,"1","CS","#","HLAND","FLOUR,OG,GOLDEN BUFFALO","1.05",,".607","15.17",".00",".607",54835,"","1",0,"N","N",".00","","",54835,48457,6850460,6/3/2010,25,
RecType,InvNum,Type,NumGroceryItems,NumRefrigItems,NumRepackItems,NumFrozenItems,TotalPcs,TotalWt,TotalCubes,NonSpecial,Special,GrossTotal,VolDiscnt,Discount,NetTotal,TotalRetail,Deposits,Adjustments,ProfitAmnt,Profit%,InvDate,CorpCustID,OrderNumber,,,,,,,
Footer,8373283,C,"5","0","0","0","5","127",".39","69.99","21.50","91.49","0",".00","91.49","161.75",".00",".00",".00",".00",6/3/2010,54835,6850460,,,,,,,
