RecType,InvNum,Type,OrderNumber,InvoiceDate,DBA,CustomerNumber,CustomerName,CustAddr1,CustAddr2,City,State,ZipCode,PhoneNumber,Whse,Trip,Terms,D/CFlag,TermsMsg,CorpCustID,CoverSheet,OrdEntryDate,ChainCode,ApplyTo#,PO#,,,,,,
Header,8373278,A,6850454,6/3/2010,1,54835,"WHOLE FDS COOP-DULUTH","610 EAST 4TH STREET","","DULUTH","MN","558050000","218-728-0884",8,"412",7,0,"NET 21 DAYS",54835,3676163,6/2/2010,"CMW",0,"LN2326571-04",,,,,,
RecType,InvNum,Type,UPC,ProductID,QuantityShipped,Unit,Size,Brand,Description,RegularSRP,Status,NetPricePerUnit,ExtendedPrice,SaleSRP,RegPricePerUnit,CustomerID,PriceOrigin,QuantityOrdered,Taxable,LB flag,CW flag,CW2,CNF_RegSRP,CNF_SpcSRP,CorpCustID,CorpProdID,OrderNumber,InvoiceDate,Servings,
Detail,8373278,B,026395-100323,0661306,"12","EA","32 OZ","LILY","ALOE VERA GEL","10.29",,"4.620","55.44",".00","4.620",54835,"","12",0,"N","N",".00","","",54835,66130,6850454,6/3/2010,1,
Detail,8373278,B,026395-850327,0715938,"12","EA","32 OZ","LILY","WHL AV JC CONCENTRATE","24.15",,"10.870","130.44",".00","10.870",54835,"","12",0,"N","N",".00","","",54835,71593,6850454,6/3/2010,1,
Detail,8373278,B,026938-899806,0899807,"3","","EA","","TOTES CHARGE",".00",,".000",".00",".00",".000",54835,"NO CHG","3",0,"","",".00","N","",54835,89980,6850454,6/3/2010,1,
RecType,InvNum,Type,NumGroceryItems,NumRefrigItems,NumRepackItems,NumFrozenItems,TotalPcs,TotalWt,TotalCubes,NonSpecial,Special,GrossTotal,VolDiscnt,Discount,NetTotal,TotalRetail,Deposits,Adjustments,ProfitAmnt,Profit%,InvDate,CorpCustID,OrderNumber,,,,,,,
Footer,8373278,C,"0","0","3","0","3","96",".60","185.88",".00","185.88","0",".00","185.88","413.28",".00",".00",".00",".00",6/3/2010,54835,6850454,,,,,,,
