RecType,InvNum,Type,OrderNumber,InvoiceDate,DBA,CustomerNumber,CustomerName,CustAddr1,CustAddr2,City,State,ZipCode,PhoneNumber,Whse,Trip,Terms,D/CFlag,TermsMsg,CorpCustID,CoverSheet,OrdEntryDate,ChainCode,ApplyTo#,PO#,,,,,,
Header,8373276,A,6850067,6/3/2010,1,54835,"WHOLE FDS COOP-DULUTH","610 EAST 4TH STREET","","DULUTH","MN","558050000","218-728-0884",8,"412",7,0,"NET 21 DAYS",54835,3676163,6/2/2010,"CMW",0,"",,,,,,
RecType,InvNum,Type,UPC,ProductID,QuantityShipped,Unit,Size,Brand,Description,RegularSRP,Status,NetPricePerUnit,ExtendedPrice,SaleSRP,RegPricePerUnit,CustomerID,PriceOrigin,QuantityOrdered,Taxable,LB flag,CW flag,CW2,CNF_RegSRP,CNF_SpcSRP,CorpCustID,CorpProdID,OrderNumber,InvoiceDate,Servings,
Detail,8373276,B,734027-995024,0174680,"1","CS","12 OZ","GINGRP","GINGER 'GIZER","1.95",,".451","10.83","1.95","1.148",54835,"POV 85","1",0,"N","N",".00","","",54835,17468,6850067,6/3/2010,24,
Detail,8373276,B,894455-000230,0256230,"1","CS","10/1.15Z","JNB","ALMOND BTR,SQZ,MAPLE","10.75",,"3.383","20.30","10.75","6.168",54835,"POV 50","1",0,"N","N",".00","","",54835,25623,6850067,6/3/2010,6,
Detail,8373276,B,708406-317158,0902742,"1","CS","32 OZ","VRUIT","JUICE,TROPCIAL BLEND","3.39",,".763","9.16","3.39","1.988",54835,"POV 85","1",0,"N","N",".00","","",54835,90274,6850067,6/3/2010,12,
RecType,InvNum,Type,NumGroceryItems,NumRefrigItems,NumRepackItems,NumFrozenItems,TotalPcs,TotalWt,TotalCubes,NonSpecial,Special,GrossTotal,VolDiscnt,Discount,NetTotal,TotalRetail,Deposits,Adjustments,ProfitAmnt,Profit%,InvDate,CorpCustID,OrderNumber,,,,,,,
Footer,8373276,C,"3","0","0","0","3","57",".15",".00","40.29","40.29","0",".00","40.29","151.98",".00",".00",".00",".00",6/3/2010,54835,6850067,,,,,,,
