RecType,InvNum,Type,OrderNumber,InvoiceDate,DBA,CustomerNumber,CustomerName,CustAddr1,CustAddr2,City,State,ZipCode,PhoneNumber,Whse,Trip,Terms,D/CFlag,TermsMsg,CorpCustID,CoverSheet,OrdEntryDate,ChainCode,ApplyTo#,PO#,,,,,,
Header,8373275,A,6849983,6/3/2010,1,54835,"WHOLE FDS COOP-DULUTH","610 EAST 4TH STREET","","DULUTH","MN","558050000","218-728-0884",8,"412",7,0,"NET 21 DAYS",54835,3676163,6/2/2010,"CMW",0,"LN2326527-12",,,,,,
RecType,InvNum,Type,UPC,ProductID,QuantityShipped,Unit,Size,Brand,Description,RegularSRP,Status,NetPricePerUnit,ExtendedPrice,SaleSRP,RegPricePerUnit,CustomerID,PriceOrigin,QuantityOrdered,Taxable,LB flag,CW flag,CW2,CNF_RegSRP,CNF_SpcSRP,CorpCustID,CorpProdID,OrderNumber,InvoiceDate,Servings,
Detail,8373275,B,754570-252504,0917237,"1","CS","1 #","ARCTIC","POLLOCK,ALASKAN FILLETS","3.05",,"1.772","21.26",".00","1.772",54835,"","1",0,"N","N",".00","","",54835,91723,6849983,6/3/2010,12,
Detail,8373275,B,812410-000194,0553073,"0","CS","8 OZ","H&LSEA","WHITE SHRIMP,EASY PEEL",".00",OUT,".000",".00",".00",".000",54835,"","1",0,"N","N",".00","","",54835,55307,6849983,6/3/2010,6,
RecType,InvNum,Type,NumGroceryItems,NumRefrigItems,NumRepackItems,NumFrozenItems,TotalPcs,TotalWt,TotalCubes,NonSpecial,Special,GrossTotal,VolDiscnt,Discount,NetTotal,TotalRetail,Deposits,Adjustments,ProfitAmnt,Profit%,InvDate,CorpCustID,OrderNumber,,,,,,,
Footer,8373275,C,"0","0","0","1","1","12",".09","21.26",".00","21.26","0",".00","21.26","36.60",".00",".00",".00",".00",6/3/2010,54835,6849983,,,,,,,
