RecType,InvNum,Type,OrderNumber,InvoiceDate,DBA,CustomerNumber,CustomerName,CustAddr1,CustAddr2,City,State,ZipCode,PhoneNumber,Whse,Trip,Terms,D/CFlag,TermsMsg,CorpCustID,CoverSheet,OrdEntryDate,ChainCode,ApplyTo#,PO#,,,,,,
Header,8373282,A,6850459,6/3/2010,1,54835,"WHOLE FDS COOP-DULUTH","610 EAST 4TH STREET","","DULUTH","MN","558050000","218-728-0884",8,"412",7,0,"NET 21 DAYS",54835,3676163,6/2/2010,"CMW",0,"LN2326571-17",,,,,,
RecType,InvNum,Type,UPC,ProductID,QuantityShipped,Unit,Size,Brand,Description,RegularSRP,Status,NetPricePerUnit,ExtendedPrice,SaleSRP,RegPricePerUnit,CustomerID,PriceOrigin,QuantityOrdered,Taxable,LB flag,CW flag,CW2,CNF_RegSRP,CNF_SpcSRP,CorpCustID,CorpProdID,OrderNumber,InvoiceDate,Servings,
Detail,8373282,B,026938-970574,0970574,"1","CS","#","BULK F","WALNUTS,OG,HVS/PCS","10.75",,"6.004","30.02",".00","6.004",54835,"","1",0,"N","N",".00","","",54835,97057,6850459,6/3/2010,5,
Detail,8373282,B,026938-574123,0574129,"0","CS","#","BULK B","MANGO,OG,UNSWT,NO-SO2",".00",OUT,".000",".00",".00",".000",54835,"","1",0,"N","N",".00","","",54835,57412,6850459,6/3/2010,5,
RecType,InvNum,Type,NumGroceryItems,NumRefrigItems,NumRepackItems,NumFrozenItems,TotalPcs,TotalWt,TotalCubes,NonSpecial,Special,GrossTotal,VolDiscnt,Discount,NetTotal,TotalRetail,Deposits,Adjustments,ProfitAmnt,Profit%,InvDate,CorpCustID,OrderNumber,,,,,,,
Footer,8373282,C,"0","1","0","0","1","6",".03","30.02",".00","30.02","0",".00","30.02","53.75",".00",".00",".00",".00",6/3/2010,54835,6850459,,,,,,,
