RecType,InvNum,Type,OrderNumber,InvoiceDate,DBA,CustomerNumber,CustomerName,CustAddr1,CustAddr2,City,State,ZipCode,PhoneNumber,Whse,Trip,Terms,D/CFlag,TermsMsg,CorpCustID,CoverSheet,OrdEntryDate,ChainCode,ApplyTo#,PO#,,,,,,
Header,8373277,A,6850453,6/3/2010,1,54835,"WHOLE FDS COOP-DULUTH","610 EAST 4TH STREET","","DULUTH","MN","558050000","218-728-0884",8,"412",7,0,"NET 21 DAYS",54835,3676163,6/2/2010,"CMW",0,"LN2326571-03",,,,,,
RecType,InvNum,Type,UPC,ProductID,QuantityShipped,Unit,Size,Brand,Description,RegularSRP,Status,NetPricePerUnit,ExtendedPrice,SaleSRP,RegPricePerUnit,CustomerID,PriceOrigin,QuantityOrdered,Taxable,LB flag,CW flag,CW2,CNF_RegSRP,CNF_SpcSRP,CorpCustID,CorpProdID,OrderNumber,InvoiceDate,Servings,
Detail,8373277,B,661176-010066,0108274,"3","EA","KIT","NATINT","HAIR COLOR,8N,WHT GERM BL","17.05",,"6.930","20.79","17.05","8.950",54835,"M 25","3",0,"N","N",".00","","",54835,10827,6850453,6/3/2010,1,
Detail,8373277,B,026938-899806,0899807,"1","","EA","","TOTES CHARGE",".00",,".000",".00",".00",".000",54835,"NO CHG","1",0,"","",".00","N","",54835,89980,6850453,6/3/2010,1,
Detail,8373277,B,718334-220697,0936864,"0","CS",".31 OZ","DESERT","BLEMISH TOUCH STICK",".00",OUT,".000",".00",".00",".000",54835,"","2",0,"N","N",".00","","",54835,93686,6850453,6/3/2010,6,
Detail,8373277,B,718334-221113,0583369,"0","EA","32 OZ","DESERT","THOROUGHLY CLEAN FACE",".00",OUT,".000",".00",".00",".000",54835,"","1",0,"N","N",".00","","",54835,58336,6850453,6/3/2010,1,
RecType,InvNum,Type,NumGroceryItems,NumRefrigItems,NumRepackItems,NumFrozenItems,TotalPcs,TotalWt,TotalCubes,NonSpecial,Special,GrossTotal,VolDiscnt,Discount,NetTotal,TotalRetail,Deposits,Adjustments,ProfitAmnt,Profit%,InvDate,CorpCustID,OrderNumber,,,,,,,
Footer,8373277,C,"0","0","1","0","1","7",".15",".00","20.79","20.79","0",".00","20.79","51.15",".00",".00",".00",".00",6/3/2010,54835,6850453,,,,,,,
