RecType,InvNum,Type,OrderNumber,InvoiceDate,DBA,CustomerNumber,CustomerName,CustAddr1,CustAddr2,City,State,ZipCode,PhoneNumber,Whse,Trip,Terms,D/CFlag,TermsMsg,CorpCustID,CoverSheet,OrdEntryDate,ChainCode,ApplyTo#,PO#,,,,,,
Header,8612039,A,7066600,7/10/2010,1,54835,"WHOLE FDS COOP-DULUTH","610 EAST 4TH STREET","","DULUTH","MN","558050000","218-728-0884",8,"642",7,0,"NET 21 DAYS",54835,3774437,7/9/2010,"CMW",0,"LN2395750-21",,,,,,
RecType,InvNum,Type,UPC,ProductID,QuantityShipped,Unit,Size,Brand,Description,RegularSRP,Status,NetPricePerUnit,ExtendedPrice,SaleSRP,RegPricePerUnit,CustomerID,PriceOrigin,QuantityOrdered,Taxable,LB flag,CW flag,CW2,CNF_RegSRP,CNF_SpcSRP,CorpCustID,CorpProdID,OrderNumber,InvoiceDate,Servings,
Detail,8612039,B,089836-003553,0116301,"1","EA","#","FRNTHB","BASIL LEAF,OG,SWEET,C/S","25.95",,"9.550","9.55",".00","9.550",54835,"","1",0,"N","N",".00","","",54835,11630,7066600,7/10/2010,1,
Detail,8612039,B,089836-026507,0478271,"1","EA","#","FRNTHB","CURRY POWDER,OG","19.75",,"7.270","7.27",".00","7.270",54835,"","1",0,"N","N",".00","","",54835,47827,7066600,7/10/2010,1,
Detail,8612039,B,089836-027047,0448357,"1","EA","#","FRNTHB","KELP POWDER,OG","11.15",,"4.110","4.11",".00","4.110",54835,"","1",0,"N","N",".00","","",54835,44835,7066600,7/10/2010,1,
Detail,8612039,B,089836-005946,0311928,"1","EA","#","FRNTHB","LAVENDER FLOWERS WHOLE","31.45",,"11.580","11.58",".00","11.580",54835,"","1",0,"N","N",".00","","",54835,31192,7066600,7/10/2010,1,
Detail,8612039,B,089836-026002,0546671,"1","EA","#","FRNTHB","PEPPER,BLACK,OG,MED,GRIND","22.35",,"8.230","8.23",".00","8.230",54835,"","1",0,"N","N",".00","","",54835,54667,7066600,7/10/2010,1,
Detail,8612039,B,089836-008633,0791673,"1","EA","#","FRNTHB","PSYLLIUM SD HUSK,OG,WHOLE","21.45",,"7.900","7.90",".00","7.900",54835,"","1",0,"N","N",".00","","",54835,79167,7066600,7/10/2010,1,
Detail,8612039,B,089836-003331,0491464,"1","CS","#","FRNTHB","SEA SALT,COARSE","2.19",,"1.272","6.36",".00","1.272",54835,"","1",0,"N","N",".00","","",54835,49146,7066600,7/10/2010,5,
Detail,8612039,B,089836-010780,0684514,"1","EA","#","FRNTHB","TEA,OG,FT,ENGLISH BRKFST","28.85",,"10.630","10.63",".00","10.630",54835,"","1",0,"N","N",".00","","",54835,68451,7066600,7/10/2010,1,
Detail,8612039,B,026938-899806,0899807,"1","","EA","","TOTES CHARGE",".00",,".000",".00",".00",".000",54835,"NO CHG","1",0,"","",".00","N","",54835,89980,7066600,7/10/2010,1,
Detail,8612039,B,089836-026491,0546556,"0","EA","#","FRNTHB","ITALIAN SEASONING,OG,WHL",".00",OUT,".000",".00",".00",".000",54835,"","1",0,"N","N",".00","","",54835,54655,7066600,7/10/2010,1,
RecType,InvNum,Type,NumGroceryItems,NumRefrigItems,NumRepackItems,NumFrozenItems,TotalPcs,TotalWt,TotalCubes,NonSpecial,Special,GrossTotal,VolDiscnt,Discount,NetTotal,TotalRetail,Deposits,Adjustments,ProfitAmnt,Profit%,InvDate,CorpCustID,OrderNumber,,,,,,,
Footer,8612039,C,"0","0","1","0","1","19",".19","65.63",".00","65.63","0",".00","65.63","171.90",".00",".00",".00",".00",7/10/2010,54835,7066600,,,,,,,
