RecType,InvNum,Type,OrderNumber,InvoiceDate,DBA,CustomerNumber,CustomerName,CustAddr1,CustAddr2,City,State,ZipCode,PhoneNumber,Whse,Trip,Terms,D/CFlag,TermsMsg,CorpCustID,CoverSheet,OrdEntryDate,ChainCode,ApplyTo#,PO#,,,,,,
Header,8612022,A,7065241,7/10/2010,1,54835,"WHOLE FDS COOP-DULUTH","610 EAST 4TH STREET","","DULUTH","MN","558050000","218-728-0884",8,"642",7,0,"NET 21 DAYS",54835,3774437,7/9/2010,"CMW",0,"LN2395666-12",,,,,,
RecType,InvNum,Type,UPC,ProductID,QuantityShipped,Unit,Size,Brand,Description,RegularSRP,Status,NetPricePerUnit,ExtendedPrice,SaleSRP,RegPricePerUnit,CustomerID,PriceOrigin,QuantityOrdered,Taxable,LB flag,CW flag,CW2,CNF_RegSRP,CNF_SpcSRP,CorpCustID,CorpProdID,OrderNumber,InvoiceDate,Servings,
Detail,8612022,B,025317-120005,0608687,"1","CS","8 OZ","APLEGT","BACON,TURKEY SLICED,ANTIB","4.29",,"2.523","30.28",".00","2.523",54835,"","1",0,"N","N",".00","","",54835,60868,7065241,7/10/2010,12,
Detail,8612022,B,025317-530002,0274159,"1","CS","12 OZ","APLEGT","HOT DOG,BEEF,ANTIBTC FREE","4.85",,"2.477","29.72","4.85","2.852",54835,"M 15","1",0,"N","N",".00","","",54835,27415,7065241,7/10/2010,12,
Detail,8612022,B,025317-005968,0818419,"1","CS","8 OZ","APLEGT","SAUSAGE,CHKN/MPL ABF RTE","5.99",,"3.523","42.27",".00","3.523",54835,"","1",0,"N","N",".00","","",54835,81841,7065241,7/10/2010,12,
Detail,8612022,B,048481-009839,0274605,"1","CS","12 OZ","SHLTON","TURKEY ITALIAN SAUSAGE","5.75",,"3.380","20.28",".00","3.380",54835,"","1",0,"N","N",".00","","",54835,27460,7065241,7/10/2010,6,
Detail,8612022,B,048481-009907,0511089,"0","CS","12 OZ","SHLTON","TURKEY FRANKS,SMOKED",".00",OUT,".000",".00",".00",".000",54835,"M 15","4",0,"N","N",".00","","",54835,51108,7065241,7/10/2010,6,
RecType,InvNum,Type,NumGroceryItems,NumRefrigItems,NumRepackItems,NumFrozenItems,TotalPcs,TotalWt,TotalCubes,NonSpecial,Special,GrossTotal,VolDiscnt,Discount,NetTotal,TotalRetail,Deposits,Adjustments,ProfitAmnt,Profit%,InvDate,CorpCustID,OrderNumber,,,,,,,
Footer,8612022,C,"0","0","0","4","4","29",".13","92.83","29.72","122.55","0",".00","122.55","216.06",".00",".00",".00",".00",7/10/2010,54835,7065241,,,,,,,
