RecType,InvNum,Type,OrderNumber,InvoiceDate,DBA,CustomerNumber,CustomerName,CustAddr1,CustAddr2,City,State,ZipCode,PhoneNumber,Whse,Trip,Terms,D/CFlag,TermsMsg,CorpCustID,CoverSheet,OrdEntryDate,ChainCode,ApplyTo#,PO#,,,,,,
Header,8612021,A,7065240,7/10/2010,1,54835,"WHOLE FDS COOP-DULUTH","610 EAST 4TH STREET","","DULUTH","MN","558050000","218-728-0884",8,"642",7,0,"NET 21 DAYS",54835,3774437,7/9/2010,"CMW",0,"LN2395666-08",,,,,,
RecType,InvNum,Type,UPC,ProductID,QuantityShipped,Unit,Size,Brand,Description,RegularSRP,Status,NetPricePerUnit,ExtendedPrice,SaleSRP,RegPricePerUnit,CustomerID,PriceOrigin,QuantityOrdered,Taxable,LB flag,CW flag,CW2,CNF_RegSRP,CNF_SpcSRP,CorpCustID,CorpProdID,OrderNumber,InvoiceDate,Servings,
Detail,8612021,B,042272-001606,0175778,"2","CS","9.5 OZ","AMY'S","BOWL,OG,TERIYAKI","4.85",,"2.997","71.92",".00","2.997",54835,"","2",0,"N","N",".00","","",54835,17577,7065240,7/10/2010,12,
Detail,8612021,B,042272-000814,0249144,"2","CS","9.5 OZ","AMY'S","ENCHILADA,OG,B/BN VEG G/F","4.25",,"2.625","63.00",".00","2.625",54835,"","2",0,"N","N",".00","","",54835,24914,7065240,7/10/2010,12,
Detail,8612021,B,749512-223506,0457515,"1","CS","8 OZ","IAN'S","CHICKEN NUGGETS,WF,GF","6.15",,"3.622","43.46",".00","3.622",54835,"","1",0,"N","N",".00","","",54835,45751,7065240,7/10/2010,12,
RecType,InvNum,Type,NumGroceryItems,NumRefrigItems,NumRepackItems,NumFrozenItems,TotalPcs,TotalWt,TotalCubes,NonSpecial,Special,GrossTotal,VolDiscnt,Discount,NetTotal,TotalRetail,Deposits,Adjustments,ProfitAmnt,Profit%,InvDate,CorpCustID,OrderNumber,,,,,,,
Footer,8612021,C,"0","0","0","5","5","47",".30","178.38",".00","178.38","0",".00","178.38","292.20",".00",".00",".00",".00",7/10/2010,54835,7065240,,,,,,,
