RecType,InvNum,Type,OrderNumber,InvoiceDate,DBA,CustomerNumber,CustomerName,CustAddr1,CustAddr2,City,State,ZipCode,PhoneNumber,Whse,Trip,Terms,D/CFlag,TermsMsg,CorpCustID,CoverSheet,OrdEntryDate,ChainCode,ApplyTo#,PO#,,,,,,
Header,9038042,A,7450058,9/14/2010,1,54835,"WHOLE FDS COOP-DULUTH","610 EAST 4TH STREET","","DULUTH","MN","558050000","218-728-0884",8,"247",7,0,"NET 21 DAYS",54835,3945554,9/13/2010,"CMW",0,"LN2530441-08",,,,,,
RecType,InvNum,Type,UPC,ProductID,QuantityShipped,Unit,Size,Brand,Description,RegularSRP,Status,NetPricePerUnit,ExtendedPrice,SaleSRP,RegPricePerUnit,CustomerID,PriceOrigin,QuantityOrdered,Taxable,LB flag,CW flag,CW2,CNF_RegSRP,CNF_SpcSRP,CorpCustID,CorpProdID,OrderNumber,InvoiceDate,Servings,
Detail,9038042,B,072609-741851,0798439,"5","CS","48 OZ","ALDENS","ICE CREAM,OG,VANILLA BEAN","6.25",,"3.640","54.60",".00","3.640",54835,"","5",0,"N","N",".00","","",54835,79843,7450058,9/14/2010,3,
Detail,9038042,B,073472-001677,0654129,"1","CS","24 OZ","FDLIFE","BREAD,WF&GF RAISIN PECAN","6.29",,"3.645","21.87",".00","3.645",54835,"","1",0,"N","N",".00","","",54835,65412,7450058,9/14/2010,6,
Detail,9038042,B,053423-000096,0491662,"1","CS","22 OZ","FRENCH","BREAD,OG,YF,DF,BROWN RICE","6.35",,"3.690","22.14",".00","3.690",54835,"","1",0,"N","N",".00","","",54835,49166,7450058,9/14/2010,6,
RecType,InvNum,Type,NumGroceryItems,NumRefrigItems,NumRepackItems,NumFrozenItems,TotalPcs,TotalWt,TotalCubes,NonSpecial,Special,GrossTotal,VolDiscnt,Discount,NetTotal,TotalRetail,Deposits,Adjustments,ProfitAmnt,Profit%,InvDate,CorpCustID,OrderNumber,,,,,,,
Footer,9038042,C,"0","0","0","7","7","49",".60","98.61",".00","98.61","0",".00","98.61","169.59",".00",".00",".00",".00",9/14/2010,54835,7450058,,,,,,,
