RecType,InvNum,Type,OrderNumber,InvoiceDate,DBA,CustomerNumber,CustomerName,CustAddr1,CustAddr2,City,State,ZipCode,PhoneNumber,Whse,Trip,Terms,D/CFlag,TermsMsg,CorpCustID,CoverSheet,OrdEntryDate,ChainCode,ApplyTo#,PO#,,,,,,
Header,9038063,A,7451426,9/14/2010,1,54835,"WHOLE FDS COOP-DULUTH","610 EAST 4TH STREET","","DULUTH","MN","558050000","218-728-0884",8,"247",7,0,"NET 21 DAYS",54835,3945554,9/13/2010,"CMW",0,"LN2530604-21",,,,,,
RecType,InvNum,Type,UPC,ProductID,QuantityShipped,Unit,Size,Brand,Description,RegularSRP,Status,NetPricePerUnit,ExtendedPrice,SaleSRP,RegPricePerUnit,CustomerID,PriceOrigin,QuantityOrdered,Taxable,LB flag,CW flag,CW2,CNF_RegSRP,CNF_SpcSRP,CorpCustID,CorpProdID,OrderNumber,InvoiceDate,Servings,
Detail,9038063,B,089836-025920,0448514,"2","EA","#","FRNTHB","CUMIN SEED,OG,GROUND","21.35",,"7.790","15.58",".00","7.790",54835,"","2",0,"N","N",".00","","",54835,44851,7451426,9/14/2010,1,
Detail,9038063,B,089836-003331,0491464,"1","CS","#","FRNTHB","SEA SALT,COARSE","2.19",,"1.254","6.27",".00","1.254",54835,"","1",0,"N","N",".00","","",54835,49146,7451426,9/14/2010,5,
Detail,9038063,B,089836-027702,0546333,"1","EA","#","FRNTHB","CHILI POWDER BLEND,OG","24.59",,"8.970","8.97",".00","8.970",54835,"","1",0,"N","N",".00","","",54835,54633,7451426,9/14/2010,1,
Detail,9038063,B,089836-001252,0379388,"1","EA","#","FRNTHB","CHILI POWDER FIESTA","14.85",,"5.410","5.41",".00","5.410",54835,"","1",0,"N","N",".00","","",54835,37938,7451426,9/14/2010,1,
Detail,9038063,B,026938-899806,0899807,"1","","EA","","TOTES CHARGE",".00",,".000",".00",".00",".000",54835,"NO CHG","1",0,"","",".00","N","",54835,89980,7451426,9/14/2010,1,
Detail,9038063,B,089836-003430,0311449,"0","EA","#","FRNTHB","MUSTARD SEED,OG,YEL,WHL",".00",OUT,".000",".00",".00",".000",54835,"","1",0,"N","N",".00","","",54835,31144,7451426,9/14/2010,1,
Detail,9038063,B,089836-029881,0740407,"0","EA","#","FRNTHB","PAPRIKA,OG,SMOKED",".00",OUT,".000",".00",".00",".000",54835,"","1",0,"N","N",".00","","",54835,74040,7451426,9/14/2010,1,
RecType,InvNum,Type,NumGroceryItems,NumRefrigItems,NumRepackItems,NumFrozenItems,TotalPcs,TotalWt,TotalCubes,NonSpecial,Special,GrossTotal,VolDiscnt,Discount,NetTotal,TotalRetail,Deposits,Adjustments,ProfitAmnt,Profit%,InvDate,CorpCustID,OrderNumber,,,,,,,
Footer,9038063,C,"0","0","1","0","1","16",".17","36.23",".00","36.23","0",".00","36.23","93.09",".00",".00",".00",".00",9/14/2010,54835,7451426,,,,,,,
