RecType,InvNum,Type,OrderNumber,InvoiceDate,DBA,CustomerNumber,CustomerName,CustAddr1,CustAddr2,City,State,ZipCode,PhoneNumber,Whse,Trip,Terms,D/CFlag,TermsMsg,CorpCustID,CoverSheet,OrdEntryDate,ChainCode,ApplyTo#,PO#,,,,,,
Header,9038054,A,7451417,9/14/2010,1,54835,"WHOLE FDS COOP-DULUTH","610 EAST 4TH STREET","","DULUTH","MN","558050000","218-728-0884",8,"247",7,0,"NET 21 DAYS",54835,3945554,9/13/2010,"CMW",0,"LN2530604-03",,,,,,
RecType,InvNum,Type,UPC,ProductID,QuantityShipped,Unit,Size,Brand,Description,RegularSRP,Status,NetPricePerUnit,ExtendedPrice,SaleSRP,RegPricePerUnit,CustomerID,PriceOrigin,QuantityOrdered,Taxable,LB flag,CW flag,CW2,CNF_RegSRP,CNF_SpcSRP,CorpCustID,CorpProdID,OrderNumber,InvoiceDate,Servings,
Detail,9038054,B,079565-000992,0759407,"1","CS","75 GM","CHNDRK","CHANDRIKA BAR SOAP","1.15",,".579","5.79",".00",".579",54835,"","1",0,"N","N",".00","","",54835,75940,7451417,9/14/2010,10,
Detail,9038054,B,054986-000363,0748525,"1","EA","5 OZ","EARTHS","ALMOND-ALOE MOIST SPF-15","9.49",,"4.900","4.90",".00","4.900",54835,"","1",0,"N","N",".00","","",54835,74852,7451417,9/14/2010,1,
Detail,9038054,B,026938-899806,0899807,"1","","EA","","TOTES CHARGE",".00",,".000",".00",".00",".000",54835,"NO CHG","1",0,"","",".00","N","",54835,89980,7451417,9/14/2010,1,
RecType,InvNum,Type,NumGroceryItems,NumRefrigItems,NumRepackItems,NumFrozenItems,TotalPcs,TotalWt,TotalCubes,NonSpecial,Special,GrossTotal,VolDiscnt,Discount,NetTotal,TotalRetail,Deposits,Adjustments,ProfitAmnt,Profit%,InvDate,CorpCustID,OrderNumber,,,,,,,
Footer,9038054,C,"0","0","1","0","1","9",".14","10.69",".00","10.69","0",".00","10.69","20.99",".00",".00",".00",".00",9/14/2010,54835,7451417,,,,,,,
