RecType,InvNum,Type,OrderNumber,InvoiceDate,DBA,CustomerNumber,CustomerName,CustAddr1,CustAddr2,City,State,ZipCode,PhoneNumber,Whse,Trip,Terms,D/CFlag,TermsMsg,CorpCustID,CoverSheet,OrdEntryDate,ChainCode,ApplyTo#,PO#,,,,,,
Header,9038044,A,7450060,9/14/2010,1,54835,"WHOLE FDS COOP-DULUTH","610 EAST 4TH STREET","","DULUTH","MN","558050000","218-728-0884",8,"247",7,0,"NET 21 DAYS",54835,3945554,9/13/2010,"CMW",0,"LN2530441-12",,,,,,
RecType,InvNum,Type,UPC,ProductID,QuantityShipped,Unit,Size,Brand,Description,RegularSRP,Status,NetPricePerUnit,ExtendedPrice,SaleSRP,RegPricePerUnit,CustomerID,PriceOrigin,QuantityOrdered,Taxable,LB flag,CW flag,CW2,CNF_RegSRP,CNF_SpcSRP,CorpCustID,CorpProdID,OrderNumber,InvoiceDate,Servings,
Detail,9038044,B,025317-120005,0608687,"1","CS","8 OZ","APLEGT","BACON,TURKEY SLICED,ANTIB","4.29",,"2.491","29.89",".00","2.491",54835,"","1",0,"N","N",".00","","",54835,60868,7450060,9/14/2010,12,
Detail,9038044,B,025317-530002,0274159,"1","CS","12 OZ","APLEGT","HOT DOG,BEEF,ANTIBTC FREE","4.85",,"2.815","33.78",".00","2.815",54835,"","1",0,"N","N",".00","","",54835,27415,7450060,9/14/2010,12,
RecType,InvNum,Type,NumGroceryItems,NumRefrigItems,NumRepackItems,NumFrozenItems,TotalPcs,TotalWt,TotalCubes,NonSpecial,Special,GrossTotal,VolDiscnt,Discount,NetTotal,TotalRetail,Deposits,Adjustments,ProfitAmnt,Profit%,InvDate,CorpCustID,OrderNumber,,,,,,,
Footer,9038044,C,"0","0","0","2","2","17",".08","63.67",".00","63.67","0",".00","63.67","109.68",".00",".00",".00",".00",9/14/2010,54835,7450060,,,,,,,
