RecType,InvNum,Type,OrderNumber,InvoiceDate,DBA,CustomerNumber,CustomerName,CustAddr1,CustAddr2,City,State,ZipCode,PhoneNumber,Whse,Trip,Terms,D/CFlag,TermsMsg,CorpCustID,CoverSheet,OrdEntryDate,ChainCode,ApplyTo#,PO#,,,,,,
Header,9038051,A,7451388,9/14/2010,1,54835,"WHOLE FDS COOP-DULUTH","610 EAST 4TH STREET","","DULUTH","MN","558050000","218-728-0884",8,"247",7,0,"NET 21 DAYS",54835,3945554,9/13/2010,"CMW",0,"LN2530587-08",,,,,,
RecType,InvNum,Type,UPC,ProductID,QuantityShipped,Unit,Size,Brand,Description,RegularSRP,Status,NetPricePerUnit,ExtendedPrice,SaleSRP,RegPricePerUnit,CustomerID,PriceOrigin,QuantityOrdered,Taxable,LB flag,CW flag,CW2,CNF_RegSRP,CNF_SpcSRP,CorpCustID,CorpProdID,OrderNumber,InvoiceDate,Servings,
Detail,9038051,B,041648-078303,0442665,"3","EA","22.4 OZ","BTRTHN","BTM,SOY VANILLA","14.05",,"7.970","23.91",".00","7.970",54835,"","3",0,"N","N",".00","","",54835,44266,7451388,9/14/2010,1,
Detail,9038051,B,041570-068366,0933994,"1","CS","32 OZ","BLUE-D","ALMOND BREEZE,VANILLA","2.79",,"1.567","18.80",".00","1.567",54835,"","1",0,"N","N",".00","","",54835,93399,7451388,9/14/2010,12,
Detail,9038051,B,039631-000448,0436121,"3","CS","3.5 OZ","EDWARD","BROWN RCE SNAPS,OG,VEGTBL","3.85",,"1.882","67.74","3.85","2.181",54835,"M 15","3",0,"N","N",".00","","",54835,43612,7451388,9/14/2010,12,
Detail,9038051,B,042563-600907,0580001,"1","CS","15 OZ","FIELDY","PEAS,OG,SWEET","1.85",,"1.007","12.08",".00","1.019",54835,"PRO  0","1",0,"N","N",".00","","",54835,58000,7451388,9/14/2010,12,
Detail,9038051,B,073472-002575,0447193,"2","CS","16 OZ","FDLIFE","CRL,OG,EZEKIEL 4:9,CN RSN","6.25",,"3.228","38.74","6.25","3.705",54835,"M 15","2",0,"N","N",".00","","",54835,44719,7451388,9/14/2010,6,
Detail,9038051,B,073472-002568,0447185,"1","CS","16 OZ","FDLIFE","CRL,OG,EZEKIEL 4:9,GL FLX","5.79",,"2.987","17.92","5.79","3.425",54835,"M 15","1",0,"N","N",".00","","",54835,44718,7451388,9/14/2010,6,
Detail,9038051,B,632432-911601,0693242,"1","CS","16 OZ","GUYAKI","RTD,OG,PURE MIND","2.55",,"1.443","17.31",".00","1.443",54835,"","1",0,"N","N",".00","","",54835,69324,7451388,9/14/2010,12,
Detail,9038051,B,085693-107007,0294363,"3","CS","4.25 OZ","SESMRK","RICE THINS,ORIGINAL","2.95",,"1.665","59.94",".00","1.665",54835,"","3",0,"N","N",".00","","",54835,29436,7451388,9/14/2010,12,
Detail,9038051,B,085693-101005,0258830,"3","CS","7 OZ","SESMRK","SESAME THINS,ORIGINAL","2.85",,"1.613","58.05",".00","1.613",54835,"","3",0,"N","N",".00","","",54835,25883,7451388,9/14/2010,12,
Detail,9038051,B,891475-001025,0842930,"2","CS","2.75 OZ","SURFS","GUMMY WORMS,OG","1.95",,".870","20.88","1.95","1.093",54835,"PRO 20","2",0,"N","N",".00","","",54835,84293,7451388,9/14/2010,12,
Detail,9038051,B,891475-001056,0842997,"2","CS","2.75 OZ","SURFS","JELLY BEANS,OG","1.95",,".870","20.88","1.95","1.093",54835,"PRO 20","2",0,"N","N",".00","","",54835,84299,7451388,9/14/2010,12,
Detail,9038051,B,026938-899806,0899807,"1","","EA","","TOTES CHARGE",".00",,".000",".00",".00",".000",54835,"NO CHG","1",0,"","",".00","N","",54835,89980,7451388,9/14/2010,1,
Detail,9038051,B,852697-001316,0208793,"0","CS","4.22 OZ","HAPPYT","BABY FD,OG,BAN,PCH,COC,PR",".00",OUT,".000",".00",".00",".000",54835,"","1",0,"N","N",".00","","",54835,20879,7451388,9/14/2010,16,
RecType,InvNum,Type,NumGroceryItems,NumRefrigItems,NumRepackItems,NumFrozenItems,TotalPcs,TotalWt,TotalCubes,NonSpecial,Special,GrossTotal,VolDiscnt,Discount,NetTotal,TotalRetail,Deposits,Adjustments,ProfitAmnt,Profit%,InvDate,CorpCustID,OrderNumber,,,,,,,
Footer,9038051,C,"19","0","1","0","20","152",".89","190.09","166.16","356.25","0",".00","356.25","679.17",".00",".00",".00",".00",9/14/2010,54835,7451388,,,,,,,
