RecType,InvNum,Type,OrderNumber,InvoiceDate,DBA,CustomerNumber,CustomerName,CustAddr1,CustAddr2,City,State,ZipCode,PhoneNumber,Whse,Trip,Terms,D/CFlag,TermsMsg,CorpCustID,CoverSheet,OrdEntryDate,ChainCode,ApplyTo#,PO#,,,,,,
Header,9038057,A,7451420,9/14/2010,1,54835,"WHOLE FDS COOP-DULUTH","610 EAST 4TH STREET","","DULUTH","MN","558050000","218-728-0884",8,"247",7,0,"NET 21 DAYS",54835,3945554,9/13/2010,"CMW",0,"LN2530604-16",,,,,,
RecType,InvNum,Type,UPC,ProductID,QuantityShipped,Unit,Size,Brand,Description,RegularSRP,Status,NetPricePerUnit,ExtendedPrice,SaleSRP,RegPricePerUnit,CustomerID,PriceOrigin,QuantityOrdered,Taxable,LB flag,CW flag,CW2,CNF_RegSRP,CNF_SpcSRP,CorpCustID,CorpProdID,OrderNumber,InvoiceDate,Servings,
Detail,9038057,B,037249-511011,0625806,"1","CS","#","BULK D","OATS,OG,ROLLED,REGULAR",".99",,".547","27.33",".00",".547",54835,"","1",0,"N","N",".00","","",54835,62580,7451420,9/14/2010,50,
Detail,9038057,B,026938-551322,0551325,"1","CS","#","GIUSTO","FLOUR,OG,BAKERS CHOICE",".99",,".569","28.45",".00",".569",54835,"","1",0,"N","N",".00","","",54835,55132,7451420,9/14/2010,50,
RecType,InvNum,Type,NumGroceryItems,NumRefrigItems,NumRepackItems,NumFrozenItems,TotalPcs,TotalWt,TotalCubes,NonSpecial,Special,GrossTotal,VolDiscnt,Discount,NetTotal,TotalRetail,Deposits,Adjustments,ProfitAmnt,Profit%,InvDate,CorpCustID,OrderNumber,,,,,,,
Footer,9038057,C,"2","0","0","0","2","101",".36","55.78",".00","55.78","0",".00","55.78","99.00",".00",".00",".00",".00",9/14/2010,54835,7451420,,,,,,,
