RecType,InvNum,Type,OrderNumber,InvoiceDate,DBA,CustomerNumber,CustomerName,CustAddr1,CustAddr2,City,State,ZipCode,PhoneNumber,Whse,Trip,Terms,D/CFlag,TermsMsg,CorpCustID,CoverSheet,OrdEntryDate,ChainCode,ApplyTo#,PO#,,,,,,
Header,8963118,A,7383299,9/2/2010,1,54835,"WHOLE FDS COOP-DULUTH","610 EAST 4TH STREET","","DULUTH","MN","558050000","218-728-0884",8,"412",7,0,"NET 21 DAYS",54835,3915576,9/1/2010,"CMW",0,"LN2510298-09",,,,,,
RecType,InvNum,Type,UPC,ProductID,QuantityShipped,Unit,Size,Brand,Description,RegularSRP,Status,NetPricePerUnit,ExtendedPrice,SaleSRP,RegPricePerUnit,CustomerID,PriceOrigin,QuantityOrdered,Taxable,LB flag,CW flag,CW2,CNF_RegSRP,CNF_SpcSRP,CorpCustID,CorpProdID,OrderNumber,InvoiceDate,Servings,
Detail,8963118,B,745158-300533,0550483,"1","CS","3 OZ","HALO","SPOTS STEW CAT,LAMB","1.15",,".667","8.00",".00",".667",54835,"","1",0,"N","N",".00","","",54835,55048,7383299,9/2/2010,12,
Detail,8963118,B,745158-300519,0550459,"1","CS","3 OZ","HALO","SPOTS STEW CAT,SALMON","1.15",,".667","8.00",".00",".667",54835,"","1",0,"N","N",".00","","",54835,55045,7383299,9/2/2010,12,
Detail,8963118,B,085835-050017,0533810,"1","CS","4 #","WYSONG","CAT FOOD,VITALITY","10.75",,"6.423","25.69",".00","6.423",54835,"","1",0,"N","N",".00","","",54835,53381,7383299,9/2/2010,4,
Detail,8963118,B,745158-300618,0360487,"0","CS","3.5 OZ","HALO","SPOT STW CAT,SM,S#0550459",".00",OUT,".000",".00",".00",".000",54835,"","1",0,"N","N",".00","","",54835,36048,7383299,9/2/2010,12,
RecType,InvNum,Type,NumGroceryItems,NumRefrigItems,NumRepackItems,NumFrozenItems,TotalPcs,TotalWt,TotalCubes,NonSpecial,Special,GrossTotal,VolDiscnt,Discount,NetTotal,TotalRetail,Deposits,Adjustments,ProfitAmnt,Profit%,InvDate,CorpCustID,OrderNumber,,,,,,,
Footer,8963118,C,"3","0","0","0","3","24",".09","41.69",".00","41.69","0",".00","41.69","70.60",".00",".00",".00",".00",9/2/2010,54835,7383299,,,,,,,
