RecType,InvNum,Type,OrderNumber,InvoiceDate,DBA,CustomerNumber,CustomerName,CustAddr1,CustAddr2,City,State,ZipCode,PhoneNumber,Whse,Trip,Terms,D/CFlag,TermsMsg,CorpCustID,CoverSheet,OrdEntryDate,ChainCode,ApplyTo#,PO#,,,,,,
Header,8963104,A,7382706,9/2/2010,1,54835,"WHOLE FDS COOP-DULUTH","610 EAST 4TH STREET","","DULUTH","MN","558050000","218-728-0884",8,"412",7,0,"NET 21 DAYS",54835,3915576,9/1/2010,"CMW",0,"LN2510214-02",,,,,,
RecType,InvNum,Type,UPC,ProductID,QuantityShipped,Unit,Size,Brand,Description,RegularSRP,Status,NetPricePerUnit,ExtendedPrice,SaleSRP,RegPricePerUnit,CustomerID,PriceOrigin,QuantityOrdered,Taxable,LB flag,CW flag,CW2,CNF_RegSRP,CNF_SpcSRP,CorpCustID,CorpProdID,OrderNumber,InvoiceDate,Servings,
Detail,8963104,B,026938-468491,0468496,"1","CS","1 #","CEDARG","CHEDDAR,MLD,rBGH FREE,YEL","8.15",,"4.270","34.16",".00","4.270",54835,"","1",0,"N","N",".00","","",54835,46849,7382706,9/2/2010,8,
Detail,8963104,B,026938-468514,0468512,"1","CS","1 #","CEDARG","CHEDDAR,OG,MILD WHITE","9.49",,"4.980","39.84",".00","4.980",54835,"","1",0,"N","N",".00","","",54835,46851,7382706,9/2/2010,8,
Detail,8963104,B,093966-211016,0431346,"1","CS","8 OZ","OGVAL","CREAM CHEESE,OG,BARS,PAST","3.85",,"2.022","24.26",".00","2.022",54835,"","1",0,"N","N",".00","","",54835,43134,7382706,9/2/2010,12,
Detail,8963104,B,093966-213010,0391789,"1","CS","8 OZ","OGVAL","FETA,OG (COW MILK)","6.09",,"3.181","38.17",".00","3.181",54835,"","1",0,"N","N",".00","","",54835,39178,7382706,9/2/2010,12,
Detail,8963104,B,093966-213508,0151043,"1","CS","8 OZ","OGVAL","MUENSTER,OG,RED RIND","6.09",,"3.181","38.17",".00","3.181",54835,"","1",0,"N","N",".00","","",54835,15104,7382706,9/2/2010,12,
Detail,8963104,B,093966-221015,0431361,"1","CS","8 OZ","OGVAL","NEUFCHATEL,OG,BARS,PAST","3.85",,"2.022","24.26",".00","2.022",54835,"","1",0,"N","N",".00","","",54835,43136,7382706,9/2/2010,12,
Detail,8963104,B,093966-000054,0602441,"2","CS","1 OZ","OGVAL","STRINGLES,OG",".85",,".437","20.98",".00",".437",54835,"","2",0,"N","N",".00","","",54835,60244,7382706,9/2/2010,24,
Detail,8963104,B,093966-002140,0728733,"1","CS","6 OZ","OGVAL","STRINGLES,OG,PART SKIM","5.99",,"2.631","31.57","5.99","3.126",54835,"PRO 15","1",0,"N","N",".00","","",54835,72873,7382706,9/2/2010,12,
Detail,8963104,B,093966-002164,0728782,"1","CS","6 OZ","OGVAL","STRINGLES,OG,PST,CLBY JCK","5.99",,"2.631","31.57","5.99","3.126",54835,"PRO 15","1",0,"N","N",".00","","",54835,72878,7382706,9/2/2010,12,
Detail,8963104,B,037983-000154,0797621,"1","CS","8 OZ","RELLA","VEGANRELLA,CHEDDAR","3.95",,"2.062","12.37",".00","2.062",54835,"","1",0,"N","N",".00","","",54835,79762,7382706,9/2/2010,6,
Detail,8963104,B,026938-505998,0505990,"1","LB","7 #","SWSVAL","SWISS,GRADE A","5.15",,"2.680","18.76",".00","2.680",54835,"","1",0,"N","Y","7.00","","",54835,50599,7382706,9/2/2010,1,
RecType,InvNum,Type,NumGroceryItems,NumRefrigItems,NumRepackItems,NumFrozenItems,TotalPcs,TotalWt,TotalCubes,NonSpecial,Special,GrossTotal,VolDiscnt,Discount,NetTotal,TotalRetail,Deposits,Adjustments,ProfitAmnt,Profit%,InvDate,CorpCustID,OrderNumber,,,,,,,
Footer,8963104,C,"0","12","0","0","12","65",".20","250.97","63.14","314.11","0",".00","314.11","623.99",".00",".00",".00",".00",9/2/2010,54835,7382706,,,,,,,
