RecType,InvNum,Type,OrderNumber,InvoiceDate,DBA,CustomerNumber,CustomerName,CustAddr1,CustAddr2,City,State,ZipCode,PhoneNumber,Whse,Trip,Terms,D/CFlag,TermsMsg,CorpCustID,CoverSheet,OrdEntryDate,ChainCode,ApplyTo#,PO#,,,,,,
Header,8963101,A,7382640,9/2/2010,1,54835,"WHOLE FDS COOP-DULUTH","610 EAST 4TH STREET","","DULUTH","MN","558050000","218-728-0884",8,"412",7,0,"NET 21 DAYS",54835,3915576,9/1/2010,"CMW",0,"LN2510209-12",,,,,,
RecType,InvNum,Type,UPC,ProductID,QuantityShipped,Unit,Size,Brand,Description,RegularSRP,Status,NetPricePerUnit,ExtendedPrice,SaleSRP,RegPricePerUnit,CustomerID,PriceOrigin,QuantityOrdered,Taxable,LB flag,CW flag,CW2,CNF_RegSRP,CNF_SpcSRP,CorpCustID,CorpProdID,OrderNumber,InvoiceDate,Servings,
Detail,8963101,B,025317-530002,0274159,"1","CS","12 OZ","APLEGT","HOT DOG,BEEF,ANTIBTC FREE","4.79",,"2.815","33.78",".00","2.815",54835,"","1",0,"N","N",".00","","",54835,27415,7382640,9/2/2010,12,
Detail,8963101,B,025317-105958,0155473,"1","CS","8 OZ","APLEGT","SAUSAGE,CHKN/APL ABF RTE","5.95",,"3.477","41.72",".00","3.477",54835,"","1",0,"N","N",".00","","",54835,15547,7382640,9/2/2010,12,
Detail,8963101,B,025317-005968,0818419,"1","CS","8 OZ","APLEGT","SAUSAGE,CHKN/MPL ABF RTE","5.95",,"3.477","41.72",".00","3.477",54835,"","1",0,"N","N",".00","","",54835,81841,7382640,9/2/2010,12,
Detail,8963101,B,048481-009938,0759100,"1","CS","12 OZ","SHLTON","CHICKEN FRANKS","3.79",,"1.943","11.66","3.79","2.222",54835,"M 15","1",0,"N","N",".00","","",54835,75910,7382640,9/2/2010,6,
Detail,8963101,B,048481-009914,0273003,"1","CS","12 OZ","SHLTON","TURKEY FRANKS","3.79",,"2.222","13.33",".00","2.222",54835,"","1",0,"N","N",".00","","",54835,27300,7382640,9/2/2010,6,
RecType,InvNum,Type,NumGroceryItems,NumRefrigItems,NumRepackItems,NumFrozenItems,TotalPcs,TotalWt,TotalCubes,NonSpecial,Special,GrossTotal,VolDiscnt,Discount,NetTotal,TotalRetail,Deposits,Adjustments,ProfitAmnt,Profit%,InvDate,CorpCustID,OrderNumber,,,,,,,
Footer,8963101,C,"0","0","0","5","5","31",".12","130.55","11.66","142.21","0",".00","142.21","245.76",".00",".00",".00",".00",9/2/2010,54835,7382640,,,,,,,
