RecType,InvNum,Type,OrderNumber,InvoiceDate,DBA,CustomerNumber,CustomerName,CustAddr1,CustAddr2,City,State,ZipCode,PhoneNumber,Whse,Trip,Terms,D/CFlag,TermsMsg,CorpCustID,CoverSheet,OrdEntryDate,ChainCode,ApplyTo#,PO#,,,,,,
Header,8963099,A,7382638,9/2/2010,1,54835,"WHOLE FDS COOP-DULUTH","610 EAST 4TH STREET","","DULUTH","MN","558050000","218-728-0884",8,"412",7,0,"NET 21 DAYS",54835,3915576,9/1/2010,"CMW",0,"LN2510209-05",,,,,,
RecType,InvNum,Type,UPC,ProductID,QuantityShipped,Unit,Size,Brand,Description,RegularSRP,Status,NetPricePerUnit,ExtendedPrice,SaleSRP,RegPricePerUnit,CustomerID,PriceOrigin,QuantityOrdered,Taxable,LB flag,CW flag,CW2,CNF_RegSRP,CNF_SpcSRP,CorpCustID,CorpProdID,OrderNumber,InvoiceDate,Servings,
Detail,8963099,B,081146-002202,0909358,"1","CS","6 OZ","CSCDFR","YGRT,FF,CHERRY VANILLA",".99",,".599","7.19",".00",".599",54835,"","1",0,"N","N",".00","","",54835,90935,7382638,9/2/2010,12,
Detail,8963099,B,081146-002400,0909085,"1","CS","6 OZ","CSCDFR","YGRT,FF,SAN JUAN STRWBRRY",".99",,".599","7.19",".00",".599",54835,"","1",0,"N","N",".00","","",54835,90908,7382638,9/2/2010,12,
Detail,8963099,B,078355-550006,0708594,"1","CS","24 OZ","GREEKG","GREEK YGRT,PLAIN","4.75",,"2.843","17.06",".00","2.843",54835,"","1",0,"N","N",".00","","",54835,70859,7382638,9/2/2010,6,
Detail,8963099,B,043192-315507,0280636,"1","CS","16 OZ","NANCYS","COTTAGE CHEESE,OG,LF","5.29",,"2.767","16.60",".00","2.767",54835,"","1",0,"N","N",".00","","",54835,28063,7382638,9/2/2010,6,
Detail,8963099,B,052159-013028,0167171,"1","CS","10 OZ","STNFLD","SMOOTHIE,OG,PEACH","1.69",,"1.268","15.21",".00","1.268",54835,"","1",0,"N","N",".00","","",54835,16717,7382638,9/2/2010,12,
Detail,8963099,B,052159-013073,0266593,"1","CS","10 OZ","STNFLD","SMOOTHIE,OG,WILD BERRY","1.69",,"1.268","15.21",".00","1.268",54835,"","1",0,"N","N",".00","","",54835,26659,7382638,9/2/2010,12,
Detail,8963099,B,052159-004668,0633289,"1","CS","6 OZ","STNFLD","YGRT,OG,WM,VAN/CHOC,FOB","1.19",,".604","7.25","1.19",".700",54835,"M 15","1",0,"N","N",".00","","",54835,63328,7382638,9/2/2010,12,
RecType,InvNum,Type,NumGroceryItems,NumRefrigItems,NumRepackItems,NumFrozenItems,TotalPcs,TotalWt,TotalCubes,NonSpecial,Special,GrossTotal,VolDiscnt,Discount,NetTotal,TotalRetail,Deposits,Adjustments,ProfitAmnt,Profit%,InvDate,CorpCustID,OrderNumber,,,,,,,
Footer,8963099,C,"0","7","0","0","7","52",".17","78.46","7.25","85.71","0",".00","85.71","138.84",".00",".00",".00",".00",9/2/2010,54835,7382638,,,,,,,
