RecType,InvNum,Type,OrderNumber,InvoiceDate,DBA,CustomerNumber,CustomerName,CustAddr1,CustAddr2,City,State,ZipCode,PhoneNumber,Whse,Trip,Terms,D/CFlag,TermsMsg,CorpCustID,CoverSheet,OrdEntryDate,ChainCode,ApplyTo#,PO#,,,,,,
Header,8963120,A,7383305,9/2/2010,1,54835,"WHOLE FDS COOP-DULUTH","610 EAST 4TH STREET","","DULUTH","MN","558050000","218-728-0884",8,"412",7,0,"NET 21 DAYS",54835,3915576,9/1/2010,"CMW",0,"",,,,,,
RecType,InvNum,Type,UPC,ProductID,QuantityShipped,Unit,Size,Brand,Description,RegularSRP,Status,NetPricePerUnit,ExtendedPrice,SaleSRP,RegPricePerUnit,CustomerID,PriceOrigin,QuantityOrdered,Taxable,LB flag,CW flag,CW2,CNF_RegSRP,CNF_SpcSRP,CorpCustID,CorpProdID,OrderNumber,InvoiceDate,Servings,
Detail,8963120,B,076344-089049,0551879,"2","EA","15 #","WELNES","DOG,DRY,SUPER 5 MIX,CHCKN","33.79",,"20.220","40.44",".00","20.220",54835,"","2",0,"N","N",".00","","",54835,55187,7383305,9/2/2010,1,
Footer,8963120,C,"2","0","0","0","2","31",".11","40.44",".00","40.44","0",".00","40.44","67.58",".00",".00",".00",".00",9/2/2010,54835,7383305,,,,,,,
