RecType,InvNum,Type,OrderNumber,InvoiceDate,DBA,CustomerNumber,CustomerName,CustAddr1,CustAddr2,City,State,ZipCode,PhoneNumber,Whse,Trip,Terms,D/CFlag,TermsMsg,CorpCustID,CoverSheet,OrdEntryDate,ChainCode,ApplyTo#,PO#,,,,,,
Header,8963100,A,7382639,9/2/2010,1,54835,"WHOLE FDS COOP-DULUTH","610 EAST 4TH STREET","","DULUTH","MN","558050000","218-728-0884",8,"412",7,0,"NET 21 DAYS",54835,3915576,9/1/2010,"CMW",0,"LN2510209-08",,,,,,
RecType,InvNum,Type,UPC,ProductID,QuantityShipped,Unit,Size,Brand,Description,RegularSRP,Status,NetPricePerUnit,ExtendedPrice,SaleSRP,RegPricePerUnit,CustomerID,PriceOrigin,QuantityOrdered,Taxable,LB flag,CW flag,CW2,CNF_RegSRP,CNF_SpcSRP,CorpCustID,CorpProdID,OrderNumber,InvoiceDate,Servings,
Detail,8963100,B,021908-406770,0908095,"6","CS","8 OZ","CSCADE","BLUEBERRIES,OG","4.25",,"2.481","178.62",".00","2.481",54835,"","6",0,"N","N",".00","","",54835,90809,7382639,9/2/2010,12,
Detail,8963100,B,021908-514956,0504225,"1","CS","10 OZ","CSCADE","HARVEST BERRIES,OG","4.25",,"2.481","29.77",".00","2.481",54835,"","1",0,"N","N",".00","","",54835,50422,7382639,9/2/2010,12,
Detail,8963100,B,021908-543017,0344309,"1","CS","10 OZ","CSCADE","STRAWBERRIES,OG","4.25",,"2.481","29.77",".00","2.481",54835,"","1",0,"N","N",".00","","",54835,34430,7382639,9/2/2010,12,
Detail,8963100,B,028989-112262,0179374,"1","CS","8 OZ","MRNSTR","BRKFST PATTIE,OG,VEG","5.35",,"3.135","37.62",".00","3.135",54835,"","1",0,"N","N",".00","","",54835,17937,7382639,9/2/2010,12,
RecType,InvNum,Type,NumGroceryItems,NumRefrigItems,NumRepackItems,NumFrozenItems,TotalPcs,TotalWt,TotalCubes,NonSpecial,Special,GrossTotal,VolDiscnt,Discount,NetTotal,TotalRetail,Deposits,Adjustments,ProfitAmnt,Profit%,InvDate,CorpCustID,OrderNumber,,,,,,,
Footer,8963100,C,"0","0","0","9","9","67",".38","275.78",".00","275.78","0",".00","275.78","472.20",".00",".00",".00",".00",9/2/2010,54835,7382639,,,,,,,
