RecType,InvNum,Type,OrderNumber,InvoiceDate,DBA,CustomerNumber,CustomerName,CustAddr1,CustAddr2,City,State,ZipCode,PhoneNumber,Whse,Trip,Terms,D/CFlag,TermsMsg,CorpCustID,CoverSheet,OrdEntryDate,ChainCode,ApplyTo#,PO#,,,,,,
Header,8389085,A,6864018,6/5/2010,1,54835,"WHOLE FDS COOP-DULUTH","610 EAST 4TH STREET","","DULUTH","MN","558050000","218-728-0884",8,"642",7,0,"NET 21 DAYS",54835,3682611,6/4/2010,"CMW",0,"LN2331124-08",,,,,,
RecType,InvNum,Type,UPC,ProductID,QuantityShipped,Unit,Size,Brand,Description,RegularSRP,Status,NetPricePerUnit,ExtendedPrice,SaleSRP,RegPricePerUnit,CustomerID,PriceOrigin,QuantityOrdered,Taxable,LB flag,CW flag,CW2,CNF_RegSRP,CNF_SpcSRP,CorpCustID,CorpProdID,OrderNumber,InvoiceDate,Servings,
Detail,8389085,B,042272-000708,0188888,"1","CS","6 OZ","AMY'S","BURRITO,OG,BEANS&RICE","2.69",,"1.662","19.94",".00","1.662",54835,"","1",0,"N","N",".00","","",54835,18888,6864018,6/5/2010,12,
Detail,8389085,B,620133-000267,0716993,"1","CS","21.5 OZ","KINNIK","RICE BRD,TAPIOCA,G/F,Y/F","6.25",,"3.655","14.62",".00","3.655",54835,"","1",0,"N","N",".00","","",54835,71699,6864018,6/5/2010,4,
RecType,InvNum,Type,NumGroceryItems,NumRefrigItems,NumRepackItems,NumFrozenItems,TotalPcs,TotalWt,TotalCubes,NonSpecial,Special,GrossTotal,VolDiscnt,Discount,NetTotal,TotalRetail,Deposits,Adjustments,ProfitAmnt,Profit%,InvDate,CorpCustID,OrderNumber,,,,,,,
Footer,8389085,C,"0","0","0","2","2","11",".05","34.56",".00","34.56","0",".00","34.56","57.28",".00",".00",".00",".00",6/5/2010,54835,6864018,,,,,,,
