RecType,InvNum,Type,OrderNumber,InvoiceDate,DBA,CustomerNumber,CustomerName,CustAddr1,CustAddr2,City,State,ZipCode,PhoneNumber,Whse,Trip,Terms,D/CFlag,TermsMsg,CorpCustID,CoverSheet,OrdEntryDate,ChainCode,ApplyTo#,PO#,,,,,,
Header,8389090,A,6864569,6/5/2010,1,54835,"WHOLE FDS COOP-DULUTH","610 EAST 4TH STREET","","DULUTH","MN","558050000","218-728-0884",8,"642",7,0,"NET 21 DAYS",54835,3682611,6/4/2010,"CMW",0,"LN2331180-09",,,,,,
RecType,InvNum,Type,UPC,ProductID,QuantityShipped,Unit,Size,Brand,Description,RegularSRP,Status,NetPricePerUnit,ExtendedPrice,SaleSRP,RegPricePerUnit,CustomerID,PriceOrigin,QuantityOrdered,Taxable,LB flag,CW flag,CW2,CNF_RegSRP,CNF_SpcSRP,CorpCustID,CorpProdID,OrderNumber,InvoiceDate,Servings,
Detail,8389090,B,035883-005040,0926543,"1","CS","14 OZ","PETGRD","CAT,CHICKEN & WHEAT GERM","2.55",,"1.388","16.65","2.55","1.517",54835,"M 10","1",0,"N","N",".00","","",54835,92654,6864569,6/5/2010,12,
Detail,8389090,B,732913-137251,0644682,"1","CS","8/352 CT","SEVNTH","BATH TISSUE, 2 PLY","8.95",,"4.713","28.28","8.95","5.327",54835,"PRO 10","1",0,"N","N",".00","","",54835,64468,6864569,6/5/2010,6,
RecType,InvNum,Type,NumGroceryItems,NumRefrigItems,NumRepackItems,NumFrozenItems,TotalPcs,TotalWt,TotalCubes,NonSpecial,Special,GrossTotal,VolDiscnt,Discount,NetTotal,TotalRetail,Deposits,Adjustments,ProfitAmnt,Profit%,InvDate,CorpCustID,OrderNumber,,,,,,,
Footer,8389090,C,"2","0","0","0","2","29",".30",".00","44.93","44.93","0",".00","44.93","84.30",".00",".00",".00",".00",6/5/2010,54835,6864569,,,,,,,
