RecType,InvNum,Type,OrderNumber,InvoiceDate,DBA,CustomerNumber,CustomerName,CustAddr1,CustAddr2,City,State,ZipCode,PhoneNumber,Whse,Trip,Terms,D/CFlag,TermsMsg,CorpCustID,CoverSheet,OrdEntryDate,ChainCode,ApplyTo#,PO#,,,,,,
Header,8389104,A,6864732,6/5/2010,1,54835,"WHOLE FDS COOP-DULUTH","610 EAST 4TH STREET","","DULUTH","MN","558050000","218-728-0884",8,"642",7,0,"NET 21 DAYS",54835,3682611,6/4/2010,"CMW",0,"LN2331205-21",,,,,,
RecType,InvNum,Type,UPC,ProductID,QuantityShipped,Unit,Size,Brand,Description,RegularSRP,Status,NetPricePerUnit,ExtendedPrice,SaleSRP,RegPricePerUnit,CustomerID,PriceOrigin,QuantityOrdered,Taxable,LB flag,CW flag,CW2,CNF_RegSRP,CNF_SpcSRP,CorpCustID,CorpProdID,OrderNumber,InvoiceDate,Servings,
Detail,8389104,B,089836-026507,0478271,"1","EA","#","FRNTHB","CURRY POWDER,OG","19.75",,"7.270","7.27",".00","7.270",54835,"","1",0,"N","N",".00","","",54835,47827,6864732,6/5/2010,1,
Detail,8389104,B,089836-003560,0448555,"1","EA","#","FRNTHB","FENUGREEK SEED,OG,WHOLE","11.89",,"4.370","4.37",".00","4.370",54835,"","1",0,"N","N",".00","","",54835,44855,6864732,6/5/2010,1,
Detail,8389104,B,089836-026101,0119800,"1","EA","#","FRNTHB","GINGER ROOT,OG,GROUND","20.19",,"7.430","7.43",".00","7.430",54835,"","1",0,"N","N",".00","","",54835,11980,6864732,6/5/2010,1,
Detail,8389104,B,089836-026002,0546671,"1","EA","#","FRNTHB","PEPPER,BLACK,OG,MED,GRIND","22.35",,"8.230","8.23",".00","8.230",54835,"","1",0,"N","N",".00","","",54835,54667,6864732,6/5/2010,1,
Detail,8389104,B,089836-008633,0791673,"1","EA","#","FRNTHB","PSYLLIUM SD HUSK,OG,WHOLE","21.45",,"7.900","7.90",".00","7.900",54835,"","1",0,"N","N",".00","","",54835,79167,6864732,6/5/2010,1,
Detail,8389104,B,089836-003782,0402222,"1","EA","#","FRNTHB","THYME LEAF,OG,WHOLE","26.95",,"9.930","9.93",".00","9.930",54835,"","1",0,"N","N",".00","","",54835,40222,6864732,6/5/2010,1,
Detail,8389104,B,089836-026040,0448639,"5","EA","#","FRNTHB","TUMERIC ROOT GROUND, OG","14.35",,"5.270","26.35",".00","5.270",54835,"","5",0,"N","N",".00","","",54835,44863,6864732,6/5/2010,1,
Detail,8389104,B,089836-028730,0551770,"1","EA","#","FRNTHB","TEA,OG,FT,GUNPOWDER GREEN","32.75",,"12.050","12.05",".00","12.050",54835,"","1",0,"N","N",".00","","",54835,55177,6864732,6/5/2010,1,
Detail,8389104,B,026938-899806,0899807,"1","","EA","","TOTES CHARGE",".00",,".000",".00",".00",".000",54835,"NO CHG","1",0,"","",".00","N","",54835,89980,6864732,6/5/2010,1,
Detail,8389104,B,089836-026491,0546556,"0","EA","#","FRNTHB","ITALIAN SEASONING,OG,WHL",".00",OUT,".000",".00",".00",".000",54835,"","1",0,"N","N",".00","","",54835,54655,6864732,6/5/2010,1,
RecType,InvNum,Type,NumGroceryItems,NumRefrigItems,NumRepackItems,NumFrozenItems,TotalPcs,TotalWt,TotalCubes,NonSpecial,Special,GrossTotal,VolDiscnt,Discount,NetTotal,TotalRetail,Deposits,Adjustments,ProfitAmnt,Profit%,InvDate,CorpCustID,OrderNumber,,,,,,,
Footer,8389104,C,"0","0","1","0","1","20",".20","83.53",".00","83.53","0",".00","83.53","227.08",".00",".00",".00",".00",6/5/2010,54835,6864732,,,,,,,
