RecType,InvNum,Type,OrderNumber,InvoiceDate,DBA,CustomerNumber,CustomerName,CustAddr1,CustAddr2,City,State,ZipCode,PhoneNumber,Whse,Trip,Terms,D/CFlag,TermsMsg,CorpCustID,CoverSheet,OrdEntryDate,ChainCode,ApplyTo#,PO#,,,,,,
Header,8389107,A,6864984,6/5/2010,1,54835,"WHOLE FDS COOP-DULUTH","610 EAST 4TH STREET","","DULUTH","MN","558050000","218-728-0884",8,"642",7,0,"NET 21 DAYS",54835,3682611,6/4/2010,"CMW",0,"",,,,,,
RecType,InvNum,Type,UPC,ProductID,QuantityShipped,Unit,Size,Brand,Description,RegularSRP,Status,NetPricePerUnit,ExtendedPrice,SaleSRP,RegPricePerUnit,CustomerID,PriceOrigin,QuantityOrdered,Taxable,LB flag,CW flag,CW2,CNF_RegSRP,CNF_SpcSRP,CorpCustID,CorpProdID,OrderNumber,InvoiceDate,Servings,
Detail,8389107,B,024284-782803,0301416,"1","CS","80 OZ","SNOPAC","GREEN BEANS,OG,CUT","16.55",,"9.760","39.04",".00","9.760",54835,"","1",0,"N","N",".00","","",54835,30141,6864984,6/5/2010,4,
Footer,8389107,C,"0","0","0","1","1","21",".07","39.04",".00","39.04","0",".00","39.04","66.20",".00",".00",".00",".00",6/5/2010,54835,6864984,,,,,,,
