RecType,InvNum,Type,OrderNumber,InvoiceDate,DBA,CustomerNumber,CustomerName,CustAddr1,CustAddr2,City,State,ZipCode,PhoneNumber,Whse,Trip,Terms,D/CFlag,TermsMsg,CorpCustID,CoverSheet,OrdEntryDate,ChainCode,ApplyTo#,PO#,,,,,,
Header,8389105,A,6864733,6/5/2010,1,54835,"WHOLE FDS COOP-DULUTH","610 EAST 4TH STREET","","DULUTH","MN","558050000","218-728-0884",8,"642",7,0,"NET 21 DAYS",54835,3682611,6/4/2010,"CMW",0,"LN2331205-19",,,,,,
RecType,InvNum,Type,UPC,ProductID,QuantityShipped,Unit,Size,Brand,Description,RegularSRP,Status,NetPricePerUnit,ExtendedPrice,SaleSRP,RegPricePerUnit,CustomerID,PriceOrigin,QuantityOrdered,Taxable,LB flag,CW flag,CW2,CNF_RegSRP,CNF_SpcSRP,CorpCustID,CorpProdID,OrderNumber,InvoiceDate,Servings,
Detail,8389105,B,032843-336169,0599076,"1","CS","12 OZ","CAFE A","COFFEE GRND,OG,FT,CLASSIC","9.15",,"5.250","31.50",".00","5.250",54835,"","1",0,"N","N",".00","","",54835,59907,6864733,6/5/2010,6,
Detail,8389105,B,757922-116158,0876334,"1","CS","3.5 OZ","MTHAGN","COFFEE,OG,FREEZE DRD,DECF","10.25",,"5.887","35.32",".00","5.887",54835,"","1",0,"N","N",".00","","",54835,87633,6864733,6/5/2010,6,
Detail,8389105,B,757922-116141,0876292,"1","CS","3.5 OZ","MTHAGN","COFFEE,OG,FREEZE DRIED","10.25",,"5.887","35.32",".00","5.887",54835,"","1",0,"N","N",".00","","",54835,87629,6864733,6/5/2010,6,
RecType,InvNum,Type,NumGroceryItems,NumRefrigItems,NumRepackItems,NumFrozenItems,TotalPcs,TotalWt,TotalCubes,NonSpecial,Special,GrossTotal,VolDiscnt,Discount,NetTotal,TotalRetail,Deposits,Adjustments,ProfitAmnt,Profit%,InvDate,CorpCustID,OrderNumber,,,,,,,
Footer,8389105,C,"3","0","0","0","3","14",".07","102.14",".00","102.14","0",".00","102.14","177.90",".00",".00",".00",".00",6/5/2010,54835,6864733,,,,,,,
