RecType,InvNum,Type,OrderNumber,InvoiceDate,DBA,CustomerNumber,CustomerName,CustAddr1,CustAddr2,City,State,ZipCode,PhoneNumber,Whse,Trip,Terms,D/CFlag,TermsMsg,CorpCustID,CoverSheet,OrdEntryDate,ChainCode,ApplyTo#,PO#,,,,,,
Header,8389103,A,6864731,6/5/2010,1,54835,"WHOLE FDS COOP-DULUTH","610 EAST 4TH STREET","","DULUTH","MN","558050000","218-728-0884",8,"642",7,0,"NET 21 DAYS",54835,3682611,6/4/2010,"CMW",0,"LN2331205-16",,,,,,
RecType,InvNum,Type,UPC,ProductID,QuantityShipped,Unit,Size,Brand,Description,RegularSRP,Status,NetPricePerUnit,ExtendedPrice,SaleSRP,RegPricePerUnit,CustomerID,PriceOrigin,QuantityOrdered,Taxable,LB flag,CW flag,CW2,CNF_RegSRP,CNF_SpcSRP,CorpCustID,CorpProdID,OrderNumber,InvoiceDate,Servings,
Detail,8389103,B,026938-482916,0482919,"1","CS","#","GREATR","FLOUR,OG,WW BREAD","1.49",,".865","8.65",".00",".865",54835,"","1",0,"N","N",".00","","",54835,48291,6864731,6/5/2010,10,
Detail,8389103,B,026938-574123,0574129,"0","CS","#","BULK B","MANGO,OG,UNSWT,NO-SO2",".00",OUT,".000",".00",".00",".000",54835,"","1",0,"N","N",".00","","",54835,57412,6864731,6/5/2010,5,
RecType,InvNum,Type,NumGroceryItems,NumRefrigItems,NumRepackItems,NumFrozenItems,TotalPcs,TotalWt,TotalCubes,NonSpecial,Special,GrossTotal,VolDiscnt,Discount,NetTotal,TotalRetail,Deposits,Adjustments,ProfitAmnt,Profit%,InvDate,CorpCustID,OrderNumber,,,,,,,
Footer,8389103,C,"1","0","0","0","1","10",".10","8.65",".00","8.65","0",".00","8.65","14.90",".00",".00",".00",".00",6/5/2010,54835,6864731,,,,,,,
