RecType,InvNum,Type,OrderNumber,InvoiceDate,DBA,CustomerNumber,CustomerName,CustAddr1,CustAddr2,City,State,ZipCode,PhoneNumber,Whse,Trip,Terms,D/CFlag,TermsMsg,CorpCustID,CoverSheet,OrdEntryDate,ChainCode,ApplyTo#,PO#,,,,,,
Header,8389093,A,6864674,6/5/2010,1,54835,"WHOLE FDS COOP-DULUTH","610 EAST 4TH STREET","","DULUTH","MN","558050000","218-728-0884",8,"642",7,0,"NET 21 DAYS",54835,3682611,6/4/2010,"CMW",0,"LN2331189-01",,,,,,
RecType,InvNum,Type,UPC,ProductID,QuantityShipped,Unit,Size,Brand,Description,RegularSRP,Status,NetPricePerUnit,ExtendedPrice,SaleSRP,RegPricePerUnit,CustomerID,PriceOrigin,QuantityOrdered,Taxable,LB flag,CW flag,CW2,CNF_RegSRP,CNF_SpcSRP,CorpCustID,CorpProdID,OrderNumber,InvoiceDate,Servings,
Detail,8389093,B,725342-292943,0297036,"1","CS","112 OZ","MUIR","KETCHUP,OG","14.79",,"8.280","49.68",".00","8.280",54835,"","1",0,"N","N",".00","","",54835,29703,6864674,6/5/2010,6,
Detail,8389093,B,022506-800205,0300673,"1","CS","#","SPCTRM","CANOLA OIL,OG,REFINED","4.99",,"2.777","97.20",".00","2.777",54835,"","1",0,"N","N",".00","","",54835,30067,6864674,6/5/2010,35,
Detail,8389093,B,074873-300567,0491589,"1","CS","5 LB","WESTSY","SEITAN,BULK","22.55",,"13.615","27.23",".00","13.615",54835,"","1",0,"N","N",".00","","",54835,49158,6864674,6/5/2010,2,
Detail,8389093,B,074873-550016,0491548,"1","EA","12/13.6Z","WESTSY","TOFU,OG,FRM-FOOD SERV PKG","24.85",,"15.000","15.00",".00","15.000",54835,"","1",0,"N","N",".00","","",54835,49154,6864674,6/5/2010,1,
Detail,8389093,B,039978-005250,0265751,"1","CS","24 OZ","BOB'S","POTATO STARCH,G/F","4.09",,"2.345","9.38",".00","2.345",54835,"","1",0,"N","N",".00","","",54835,26575,6864674,6/5/2010,4,
Detail,8389093,B,021908-632087,0887059,"2","CS","10 OZ","CSCADE","FRT SPREAD,OG,RASPBERRY","3.75",,"2.137","25.64",".00","2.137",54835,"","2",0,"N","N",".00","","",54835,88705,6864674,6/5/2010,6,
RecType,InvNum,Type,NumGroceryItems,NumRefrigItems,NumRepackItems,NumFrozenItems,TotalPcs,TotalWt,TotalCubes,NonSpecial,Special,GrossTotal,VolDiscnt,Discount,NetTotal,TotalRetail,Deposits,Adjustments,ProfitAmnt,Profit%,InvDate,CorpCustID,OrderNumber,,,,,,,
Footer,8389093,C,"5","2","0","0","7","127",".28","224.13",".00","224.13","0",".00","224.13","394.70",".00",".00",".00",".00",6/5/2010,54835,6864674,,,,,,,
