RecType,InvNum,Type,OrderNumber,InvoiceDate,DBA,CustomerNumber,CustomerName,CustAddr1,CustAddr2,City,State,ZipCode,PhoneNumber,Whse,Trip,Terms,D/CFlag,TermsMsg,CorpCustID,CoverSheet,OrdEntryDate,ChainCode,ApplyTo#,PO#,,,,,,
Header,8389087,A,6864020,6/5/2010,1,54835,"WHOLE FDS COOP-DULUTH","610 EAST 4TH STREET","","DULUTH","MN","558050000","218-728-0884",8,"642",7,0,"NET 21 DAYS",54835,3682611,6/4/2010,"CMW",0,"LN2331124-12",,,,,,
RecType,InvNum,Type,UPC,ProductID,QuantityShipped,Unit,Size,Brand,Description,RegularSRP,Status,NetPricePerUnit,ExtendedPrice,SaleSRP,RegPricePerUnit,CustomerID,PriceOrigin,QuantityOrdered,Taxable,LB flag,CW flag,CW2,CNF_RegSRP,CNF_SpcSRP,CorpCustID,CorpProdID,OrderNumber,InvoiceDate,Servings,
Detail,8389087,B,025317-530002,0274159,"1","CS","12 OZ","APLEGT","HOT DOG,BEEF,ANTIBTC FREE","4.85",,"2.852","34.22",".00","2.852",54835,"","1",0,"N","N",".00","","",54835,27415,6864020,6/5/2010,12,
Detail,8389087,B,025317-105958,0155473,"1","CS","8 OZ","APLEGT","SAUSAGE,CHKN/APL ABF RTE","5.99",,"3.523","42.27",".00","3.523",54835,"","1",0,"N","N",".00","","",54835,15547,6864020,6/5/2010,12,
Detail,8389087,B,025317-005968,0818419,"1","CS","8 OZ","APLEGT","SAUSAGE,CHKN/MPL ABF RTE","5.99",,"3.523","42.27",".00","3.523",54835,"","1",0,"N","N",".00","","",54835,81841,6864020,6/5/2010,12,
Detail,8389087,B,812410-000194,0553073,"0","CS","8 OZ","H&LSEA","WHITE SHRIMP,EASY PEEL",".00",OUT,".000",".00",".00",".000",54835,"","1",0,"N","N",".00","","",54835,55307,6864020,6/5/2010,6,
RecType,InvNum,Type,NumGroceryItems,NumRefrigItems,NumRepackItems,NumFrozenItems,TotalPcs,TotalWt,TotalCubes,NonSpecial,Special,GrossTotal,VolDiscnt,Discount,NetTotal,TotalRetail,Deposits,Adjustments,ProfitAmnt,Profit%,InvDate,CorpCustID,OrderNumber,,,,,,,
Footer,8389087,C,"0","0","0","3","3","21",".09","118.76",".00","118.76","0",".00","118.76","201.96",".00",".00",".00",".00",6/5/2010,54835,6864020,,,,,,,
