RecType,InvNum,Type,OrderNumber,InvoiceDate,DBA,CustomerNumber,CustomerName,CustAddr1,CustAddr2,City,State,ZipCode,PhoneNumber,Whse,Trip,Terms,D/CFlag,TermsMsg,CorpCustID,CoverSheet,OrdEntryDate,ChainCode,ApplyTo#,PO#,,,,,,
Header,8389099,A,6864727,6/5/2010,1,54835,"WHOLE FDS COOP-DULUTH","610 EAST 4TH STREET","","DULUTH","MN","558050000","218-728-0884",8,"642",7,0,"NET 21 DAYS",54835,3682611,6/4/2010,"CMW",0,"LN2331205-04",,,,,,
RecType,InvNum,Type,UPC,ProductID,QuantityShipped,Unit,Size,Brand,Description,RegularSRP,Status,NetPricePerUnit,ExtendedPrice,SaleSRP,RegPricePerUnit,CustomerID,PriceOrigin,QuantityOrdered,Taxable,LB flag,CW flag,CW2,CNF_RegSRP,CNF_SpcSRP,CorpCustID,CorpProdID,OrderNumber,InvoiceDate,Servings,
Detail,8389099,B,836470-010061,0781831,"3","EA","16 OZ","MICMIR","CHERRY CONC,100% TART MNT","24.09",,"10.830","32.49",".00","10.830",54835,"","3",0,"N","N",".00","","",54835,78183,6864727,6/5/2010,1,
Detail,8389099,B,033674-151785,0496232,"3","EA","100 CAP","NATWAY","HAWTHORN BERRY VCAP","8.35",,"3.750","11.25",".00","3.750",54835,"","3",0,"N","N",".00","","",54835,49623,6864727,6/5/2010,1,
Detail,8389099,B,026938-899806,0899807,"1","","EA","","TOTES CHARGE",".00",,".000",".00",".00",".000",54835,"NO CHG","1",0,"","",".00","N","",54835,89980,6864727,6/5/2010,1,
RecType,InvNum,Type,NumGroceryItems,NumRefrigItems,NumRepackItems,NumFrozenItems,TotalPcs,TotalWt,TotalCubes,NonSpecial,Special,GrossTotal,VolDiscnt,Discount,NetTotal,TotalRetail,Deposits,Adjustments,ProfitAmnt,Profit%,InvDate,CorpCustID,OrderNumber,,,,,,,
Footer,8389099,C,"0","0","1","0","1","12",".16","43.74",".00","43.74","0",".00","43.74","97.32",".00",".00",".00",".00",6/5/2010,54835,6864727,,,,,,,
