RecType,InvNum,Type,OrderNumber,InvoiceDate,DBA,CustomerNumber,CustomerName,CustAddr1,CustAddr2,City,State,ZipCode,PhoneNumber,Whse,Trip,Terms,D/CFlag,TermsMsg,CorpCustID,CoverSheet,OrdEntryDate,ChainCode,ApplyTo#,PO#,,,,,,
Header,8389098,A,6864726,6/5/2010,1,54835,"WHOLE FDS COOP-DULUTH","610 EAST 4TH STREET","","DULUTH","MN","558050000","218-728-0884",8,"642",7,0,"NET 21 DAYS",54835,3682611,6/4/2010,"CMW",0,"LN2331205-03",,,,,,
RecType,InvNum,Type,UPC,ProductID,QuantityShipped,Unit,Size,Brand,Description,RegularSRP,Status,NetPricePerUnit,ExtendedPrice,SaleSRP,RegPricePerUnit,CustomerID,PriceOrigin,QuantityOrdered,Taxable,LB flag,CW flag,CW2,CNF_RegSRP,CNF_SpcSRP,CorpCustID,CorpProdID,OrderNumber,InvoiceDate,Servings,
Detail,8389098,B,636874-120379,0907881,"12","EA","210 CT","EO","SANITIZING WIPES,LAVENDER","28.55",,"14.960","179.52",".00","14.960",54835,"","12",0,"N","N",".00","","",54835,90788,6864726,6/5/2010,1,
Detail,8389098,B,026938-899806,0899807,"2","","EA","","TOTES CHARGE",".00",,".000",".00",".00",".000",54835,"NO CHG","2",0,"","",".00","N","",54835,89980,6864726,6/5/2010,1,
RecType,InvNum,Type,NumGroceryItems,NumRefrigItems,NumRepackItems,NumFrozenItems,TotalPcs,TotalWt,TotalCubes,NonSpecial,Special,GrossTotal,VolDiscnt,Discount,NetTotal,TotalRetail,Deposits,Adjustments,ProfitAmnt,Profit%,InvDate,CorpCustID,OrderNumber,,,,,,,
Footer,8389098,C,"0","0","2","0","2","28",".41","179.52",".00","179.52","0",".00","179.52","342.60",".00",".00",".00",".00",6/5/2010,54835,6864726,,,,,,,
