RecType,InvNum,Type,OrderNumber,InvoiceDate,DBA,CustomerNumber,CustomerName,CustAddr1,CustAddr2,City,State,ZipCode,PhoneNumber,Whse,Trip,Terms,D/CFlag,TermsMsg,CorpCustID,CoverSheet,OrdEntryDate,ChainCode,ApplyTo#,PO#,,,,,,
Header,8089096,A,8089096,4/21/2010,1,54835,"WHOLE FOODS COMMUNITY COO","610 EAST 4TH STREET","","DULUTH","MN","558050000","218-728-0884",8,"000",0,2,"",54835,3563883,4/21/2010,"CMW",8099200,"",,,,,,
RecType,InvNum,Type,UPC,ProductID,QuantityShipped,Unit,Size,Brand,Description,RegularSRP,Status,NetPricePerUnit,ExtendedPrice,SaleSRP,RegPricePerUnit,CustomerID,PriceOrigin,QuantityOrdered,Taxable,LB flag,CW flag,CW2,CNF_RegSRP,CNF_SpcSRP,CorpCustID,CorpProdID,OrderNumber,InvoiceDate,Servings,
Detail,8089096,B,043182-002097,0177139,"-1","CS","14 OZ","NATIVE","COCONUT MILK,OG,LIGHT",".00",,".000",".00",".00",".000",54835,"","-1",0,"N","N",".00","","",54835,17713,8089096,4/21/2010,12,
Detail,8089096,B,651538-067012,0324418,"-1","CS","16 OZ","SWLEAF","TEA,BTL,OG,GREEN,MINT&HNY",".00",,".000",".00",".00",".000",54835,"","-1",0,"N","N",".00","","",54835,32441,8089096,4/21/2010,12,
Detail,8089096,B,651538-067029,0324434,"-1","CS","16 OZ","SWLEAF","TEA,BTL,LEM & LIME,UNSWT",".00",,".941","-11.29",".00",".941",54835,"","-1",0,"N","N",".00","","",54835,32443,8089096,4/21/2010,12,
Detail,8089096,B,048481-011221,0892026,"-1","CS","14.5 OZ","SHLTON","BROTH,CHICKEN,FF,LS",".00",,"1.126","-13.51",".00","1.126",54835,"","-1",0,"N","N",".00","","",54835,89202,8089096,4/21/2010,12,
RecType,InvNum,Type,NumGroceryItems,NumRefrigItems,NumRepackItems,NumFrozenItems,TotalPcs,TotalWt,TotalCubes,NonSpecial,Special,GrossTotal,VolDiscnt,Discount,NetTotal,TotalRetail,Deposits,Adjustments,ProfitAmnt,Profit%,InvDate,CorpCustID,OrderNumber,,,,,,,
Footer,8089096,C,"0","0","0","0","0","0",".00",".00",".00","-24.80","0",".00","-24.80",".00",".00",".00",".00",".00",4/21/2010,54835,8089096,,,,,,,
