RecType,InvNum,Type,OrderNumber,InvoiceDate,DBA,CustomerNumber,CustomerName,CustAddr1,CustAddr2,City,State,ZipCode,PhoneNumber,Whse,Trip,Terms,D/CFlag,TermsMsg,CorpCustID,CoverSheet,OrdEntryDate,ChainCode,ApplyTo#,PO#,,,,,,
Header,8089111,A,8089111,4/21/2010,1,54835,"WHOLE FOODS COMMUNITY COO","610 EAST 4TH STREET","","DULUTH","MN","558050000","218-728-0884",8,"000",0,2,"",54835,3563883,4/21/2010,"CMW",8099200,"",,,,,,
RecType,InvNum,Type,UPC,ProductID,QuantityShipped,Unit,Size,Brand,Description,RegularSRP,Status,NetPricePerUnit,ExtendedPrice,SaleSRP,RegPricePerUnit,CustomerID,PriceOrigin,QuantityOrdered,Taxable,LB flag,CW flag,CW2,CNF_RegSRP,CNF_SpcSRP,CorpCustID,CorpProdID,OrderNumber,InvoiceDate,Servings,
Detail,8089111,B,785030-555552,0253591,"-1","CS","8 OZ","RISEMN","RAVIOLI,OG,BSL ASIGO&PINT",".00",,"2.060","-12.36",".00","2.060",54835,"","-1",0,"N","N",".00","","",54835,25359,8089111,4/21/2010,6,
Detail,8089111,B,785030-000144,0253658,"-1","CS","8 OZ","RISEMN","GNOCCHI,OG,GARLIC & BASIL",".00",,".000",".00",".00",".000",54835,"","-1",0,"N","N",".00","","",54835,25365,8089111,4/21/2010,6,
Detail,8089111,B,021908-965130,0380642,"-1","CS","12 OZ","CSCADE","FRZN JCE,OG,LEMONADE",".00",,"2.668","-32.02",".00","2.668",54835,"","-1",0,"N","N",".00","","",54835,38064,8089111,4/21/2010,12,
Detail,8089111,B,099482-428839,0416479,"-1","CS","56 OZ","365","ICE CREAM,CHOCOLATE",".00",,".000",".00",".00",".000",54835,"","-1",0,"N","N",".00","","",54835,41647,8089111,4/21/2010,3,
RecType,InvNum,Type,NumGroceryItems,NumRefrigItems,NumRepackItems,NumFrozenItems,TotalPcs,TotalWt,TotalCubes,NonSpecial,Special,GrossTotal,VolDiscnt,Discount,NetTotal,TotalRetail,Deposits,Adjustments,ProfitAmnt,Profit%,InvDate,CorpCustID,OrderNumber,,,,,,,
Footer,8089111,C,"0","0","0","0","0","0",".00",".00",".00","-44.38","0",".00","-44.38",".00",".00",".00",".00",".00",4/21/2010,54835,8089111,,,,,,,
