RecType,InvNum,Type,OrderNumber,InvoiceDate,DBA,CustomerNumber,CustomerName,CustAddr1,CustAddr2,City,State,ZipCode,PhoneNumber,Whse,Trip,Terms,D/CFlag,TermsMsg,CorpCustID,CoverSheet,OrdEntryDate,ChainCode,ApplyTo#,PO#,,,,,,
Header,8089099,A,8089099,4/21/2010,1,54835,"WHOLE FOODS COMMUNITY COO","610 EAST 4TH STREET","","DULUTH","MN","558050000","218-728-0884",8,"000",0,2,"",54835,3563883,4/21/2010,"CMW",8099200,"",,,,,,
RecType,InvNum,Type,UPC,ProductID,QuantityShipped,Unit,Size,Brand,Description,RegularSRP,Status,NetPricePerUnit,ExtendedPrice,SaleSRP,RegPricePerUnit,CustomerID,PriceOrigin,QuantityOrdered,Taxable,LB flag,CW flag,CW2,CNF_RegSRP,CNF_SpcSRP,CorpCustID,CorpProdID,OrderNumber,InvoiceDate,Servings,
Detail,8089099,B,891770-002017,0333922,"-1","CS","4/2.7 OZ","GOODBE","PROBIOTIC DRNK,PEACH,MNGO",".00",,".000",".00",".00",".000",54835,"","-1",0,"N","N",".00","","",54835,33392,8089099,4/21/2010,6,
Detail,8089099,B,093966-213010,0391789,"-1","CS","8 OZ","OGVAL","FETA,OG (COW MILK)",".00",,"3.223","-38.67",".00","3.223",54835,"","-1",0,"N","N",".00","","",54835,39178,8089099,4/21/2010,12,
RecType,InvNum,Type,NumGroceryItems,NumRefrigItems,NumRepackItems,NumFrozenItems,TotalPcs,TotalWt,TotalCubes,NonSpecial,Special,GrossTotal,VolDiscnt,Discount,NetTotal,TotalRetail,Deposits,Adjustments,ProfitAmnt,Profit%,InvDate,CorpCustID,OrderNumber,,,,,,,
Footer,8089099,C,"0","0","0","0","0","0",".00",".00",".00","-38.67","0",".00","-38.67",".00",".00",".00",".00",".00",4/21/2010,54835,8089099,,,,,,,
