RecType,InvNum,Type,OrderNumber,InvoiceDate,DBA,CustomerNumber,CustomerName,CustAddr1,CustAddr2,City,State,ZipCode,PhoneNumber,Whse,Trip,Terms,D/CFlag,TermsMsg,CorpCustID,CoverSheet,OrdEntryDate,ChainCode,ApplyTo#,PO#,,,,,,
Header,7992427,A,6508617,4/6/2010,1,54835,"WHOLE FOODS COMMUNITY COO","610 EAST 4TH STREET","","DULUTH","MN","558050000","218-728-0884",8,"247",7,0,"NET 21 DAYS",54835,3518244,4/5/2010,"CMW",0,"LN2216746-16",,,,,,
RecType,InvNum,Type,UPC,ProductID,QuantityShipped,Unit,Size,Brand,Description,RegularSRP,Status,NetPricePerUnit,ExtendedPrice,SaleSRP,RegPricePerUnit,CustomerID,PriceOrigin,QuantityOrdered,Taxable,LB flag,CW flag,CW2,CNF_RegSRP,CNF_SpcSRP,CorpCustID,CorpProdID,OrderNumber,InvoiceDate,Servings,
Detail,7992427,B,011933-611508,0484956,"1","CS","#","BULK D","WHTBERRIES,OG,HD/RD,WNTR",".85",,".477","23.87",".00",".477",54835,"","1",0,"N","N",".00","","",54835,48495,6508617,4/6/2010,50,
Detail,7992427,B,026938-491161,0491167,"1","CS","#","BULK H","BEANS,OG,MUNG","2.09",,"1.017","25.42","2.09","1.192",54835,"M 18","1",0,"N","N",".00","","",54835,49116,6508617,4/6/2010,25,
Detail,7992427,B,086011-003209,0308791,"1","CS","#","BULK H","SOYBEANS,OG","1.49",,".858","21.45",".00",".858",54835,"","1",0,"N","N",".00","","",54835,30879,6508617,4/6/2010,25,
Detail,7992427,B,012511-356255,0768036,"1","CS","#","WHLSOM","SUCANAT,OG,FT","2.69",,"1.546","38.66",".00","1.546",54835,"","1",0,"N","N",".00","","",54835,76803,6508617,4/6/2010,25,
Detail,7992427,B,026938-768096,0768093,"1","CS","#","WHLSOM","SUGAR,OG,FT,CANE","1.69",,".970","24.26",".00",".970",54835,"","1",0,"N","N",".00","","",54835,76809,6508617,4/6/2010,25,
RecType,InvNum,Type,NumGroceryItems,NumRefrigItems,NumRepackItems,NumFrozenItems,TotalPcs,TotalWt,TotalCubes,NonSpecial,Special,GrossTotal,VolDiscnt,Discount,NetTotal,TotalRetail,Deposits,Adjustments,ProfitAmnt,Profit%,InvDate,CorpCustID,OrderNumber,,,,,,,
Footer,7992427,C,"5","0","0","0","5","153",".32","108.24","25.42","133.66","0",".00","133.66","241.50",".00",".00",".00",".00",4/6/2010,54835,6508617,,,,,,,
