RecType,InvNum,Type,OrderNumber,InvoiceDate,DBA,CustomerNumber,CustomerName,CustAddr1,CustAddr2,City,State,ZipCode,PhoneNumber,Whse,Trip,Terms,D/CFlag,TermsMsg,CorpCustID,CoverSheet,OrdEntryDate,ChainCode,ApplyTo#,PO#,,,,,,
Header,7992420,A,6508483,4/6/2010,1,54835,"WHOLE FOODS COMMUNITY COO","610 EAST 4TH STREET","","DULUTH","MN","558050000","218-728-0884",8,"247",7,0,"NET 21 DAYS",54835,3518244,4/5/2010,"CMW",0,"LN2216726-03",,,,,,
RecType,InvNum,Type,UPC,ProductID,QuantityShipped,Unit,Size,Brand,Description,RegularSRP,Status,NetPricePerUnit,ExtendedPrice,SaleSRP,RegPricePerUnit,CustomerID,PriceOrigin,QuantityOrdered,Taxable,LB flag,CW flag,CW2,CNF_RegSRP,CNF_SpcSRP,CorpCustID,CorpProdID,OrderNumber,InvoiceDate,Servings,
Detail,7992420,B,031493-776370,0161521,"1","CS","8 PK","RUDI'S","BUNS,OG,HAMBURGER,WHEAT","4.65",,"2.713","18.99",".00","2.713",54835,"","1",0,"N","N",".00","","",54835,16152,6508483,4/6/2010,7,
Detail,7992420,B,031493-776394,0975342,"1","CS","6 PK","RUDI'S","BUNS,OG,HOT DOG,WHEAT","3.69",,"2.171","17.37",".00","2.171",54835,"","1",0,"N","N",".00","","",54835,97534,6508483,4/6/2010,8,
Detail,7992420,B,031493-021609,0775759,"2","CS","22 OZ","RUDI'S","BRD,OG,100% WHOLE WHEAT","4.65",,"2.156","34.50","4.65","2.714",54835,"PRO 20","2",0,"N","N",".00","","",54835,77575,6508483,4/6/2010,8,
Detail,7992420,B,031493-543736,0940361,"3","CS","22 OZ","RUDI'S","BRD,OG,COLORADO CRKD WHT","4.65",,"2.156","51.75","4.65","2.714",54835,"PRO 20","3",0,"N","N",".00","","",54835,94036,6508483,4/6/2010,8,
Detail,7992420,B,031493-242424,0940387,"2","CS","22 OZ","RUDI'S","BRD,OG,HONEY SWT WHL WHT","4.65",,"2.714","43.42",".00","2.714",54835,"","2",0,"N","N",".00","","",54835,94038,6508483,4/6/2010,8,
Detail,7992420,B,031493-828888,0940338,"2","CS","22 OZ","RUDI'S","BRD,OG,OAT,MULTIGRAIN","4.65",,"2.714","43.42",".00","2.714",54835,"","2",0,"N","N",".00","","",54835,94033,6508483,4/6/2010,8,
Detail,7992420,B,031493-071208,0342543,"1","CS","20 OZ","RUDI'S","BRD,OG,SPELT,ANCNT GRAIN","5.59",,"3.289","26.31",".00","3.289",54835,"","1",0,"N","N",".00","","",54835,34254,6508483,4/6/2010,8,
Detail,7992420,B,031493-023405,0723213,"1","CS","20 OZ","RUDI'S","BRD,OG,14 GRAIN","4.65",,"2.714","21.71",".00","2.714",54835,"","1",0,"N","N",".00","","",54835,72321,6508483,4/6/2010,8,
Detail,7992420,B,031493-023207,0543553,"1","CS","20 OZ","RUDI'S","BRD,OG,7 GRAIN & FLAX","4.65",,"2.714","21.71",".00","2.714",54835,"","1",0,"N","N",".00","","",54835,54355,6508483,4/6/2010,8,
Detail,7992420,B,075119-602254,0349258,"1","CS","14.8 OZ","ENER-G","ENGLISH MUFFIN W/TOFU","5.85",,"3.345","20.07",".00","3.345",54835,"","1",0,"N","N",".00","","",54835,34925,6508483,4/6/2010,6,
Detail,7992420,B,075119-145874,0475095,"1","CS","7.76 OZ","ENER-G","HAMBURGER BUNS,TAPIOCA","5.09",,"2.923","17.54",".00","2.923",54835,"","1",0,"N","N",".00","","",54835,47509,6508483,4/6/2010,6,
Detail,7992420,B,075119-145713,0315200,"1","CS","16 OZ","ENER-G","LOAF,BROWN RICE","5.35",,"3.047","18.28",".00","3.047",54835,"","1",0,"N","N",".00","","",54835,31520,6508483,4/6/2010,6,
Detail,7992420,B,075119-602216,0832055,"1","CS","12.35 OZ","ENER-G","ROLLS,TAPIOCA DINNER","5.69",,"3.267","19.60",".00","3.267",54835,"","1",0,"N","N",".00","","",54835,83205,6508483,4/6/2010,6,
RecType,InvNum,Type,NumGroceryItems,NumRefrigItems,NumRepackItems,NumFrozenItems,TotalPcs,TotalWt,TotalCubes,NonSpecial,Special,GrossTotal,VolDiscnt,Discount,NetTotal,TotalRetail,Deposits,Adjustments,ProfitAmnt,Profit%,InvDate,CorpCustID,OrderNumber,,,,,,,
Footer,7992420,C,"4","0","0","14","18","185","1.58","268.42","86.25","354.67","0",".00","354.67","647.87",".00",".00",".00",".00",4/6/2010,54835,6508483,,,,,,,
