RecType,InvNum,Type,OrderNumber,InvoiceDate,DBA,CustomerNumber,CustomerName,CustAddr1,CustAddr2,City,State,ZipCode,PhoneNumber,Whse,Trip,Terms,D/CFlag,TermsMsg,CorpCustID,CoverSheet,OrdEntryDate,ChainCode,ApplyTo#,PO#,,,,,,
Header,7992430,A,6508621,4/6/2010,1,54835,"WHOLE FOODS COMMUNITY COO","610 EAST 4TH STREET","","DULUTH","MN","558050000","218-728-0884",8,"247",7,0,"NET 21 DAYS",54835,3518244,4/5/2010,"CMW",0,"LN2216746-21",,,,,,
RecType,InvNum,Type,UPC,ProductID,QuantityShipped,Unit,Size,Brand,Description,RegularSRP,Status,NetPricePerUnit,ExtendedPrice,SaleSRP,RegPricePerUnit,CustomerID,PriceOrigin,QuantityOrdered,Taxable,LB flag,CW flag,CW2,CNF_RegSRP,CNF_SpcSRP,CorpCustID,CorpProdID,OrderNumber,InvoiceDate,Servings,
Detail,7992430,B,089836-003621,0311563,"1","EA","#","FRNTHB","DILL WEED,OG,C/S","33.69",,"12.410","12.41",".00","12.410",54835,"","1",0,"N","N",".00","","",54835,31156,6508621,4/6/2010,1,
Detail,7992430,B,089836-025241,0298331,"1","EA","#","FRNTHB","GARLIC GRANULES,OG","15.69",,"5.770","5.77",".00","5.770",54835,"","1",0,"N","N",".00","","",54835,29833,6508621,4/6/2010,1,
Detail,7992430,B,089836-027047,0448357,"1","EA","#","FRNTHB","KELP POWDER,OG","11.15",,"4.110","4.11",".00","4.110",54835,"","1",0,"N","N",".00","","",54835,44835,6508621,4/6/2010,1,
Detail,7992430,B,089836-026002,0546671,"1","EA","#","FRNTHB","PEPPER,BLACK,OG,MED,GRIND","22.35",,"8.230","8.23",".00","8.230",54835,"","1",0,"N","N",".00","","",54835,54667,6508621,4/6/2010,1,
Detail,7992430,B,089836-008633,0791673,"2","EA","#","FRNTHB","PSYLLIUM SD HUSK,OG,WHOLE","21.45",,"7.900","15.80",".00","7.900",54835,"","2",0,"N","N",".00","","",54835,79167,6508621,4/6/2010,1,
Detail,7992430,B,089836-010773,0684530,"1","EA","#","FRNTHB","TEA,OG,FT,IRISH BREAKFAST","29.19",,"10.750","10.75",".00","10.750",54835,"","1",0,"N","N",".00","","",54835,68453,6508621,4/6/2010,1,
Detail,7992430,B,026938-899806,0899807,"1","","EA","","TOTES CHARGE",".00",,".000",".00",".00",".000",54835,"NO CHG","1",0,"","",".00","N","",54835,89980,6508621,4/6/2010,1,
Detail,7992430,B,089836-026491,0546556,"0","EA","#","FRNTHB","ITALIAN SEASONING,OG,WHL",".00",OUT,".000",".00",".00",".000",54835,"","1",0,"N","N",".00","","",54835,54655,6508621,4/6/2010,1,
RecType,InvNum,Type,NumGroceryItems,NumRefrigItems,NumRepackItems,NumFrozenItems,TotalPcs,TotalWt,TotalCubes,NonSpecial,Special,GrossTotal,VolDiscnt,Discount,NetTotal,TotalRetail,Deposits,Adjustments,ProfitAmnt,Profit%,InvDate,CorpCustID,OrderNumber,,,,,,,
Footer,7992430,C,"0","0","1","0","1","14",".18","57.07",".00","57.07","0",".00","57.07","154.97",".00",".00",".00",".00",4/6/2010,54835,6508621,,,,,,,
