RecType,InvNum,Type,OrderNumber,InvoiceDate,DBA,CustomerNumber,CustomerName,CustAddr1,CustAddr2,City,State,ZipCode,PhoneNumber,Whse,Trip,Terms,D/CFlag,TermsMsg,CorpCustID,CoverSheet,OrdEntryDate,ChainCode,ApplyTo#,PO#,,,,,,
Header,7992432,A,6509186,4/6/2010,1,54835,"WHOLE FOODS COMMUNITY COO","610 EAST 4TH STREET","","DULUTH","MN","558050000","218-728-0884",8,"247",7,0,"NET 21 DAYS",54835,3518244,4/5/2010,"CMW",0,"",,,,,,
RecType,InvNum,Type,UPC,ProductID,QuantityShipped,Unit,Size,Brand,Description,RegularSRP,Status,NetPricePerUnit,ExtendedPrice,SaleSRP,RegPricePerUnit,CustomerID,PriceOrigin,QuantityOrdered,Taxable,LB flag,CW flag,CW2,CNF_RegSRP,CNF_SpcSRP,CorpCustID,CorpProdID,OrderNumber,InvoiceDate,Servings,
Detail,7992432,B,048481-009914,0273003,"1","CS","12 OZ","SHLTON","TURKEY FRANKS","3.85",,"2.252","13.51",".00","2.252",54835,"","1",0,"N","N",".00","","",54835,27300,6509186,4/6/2010,6,
Detail,7992432,B,898102-001021,0463083,"1","CS","18 OZ","BATTRB","PANCAKE & WAFFLE,OG BATTR","5.89",,"3.546","42.55",".00","3.546",54835,"","1",0,"N","N",".00","","",54835,46308,6509186,4/6/2010,12,
Footer,7992432,C,"0","1","0","1","2","24",".08","56.06",".00","56.06","0",".00","56.06","93.78",".00",".00",".00",".00",4/6/2010,54835,6509186,,,,,,,
