RecType,InvNum,Type,OrderNumber,InvoiceDate,DBA,CustomerNumber,CustomerName,CustAddr1,CustAddr2,City,State,ZipCode,PhoneNumber,Whse,Trip,Terms,D/CFlag,TermsMsg,CorpCustID,CoverSheet,OrdEntryDate,ChainCode,ApplyTo#,PO#,,,,,,
Header,7992421,A,6508595,4/6/2010,1,54835,"WHOLE FOODS COMMUNITY COO","610 EAST 4TH STREET","","DULUTH","MN","558050000","218-728-0884",8,"247",7,0,"NET 21 DAYS",54835,3518244,4/5/2010,"CMW",0,"",,,,,,
RecType,InvNum,Type,UPC,ProductID,QuantityShipped,Unit,Size,Brand,Description,RegularSRP,Status,NetPricePerUnit,ExtendedPrice,SaleSRP,RegPricePerUnit,CustomerID,PriceOrigin,QuantityOrdered,Taxable,LB flag,CW flag,CW2,CNF_RegSRP,CNF_SpcSRP,CorpCustID,CorpProdID,OrderNumber,InvoiceDate,Servings,
Detail,7992421,B,654749-352083,0954834,"3","EA","12 OZ","AVALON","LOTION,HAND & BODY,PPRMNT","10.89",,"4.530","13.59","10.89","5.700",54835,"PRO 20","3",0,"N","N",".00","","",54835,95483,6508595,4/6/2010,1,
Detail,7992421,B,086449-319910,0486423,"6","EA","4 OZ","CRYESS","DEOD BDY SPRY,MNRL,CHAMOM","4.55",,"1.300","7.80","4.55","2.370",54835,"POV 50","6",0,"N","N",".00","","",54835,48642,6508595,4/6/2010,1,
Detail,7992421,B,086449-119916,0486522,"6","EA","4 OZ","CRYESS","DEOD BDY SPRY,MNRL,PMGRNT","4.55",,"1.300","7.80","4.55","2.370",54835,"POV 50","6",0,"N","N",".00","","",54835,48652,6508595,4/6/2010,1,
Detail,7992421,B,086449-316612,0486407,"6","EA","2.25 OZ","CRYESS","DEOD ROLL-ON,MNRL,CHAMOML","4.55",,"1.300","7.80","4.55","2.370",54835,"POV 50","6",0,"N","N",".00","","",54835,48640,6508595,4/6/2010,1,
Detail,7992421,B,086449-216615,0486571,"6","EA","2.25 OZ","CRYESS","DEOD,ROLL-ON,MNRL,LAVNDR","4.55",,"1.300","7.80","4.55","2.370",54835,"POV 50","6",0,"N","N",".00","","",54835,48657,6508595,4/6/2010,1,
Detail,7992421,B,086449-116618,0486480,"6","EA","2.25 OZ","CRYESS","DEOD,ROLL-ON,MNRL,PMGRNT","4.55",,"1.300","7.80","4.55","2.370",54835,"POV 50","6",0,"N","N",".00","","",54835,48648,6508595,4/6/2010,1,
Detail,7992421,B,716237-181374,0914762,"1","EA","20 CT","GIOVAN","MINI TOWELETTES,MIXED","11.35",,"5.950","5.95",".00","5.950",54835,"","1",0,"N","N",".00","","",54835,91476,6508595,4/6/2010,1,
Detail,7992421,B,318858-106240,0393421,"4","EA","8 OZ","HOME","BODY WASH,PSORIASIL","12.35",,"3.550","14.20","12.35","6.470",54835,"POV 50","4",0,"N","N",".00","","",54835,39342,6508595,4/6/2010,1,
Detail,7992421,B,078522-000044,0312496,"1","EA","16 OZ","JASON","HND&BDY LTN,70% ALOE VERA","8.05",,"4.210","4.21",".00","4.210",54835,"","1",0,"N","N",".00","","",54835,31249,6508595,4/6/2010,1,
Detail,7992421,B,023542-100434,0541227,"1","EA","300 CAP","KYOLIC","#100 KYOLIC FORMULA","35.85",,"16.130","16.13",".00","16.130",54835,"","1",0,"N","N",".00","","",54835,54122,6508595,4/6/2010,1,
Detail,7992421,B,026938-899806,0899807,"4","","EA","","TOTES CHARGE",".00",,".000",".00",".00",".000",54835,"NO CHG","4",0,"","",".00","N","",54835,89980,6508595,4/6/2010,1,
Detail,7992421,B,654749-352007,0936575,"0","EA","12 OZ","AVALON","LOTION,HAND & BODY,LVNDR",".00",OUT,".000",".00",".00",".000",54835,"PRO 20","8",0,"N","N",".00","","",54835,93657,6508595,4/6/2010,1,
Detail,7992421,B,654749-352106,0936674,"0","EA","12 OZ","AVALON","LOTION,HAND & BODY,RSMRY",".00",OUT,".000",".00",".00",".000",54835,"PRO 20","5",0,"N","N",".00","","",54835,93667,6508595,4/6/2010,1,
RecType,InvNum,Type,NumGroceryItems,NumRefrigItems,NumRepackItems,NumFrozenItems,TotalPcs,TotalWt,TotalCubes,NonSpecial,Special,GrossTotal,VolDiscnt,Discount,NetTotal,TotalRetail,Deposits,Adjustments,ProfitAmnt,Profit%,InvDate,CorpCustID,OrderNumber,,,,,,,
Footer,7992421,C,"0","0","4","0","4","40",".89","26.29","66.79","93.08","0",".00","93.08","273.82",".00",".00",".00",".00",4/6/2010,54835,6508595,,,,,,,
