RecType,InvNum,Type,OrderNumber,InvoiceDate,DBA,CustomerNumber,CustomerName,CustAddr1,CustAddr2,City,State,ZipCode,PhoneNumber,Whse,Trip,Terms,D/CFlag,TermsMsg,CorpCustID,CoverSheet,OrdEntryDate,ChainCode,ApplyTo#,PO#,,,,,,
Header,7992411,A,6507392,4/6/2010,1,54835,"WHOLE FOODS COMMUNITY COO","610 EAST 4TH STREET","","DULUTH","MN","558050000","218-728-0884",8,"247",7,0,"NET 21 DAYS",54835,3518244,4/5/2010,"CMW",0,"LN2216607-12",,,,,,
RecType,InvNum,Type,UPC,ProductID,QuantityShipped,Unit,Size,Brand,Description,RegularSRP,Status,NetPricePerUnit,ExtendedPrice,SaleSRP,RegPricePerUnit,CustomerID,PriceOrigin,QuantityOrdered,Taxable,LB flag,CW flag,CW2,CNF_RegSRP,CNF_SpcSRP,CorpCustID,CorpProdID,OrderNumber,InvoiceDate,Servings,
Detail,7992411,B,025317-120005,0608687,"1","CS","8 OZ","APLEGT","BACON,TURKEY SLICED,ANTIB","4.29",,"2.523","30.28",".00","2.523",54835,"","1",0,"N","N",".00","","",54835,60868,6507392,4/6/2010,12,
Detail,7992411,B,025317-530002,0274159,"1","CS","12 OZ","APLEGT","HOT DOG,BEEF,ANTIBTC FREE","4.85",,"2.852","34.22",".00","2.852",54835,"","1",0,"N","N",".00","","",54835,27415,6507392,4/6/2010,12,
Detail,7992411,B,812410-000194,0553073,"1","CS","8 OZ","H&LSEA","WHITE SHRIMP,EASY PEEL","8.79",,"5.167","31.00",".00","5.167",54835,"","1",0,"N","N",".00","","",54835,55307,6507392,4/6/2010,6,
Detail,7992411,B,048481-009907,0511089,"1","CS","12 OZ","SHLTON","TURKEY FRANKS,SMOKED","3.79",,"2.232","13.39",".00","2.232",54835,"","1",0,"N","N",".00","","",54835,51108,6507392,4/6/2010,6,
RecType,InvNum,Type,NumGroceryItems,NumRefrigItems,NumRepackItems,NumFrozenItems,TotalPcs,TotalWt,TotalCubes,NonSpecial,Special,GrossTotal,VolDiscnt,Discount,NetTotal,TotalRetail,Deposits,Adjustments,ProfitAmnt,Profit%,InvDate,CorpCustID,OrderNumber,,,,,,,
Footer,7992411,C,"0","0","0","4","4","25",".13","108.89",".00","108.89","0",".00","108.89","185.16",".00",".00",".00",".00",4/6/2010,54835,6507392,,,,,,,
