RecType,InvNum,Type,OrderNumber,InvoiceDate,DBA,CustomerNumber,CustomerName,CustAddr1,CustAddr2,City,State,ZipCode,PhoneNumber,Whse,Trip,Terms,D/CFlag,TermsMsg,CorpCustID,CoverSheet,OrdEntryDate,ChainCode,ApplyTo#,PO#,,,,,,
Header,9085264,A,7493765,9/21/2010,1,54835,"WHOLE FDS COOP-DULUTH","610 EAST 4TH STREET","","DULUTH","MN","558050000","218-728-0884",8,"247",7,0,"NET 21 DAYS",54835,3964651,9/20/2010,"CMW",0,"LN2544231-09",,,,,,
RecType,InvNum,Type,UPC,ProductID,QuantityShipped,Unit,Size,Brand,Description,RegularSRP,Status,NetPricePerUnit,ExtendedPrice,SaleSRP,RegPricePerUnit,CustomerID,PriceOrigin,QuantityOrdered,Taxable,LB flag,CW flag,CW2,CNF_RegSRP,CNF_SpcSRP,CorpCustID,CorpProdID,OrderNumber,InvoiceDate,Servings,
Detail,9085264,B,745158-400806,0550533,"1","CS","5.5 OZ","HALO","SPOTS STEW CAT,CHICKEN","1.69",,".983","11.80",".00",".983",54835,"","1",0,"N","N",".00","","",54835,55053,7493765,9/21/2010,12,
Detail,9085264,B,745158-400813,0550558,"1","CS","5.5 OZ","HALO","SPOTS STEW CAT,SALMON","1.69",,".983","11.80",".00",".983",54835,"","1",0,"N","N",".00","","",54835,55055,7493765,9/21/2010,12,
RecType,InvNum,Type,NumGroceryItems,NumRefrigItems,NumRepackItems,NumFrozenItems,TotalPcs,TotalWt,TotalCubes,NonSpecial,Special,GrossTotal,VolDiscnt,Discount,NetTotal,TotalRetail,Deposits,Adjustments,ProfitAmnt,Profit%,InvDate,CorpCustID,OrderNumber,,,,,,,
Footer,9085264,C,"2","0","0","0","2","10",".03","23.60",".00","23.60","0",".00","23.60","40.56",".00",".00",".00",".00",9/21/2010,54835,7493765,,,,,,,
