RecType,InvNum,Type,OrderNumber,InvoiceDate,DBA,CustomerNumber,CustomerName,CustAddr1,CustAddr2,City,State,ZipCode,PhoneNumber,Whse,Trip,Terms,D/CFlag,TermsMsg,CorpCustID,CoverSheet,OrdEntryDate,ChainCode,ApplyTo#,PO#,,,,,,
Header,9085263,A,7493764,9/21/2010,1,54835,"WHOLE FDS COOP-DULUTH","610 EAST 4TH STREET","","DULUTH","MN","558050000","218-728-0884",8,"247",7,0,"NET 21 DAYS",54835,3964651,9/20/2010,"CMW",0,"LN2544231-08",,,,,,
RecType,InvNum,Type,UPC,ProductID,QuantityShipped,Unit,Size,Brand,Description,RegularSRP,Status,NetPricePerUnit,ExtendedPrice,SaleSRP,RegPricePerUnit,CustomerID,PriceOrigin,QuantityOrdered,Taxable,LB flag,CW flag,CW2,CNF_RegSRP,CNF_SpcSRP,CorpCustID,CorpProdID,OrderNumber,InvoiceDate,Servings,
Detail,9085263,B,799210-920016,0241778,"1","CS","7 OZ","BIONTR","TOMATO PASTE,OG","2.89",,"1.489","17.87","2.89","1.639",54835,"OGD 10","1",0,"N","N",".00","","",54835,24177,7493764,9/21/2010,12,
Detail,9085263,B,722252-126306,0303776,"1","CS","1.59 OZ","CLIF","MOJO BAR,OG,DPPD CHOC PNT","1.59",,".697","8.36","1.59",".885",54835,"PRO 21","1",0,"N","N",".00","","",54835,30377,7493764,9/21/2010,12,
Detail,9085263,B,058449-420040,0515692,"1","CS","9 OZ","ENVKID","ANIMAL COOKIES,OG,VAN,G/F","3.95",,"2.226","26.71",".00","2.226",54835,"","1",0,"N","N",".00","","",54835,51569,7493764,9/21/2010,12,
Detail,9085263,B,701648-010115,0676551,"1","CS","8.3 OZ","GURU","ENERGY DRINK,NATURAL","2.35",,"1.381","33.14",".00","1.381",54835,"","1",0,"N","N",".00","","",54835,67655,7493764,9/21/2010,24,
Detail,9085263,B,021698-024055,0192666,"1","CS","4.5 OZ","HOLGRN","CRACKERS,RICE,SALTED,GF","4.25",,"2.056","24.67","4.25","2.383",54835,"M 15","1",0,"N","N",".00","","",54835,19266,7493764,9/21/2010,12,
Detail,9085263,B,084253-260206,0646125,"1","CS","32 OZ","IMAGIN","SOY ENRICH BEV,OG,ORIG","3.75",,"2.118","25.42",".00","2.118",54835,"","1",0,"N","N",".00","","",54835,64612,7493764,9/21/2010,12,
Detail,9085263,B,875386-000308,0886234,"1","CS","32 OZ","LIVHAR","HEMPMILK,TEMPT,ORIGINAL","4.25",,"2.413","28.96",".00","2.413",54835,"","1",0,"N","N",".00","","",54835,88623,7493764,9/21/2010,12,
Detail,9085263,B,725342-290536,0106294,"1","CS","28 OZ","MUIR","TOMATO,OG,DICED,FIRE RST","3.65",,"1.588","19.05","3.65","2.066",54835,"PRO 23","1",0,"N","N",".00","","",54835,10629,7493764,9/21/2010,12,
Detail,9085263,B,058449-450047,0986604,"1","CS","8/1.75OZ","NATPTH","OATMEAL POUCH,OG,APL CINN","4.09",,"2.013","12.08","4.09","2.413",54835,"M 20","1",0,"N","N",".00","","",54835,98660,7493764,9/21/2010,6,
Detail,9085263,B,058449-450030,0986802,"1","CS","8/1.75OZ","NATPTH","OATMEAL POUCH,OG,MPLE NUT","4.09",,"2.013","12.08","4.09","2.413",54835,"M 20","1",0,"N","N",".00","","",54835,98680,7493764,9/21/2010,6,
Detail,9085263,B,835143-000026,0519876,"1","CS","16.9 OZ","TEAS","TEA,BOTTLE,GREEN JASMINE","2.05",,"1.150","13.80",".00","1.150",54835,"","1",0,"N","N",".00","","",54835,51987,7493764,9/21/2010,12,
Detail,9085263,B,026938-899806,0899807,"1","","EA","","TOTES CHARGE",".00",,".000",".00",".00",".000",54835,"NO CHG","1",0,"","",".00","N","",54835,89980,7493764,9/21/2010,1,
Detail,9085263,B,852697-001316,0208793,"0","CS","4.22 OZ","HAPPYT","BABY FD,OG,BAN,PCH,COC,PR",".00",OUT,".000",".00",".00",".000",54835,"","1",0,"N","N",".00","","",54835,20879,7493764,9/21/2010,16,
RecType,InvNum,Type,NumGroceryItems,NumRefrigItems,NumRepackItems,NumFrozenItems,TotalPcs,TotalWt,TotalCubes,NonSpecial,Special,GrossTotal,VolDiscnt,Discount,NetTotal,TotalRetail,Deposits,Adjustments,ProfitAmnt,Profit%,InvDate,CorpCustID,OrderNumber,,,,,,,
Footer,9085263,C,"10","0","1","0","11","157",".69","128.03","94.11","222.14","0",".00","222.14","422.04",".00",".00",".00",".00",9/21/2010,54835,7493764,,,,,,,
