RecType,InvNum,Type,OrderNumber,InvoiceDate,DBA,CustomerNumber,CustomerName,CustAddr1,CustAddr2,City,State,ZipCode,PhoneNumber,Whse,Trip,Terms,D/CFlag,TermsMsg,CorpCustID,CoverSheet,OrdEntryDate,ChainCode,ApplyTo#,PO#,,,,,,
Header,9085268,A,7493829,9/21/2010,1,54835,"WHOLE FDS COOP-DULUTH","610 EAST 4TH STREET","","DULUTH","MN","558050000","218-728-0884",8,"247",7,0,"NET 21 DAYS",54835,3964651,9/20/2010,"CMW",0,"LN2544239-03",,,,,,
RecType,InvNum,Type,UPC,ProductID,QuantityShipped,Unit,Size,Brand,Description,RegularSRP,Status,NetPricePerUnit,ExtendedPrice,SaleSRP,RegPricePerUnit,CustomerID,PriceOrigin,QuantityOrdered,Taxable,LB flag,CW flag,CW2,CNF_RegSRP,CNF_SpcSRP,CorpCustID,CorpProdID,OrderNumber,InvoiceDate,Servings,
Detail,9085268,B,724742-007614,0405084,"0","EA","8 OZ","ALBA","ANCEDOTE FACE&BODY SCRUB",".00",OUT,".000",".00",".00",".000",54835,"PRO 20","1",0,"N","N",".00","","",54835,40508,7493829,9/21/2010,1,
Detail,9085268,B,048685-101087,0825026,"0","EA","8 OZ","HLTHY","BABY SHAMPOO,PANSY FLOWER",".00",OUT,".000",".00",".00",".000",54835,"","1",0,"N","N",".00","","",54835,82502,7493829,9/21/2010,1,
RecType,InvNum,Type,NumGroceryItems,NumRefrigItems,NumRepackItems,NumFrozenItems,TotalPcs,TotalWt,TotalCubes,NonSpecial,Special,GrossTotal,VolDiscnt,Discount,NetTotal,TotalRetail,Deposits,Adjustments,ProfitAmnt,Profit%,InvDate,CorpCustID,OrderNumber,,,,,,,
Footer,9085268,C,"0","0","0","0","0","0",".00",".00",".00",".00","0",".00",".00",".00",".00",".00",".00",".00",9/21/2010,54835,7493829,,,,,,,
