RecType,InvNum,Type,OrderNumber,InvoiceDate,DBA,CustomerNumber,CustomerName,CustAddr1,CustAddr2,City,State,ZipCode,PhoneNumber,Whse,Trip,Terms,D/CFlag,TermsMsg,CorpCustID,CoverSheet,OrdEntryDate,ChainCode,ApplyTo#,PO#,,,,,,
Header,9085257,A,7492501,9/21/2010,1,54835,"WHOLE FDS COOP-DULUTH","610 EAST 4TH STREET","","DULUTH","MN","558050000","218-728-0884",8,"247",7,0,"NET 21 DAYS",54835,3964651,9/20/2010,"CMW",0,"LN2544064-12",,,,,,
RecType,InvNum,Type,UPC,ProductID,QuantityShipped,Unit,Size,Brand,Description,RegularSRP,Status,NetPricePerUnit,ExtendedPrice,SaleSRP,RegPricePerUnit,CustomerID,PriceOrigin,QuantityOrdered,Taxable,LB flag,CW flag,CW2,CNF_RegSRP,CNF_SpcSRP,CorpCustID,CorpProdID,OrderNumber,InvoiceDate,Servings,
Detail,9085257,B,025317-120005,0608687,"1","CS","8 OZ","APLEGT","BACON,TURKEY SLICED,ANTIB","4.29",,"2.491","29.89",".00","2.491",54835,"","1",0,"N","N",".00","","",54835,60868,7492501,9/21/2010,12,
Detail,9085257,B,025317-530002,0274159,"1","CS","12 OZ","APLEGT","HOT DOG,BEEF,ANTIBTC FREE","4.85",,"2.815","33.78",".00","2.815",54835,"","1",0,"N","N",".00","","",54835,27415,7492501,9/21/2010,12,
Detail,9085257,B,025317-105958,0155473,"1","CS","8 OZ","APLEGT","SAUSAGE,CHKN/APL ABF RTE","5.99",,"3.477","41.72",".00","3.477",54835,"","1",0,"N","N",".00","","",54835,15547,7492501,9/21/2010,12,
Detail,9085257,B,025317-005968,0818419,"1","CS","8 OZ","APLEGT","SAUSAGE,CHKN/MPL ABF RTE","5.99",,"3.477","41.72",".00","3.477",54835,"","1",0,"N","N",".00","","",54835,81841,7492501,9/21/2010,12,
Detail,9085257,B,048481-009914,0273003,"1","CS","12 OZ","SHLTON","TURKEY FRANKS","3.85",,"2.222","13.33",".00","2.222",54835,"","1",0,"N","N",".00","","",54835,27300,7492501,9/21/2010,6,
Detail,9085257,B,048481-009907,0511089,"1","CS","12 OZ","SHLTON","TURKEY FRANKS,SMOKED","3.79",,"2.203","13.22",".00","2.203",54835,"","1",0,"N","N",".00","","",54835,51108,7492501,9/21/2010,6,
RecType,InvNum,Type,NumGroceryItems,NumRefrigItems,NumRepackItems,NumFrozenItems,TotalPcs,TotalWt,TotalCubes,NonSpecial,Special,GrossTotal,VolDiscnt,Discount,NetTotal,TotalRetail,Deposits,Adjustments,ProfitAmnt,Profit%,InvDate,CorpCustID,OrderNumber,,,,,,,
Footer,9085257,C,"0","0","0","6","6","39",".16","173.66",".00","173.66","0",".00","173.66","299.28",".00",".00",".00",".00",9/21/2010,54835,7492501,,,,,,,
