RecType,InvNum,Type,OrderNumber,InvoiceDate,DBA,CustomerNumber,CustomerName,CustAddr1,CustAddr2,City,State,ZipCode,PhoneNumber,Whse,Trip,Terms,D/CFlag,TermsMsg,CorpCustID,CoverSheet,OrdEntryDate,ChainCode,ApplyTo#,PO#,,,,,,
Header,9081819,A,9081819,9/21/2010,1,54835,"WHOLE FDS COOP-DULUTH","610 EAST 4TH STREET","","DULUTH","MN","558050000","218-728-0884",8,"000",0,2,"",54835,3964651,9/21/2010,"CMW",9085252,"",,,,,,
RecType,InvNum,Type,UPC,ProductID,QuantityShipped,Unit,Size,Brand,Description,RegularSRP,Status,NetPricePerUnit,ExtendedPrice,SaleSRP,RegPricePerUnit,CustomerID,PriceOrigin,QuantityOrdered,Taxable,LB flag,CW flag,CW2,CNF_RegSRP,CNF_SpcSRP,CorpCustID,CorpProdID,OrderNumber,InvoiceDate,Servings,
Detail,9081819,B,035742-140226,0108746,"-1","CS","6 OZ","HV","CRACKER,OG,BRSCHTA,VEG,LF",".00",,"1.905","-11.43",".00","1.905",54835,"","-1",0,"N","N",".00","","",54835,10874,9081819,9/21/2010,6,
Detail,9081819,B,081312-000070,0291443,"-1","CS","4 OZ","REDWD","CHEVRE,GARLIC & CHIVE",".00",,".000",".00",".00",".000",54835,"","-1",0,"N","N",".00","","",54835,29144,9081819,9/21/2010,6,
Detail,9081819,B,043454-100629,0424481,"-1","CS","12 OZ","LTLIFE","SMART SAUSAGE ITALIAN",".00",,"3.006","-24.05",".00","3.006",54835,"","-1",0,"N","N",".00","","",54835,42448,9081819,9/21/2010,8,
Detail,9081819,B,026938-494780,0494781,"-1","CS","#","BULK D","BUCKWHEAT,OG,RAW,GROAT",".00",,"1.037","-25.92",".00","1.037",54835,"","-1",0,"N","N",".00","","",54835,49478,9081819,9/21/2010,25,
Detail,9081819,B,725342-289868,0601427,"-1","CS","25.5 OZ","MUIR","PASTA SCE,OG,GARDEN VEG",".00",,"1.967","-23.60",".00","1.967",54835,"","-1",0,"N","N",".00","","",54835,60142,9081819,9/21/2010,12,
Detail,9081819,B,026938-627102,0627109,"-1","CS","#","BULK H","BEANS,OG,GARBANZO,CHKPEA",".00",,".000",".00",".00",".000",54835,"","-1",0,"N","N",".00","","",54835,62710,9081819,9/21/2010,25,
Detail,9081819,B,757645-660105,0691733,"-3","1","7 #","NEWMAN","DOG FOOD,OG,ADLT,CHKN&RCE",".00",,"9.610","-28.83",".00","9.610",54835,"","-3",0,"N","N",".00","","",54835,69173,9081819,9/21/2010,1,
Detail,9081819,B,894185-000852,0911354,"-1","CS",".35 OZ","BROTHR","FRUIT CRISP,ASIAN PEAR",".00",,".000",".00",".00",".000",54835,"","-1",0,"N","N",".00","","",54835,91135,9081819,9/21/2010,24,
RecType,InvNum,Type,NumGroceryItems,NumRefrigItems,NumRepackItems,NumFrozenItems,TotalPcs,TotalWt,TotalCubes,NonSpecial,Special,GrossTotal,VolDiscnt,Discount,NetTotal,TotalRetail,Deposits,Adjustments,ProfitAmnt,Profit%,InvDate,CorpCustID,OrderNumber,,,,,,,
Footer,9081819,C,"0","0","0","0","0","0",".00",".00",".00","-113.83","0",".00","-113.83",".00",".00",".00",".00",".00",9/21/2010,54835,9081819,,,,,,,
