RecType,InvNum,Type,OrderNumber,InvoiceDate,DBA,CustomerNumber,CustomerName,CustAddr1,CustAddr2,City,State,ZipCode,PhoneNumber,Whse,Trip,Terms,D/CFlag,TermsMsg,CorpCustID,CoverSheet,OrdEntryDate,ChainCode,ApplyTo#,PO#,,,,,,
Header,9085261,A,7493651,9/21/2010,1,54835,"WHOLE FDS COOP-DULUTH","610 EAST 4TH STREET","","DULUTH","MN","558050000","218-728-0884",8,"247",7,0,"NET 21 DAYS",54835,3964651,9/20/2010,"CMW",0,"LN2544204-03",,,,,,
RecType,InvNum,Type,UPC,ProductID,QuantityShipped,Unit,Size,Brand,Description,RegularSRP,Status,NetPricePerUnit,ExtendedPrice,SaleSRP,RegPricePerUnit,CustomerID,PriceOrigin,QuantityOrdered,Taxable,LB flag,CW flag,CW2,CNF_RegSRP,CNF_SpcSRP,CorpCustID,CorpProdID,OrderNumber,InvoiceDate,Servings,
Detail,9085261,B,026938-462734,0462739,"1","LB","5 #","BRUNKW","CHEDDAR,COLORED","6.49",,"3.360","15.25",".00","3.360",54835,"","1",0,"N","Y","4.54","","",54835,46273,7493651,9/21/2010,1,
Detail,9085261,B,026938-462277,0462275,"1","LB","5 #","BRUNKW","CHEDDAR,YELLOW,MED","6.99",,"3.620","18.68",".00","3.620",54835,"","1",0,"N","Y","5.16","","",54835,46227,7493651,9/21/2010,1,
Detail,9085261,B,026938-462895,0462895,"1","LB","5 #","BRUNKW","CHEDDR,MILD WHITE RM","6.79",,"3.510","18.88",".00","3.510",54835,"","1",0,"N","Y","5.38","","",54835,46289,7493651,9/21/2010,1,
Detail,9085261,B,026938-462437,0462432,"1","LB","5 #","BRUNKW","PEPPER JACK,JALAPENO","6.65",,"3.440","16.44",".00","3.440",54835,"","1",0,"N","Y","4.78","","",54835,46243,7493651,9/21/2010,1,
Detail,9085261,B,049568-530109,0476911,"1","CS","10 OZ","FOLLOW","CHEDDAR VEGAN CHEESE","5.15",,"2.649","31.79",".00","2.649",54835,"","1",0,"N","N",".00","","",54835,47691,7493651,9/21/2010,12,
Detail,9085261,B,045296-199946,0193144,"1","CS","8 OZ","LISANT","RICE CHEESE,CHEDDAR","4.35",,"2.245","26.94",".00","2.245",54835,"","1",0,"N","N",".00","","",54835,19314,7493651,9/21/2010,12,
Detail,9085261,B,079004-100023,0493551,"1","CS","8 OZ","MTSTRL","CHEDDAR,GOAT,RAW","6.59",,"3.403","40.83",".00","3.403",54835,"","1",0,"N","N",".00","","",54835,49355,7493651,9/21/2010,12,
Detail,9085261,B,093966-113105,0222208,"1","CS","8 OZ","OGVAL","CHEDDAR,OG,MILD,RAW","6.15",,"3.181","38.17",".00","3.181",54835,"","1",0,"N","N",".00","","",54835,22220,7493651,9/21/2010,12,
Detail,9085261,B,093966-213010,0391789,"1","CS","8 OZ","OGVAL","FETA,OG (COW MILK)","6.15",,"3.181","38.17",".00","3.181",54835,"","1",0,"N","N",".00","","",54835,39178,7493651,9/21/2010,12,
Detail,9085261,B,093966-113303,0189704,"1","CS","8 OZ","OGVAL","MNTRY JACK,OG,RAW,UNPAST","6.15",,"3.181","38.17",".00","3.181",54835,"","1",0,"N","N",".00","","",54835,18970,7493651,9/21/2010,12,
Detail,9085261,B,093966-452709,0598086,"1","CS","6 OZ","OGVAL","MOZZ,OG,SHRED,PART SKIM","5.69",,"2.940","35.28",".00","2.940",54835,"","1",0,"N","N",".00","","",54835,59808,7493651,9/21/2010,12,
Detail,9085261,B,093966-000054,0602441,"1","CS","1 OZ","OGVAL","STRINGLES,OG",".85",,".437","10.49",".00",".437",54835,"","1",0,"N","N",".00","","",54835,60244,7493651,9/21/2010,24,
Detail,9085261,B,037983-000154,0797621,"1","CS","8 OZ","RELLA","VEGANRELLA,CHEDDAR","3.99",,"2.062","12.37",".00","2.062",54835,"","1",0,"N","N",".00","","",54835,79762,7493651,9/21/2010,6,
Detail,9085261,B,078016-123440,0797670,"1","CS","12 OZ","SOYA","MOZZARELLA STYLE","7.05",,"3.635","21.81",".00","3.635",54835,"","1",0,"N","N",".00","","",54835,79767,7493651,9/21/2010,6,
Detail,9085261,B,026938-505998,0505990,"1","LB","7 #","SWSVAL","SWISS,GRADE A","5.19",,"2.680","15.87",".00","2.680",54835,"","1",0,"N","Y","5.92","","",54835,50599,7493651,9/21/2010,1,
Detail,9085261,B,020188-050253,0327270,"1","CS","8 OZ","TOFUTI","BTR THN CRM CHESE,NON-HYD","3.85",,"1.967","23.60",".00","1.967",54835,"","1",0,"N","N",".00","","",54835,32727,7493651,9/21/2010,12,
RecType,InvNum,Type,NumGroceryItems,NumRefrigItems,NumRepackItems,NumFrozenItems,TotalPcs,TotalWt,TotalCubes,NonSpecial,Special,GrossTotal,VolDiscnt,Discount,NetTotal,TotalRetail,Deposits,Adjustments,ProfitAmnt,Profit%,InvDate,CorpCustID,OrderNumber,,,,,,,
Footer,9085261,C,"0","16","0","0","16","89",".23","402.74",".00","402.74","0",".00","402.74","780.17",".00",".00",".00",".00",9/21/2010,54835,7493651,,,,,,,
