RecType,InvNum,Type,OrderNumber,InvoiceDate,DBA,CustomerNumber,CustomerName,CustAddr1,CustAddr2,City,State,ZipCode,PhoneNumber,Whse,Trip,Terms,D/CFlag,TermsMsg,CorpCustID,CoverSheet,OrdEntryDate,ChainCode,ApplyTo#,PO#,,,,,,
Header,9061266,A,9061266,9/17/2010,1,54835,"WHOLE FDS COOP-DULUTH","610 EAST 4TH STREET","","DULUTH","MN","558050000","218-728-0884",8,"000",0,2,"",54835,3959368,9/17/2010,"CMW",9071588,"",,,,,,
RecType,InvNum,Type,UPC,ProductID,QuantityShipped,Unit,Size,Brand,Description,RegularSRP,Status,NetPricePerUnit,ExtendedPrice,SaleSRP,RegPricePerUnit,CustomerID,PriceOrigin,QuantityOrdered,Taxable,LB flag,CW flag,CW2,CNF_RegSRP,CNF_SpcSRP,CorpCustID,CorpProdID,OrderNumber,InvoiceDate,Servings,
Detail,9061266,B,022506-201163,0113902,"-1","1","16 OZ","SPCTRM","CANOLA MAYONNAISE",".00",,"3.080","-3.08",".00","3.080",54835,"","-1",0,"N","N",".00","","",54835,11390,9061266,9/17/2010,1,
Detail,9061266,B,084253-224635,0114926,"-1","CS","32 OZ","IMAGIN","RICE BEV,VAN HAZELNUT",".00",,".000",".00",".00",".000",54835,"","-1",0,"N","N",".00","","",54835,11492,9061266,9/17/2010,12,
Detail,9061266,B,036192-122213,0130450,"-1","CS","32 OZ","SANCRZ","JUICE,OG,CONCORD GRAPE",".00",,"2.338","-28.05",".00","2.338",54835,"","-1",0,"N","N",".00","","",54835,13045,9061266,9/17/2010,12,
Detail,9061266,B,843571-000150,0182311,"-1","CS","10.5 OZ","POPIND","POPCORN INDIANA,KETTLECRN",".00",,".000",".00",".00",".000",54835,"","-1",0,"N","N",".00","","",54835,18231,9061266,9/17/2010,12,
Detail,9061266,B,099482-421618,0190058,"-1","CS","4 ROLL","365","BATH TISSUE,DBL ROLL,2PLY",".00",,".000",".00",".00",".000",54835,"","-1",0,"N","N",".00","","",54835,19005,9061266,9/17/2010,18,
Detail,9061266,B,024335-014105,0196840,"-1","CS","16 OZ","LITTLB","CHIPS,OG,BL CORN,TORT",".00",,"2.902","-34.82",".00","2.902",54835,"","-1",0,"N","N",".00","","",54835,19684,9061266,9/17/2010,12,
Detail,9061266,B,073360-233418,0230698,"-1","CS","12/12 OZ","LACRX","SPRKLNG WTR,CAN,LIME",".00",,"3.170","-6.34",".00","3.170",54835,"","-1",0,"N","N",".00","","",54835,23069,9061266,9/17/2010,2,
Detail,9061266,B,725342-280711,0368183,"-1","CS","15 OZ","MUIR","TOMATO SAUCE,OG,REGULAR",".00",,"1.203","-14.43",".00","1.203",54835,"","-1",0,"N","N",".00","","",54835,36818,9061266,9/17/2010,12,
Detail,9061266,B,843571-000327,0377242,"-1","CS","7.5 OZ","POPIND","POPCORN,MOVIE THEATER",".00",,"1.851","-22.21",".00","1.851",54835,"","-1",0,"N","N",".00","","",54835,37724,9061266,9/17/2010,12,
Footer,9061266,C,"0","0","0","0","0","0",".00",".00",".00","-108.93","0",".00","-108.93",".00",".00",".00",".00",".00",9/17/2010,54835,9061266,,,,,,,
