RecType,InvNum,Type,OrderNumber,InvoiceDate,DBA,CustomerNumber,CustomerName,CustAddr1,CustAddr2,City,State,ZipCode,PhoneNumber,Whse,Trip,Terms,D/CFlag,TermsMsg,CorpCustID,CoverSheet,OrdEntryDate,ChainCode,ApplyTo#,PO#,,,,,,
Header,8434154,A,6904769,6/12/2010,1,54835,"WHOLE FDS COOP-DULUTH","610 EAST 4TH STREET","","DULUTH","MN","558050000","218-728-0884",8,"642",7,0,"NET 21 DAYS",54835,3701359,6/11/2010,"CMW",0,"LN2344590-08",,,,,,
RecType,InvNum,Type,UPC,ProductID,QuantityShipped,Unit,Size,Brand,Description,RegularSRP,Status,NetPricePerUnit,ExtendedPrice,SaleSRP,RegPricePerUnit,CustomerID,PriceOrigin,QuantityOrdered,Taxable,LB flag,CW flag,CW2,CNF_RegSRP,CNF_SpcSRP,CorpCustID,CorpProdID,OrderNumber,InvoiceDate,Servings,
Detail,8434154,B,041570-054130,0750976,"1","CS","32 OZ","BLUE-D","ALMOND BREEZE,ORIG,UNSWTD","2.79",,"1.588","19.05",".00","1.588",54835,"","1",0,"N","N",".00","","",54835,75097,6904769,6/12/2010,12,
Detail,8434154,B,729906-119509,0160648,"1","CS","8/1.5 OZ","CNTRYC","INSTNT OATMEAL,OG,MPL SYR","4.25",,"2.522","15.13",".00","2.522",54835,"","1",0,"N","N",".00","","",54835,16064,6904769,6/12/2010,6,
Detail,8434154,B,708406-317158,0902742,"1","CS","32 OZ","VRUIT","JUICE,TROPCIAL BLEND","3.39",,"1.649","19.79","3.39","1.988",54835,"PRO 20","1",0,"N","N",".00","","",54835,90274,6904769,6/12/2010,12,
Detail,8434154,B,042563-014391,0503292,"2","CS","64 OZ","WODSTK","PICKLES,OG,BABY,KSHR,DILL","12.39",,"7.102","85.22",".00","7.102",54835,"","2",0,"N","N",".00","","",54835,50329,6904769,6/12/2010,6,
Detail,8434154,B,042563-013660,0242669,"2","CS","24 OZ","WODSTK","PICKLES,OG,WHL,KOSHR DILL","5.75",,"3.275","39.30",".00","3.275",54835,"","2",0,"N","N",".00","","",54835,24266,6904769,6/12/2010,6,
RecType,InvNum,Type,NumGroceryItems,NumRefrigItems,NumRepackItems,NumFrozenItems,TotalPcs,TotalWt,TotalCubes,NonSpecial,Special,GrossTotal,VolDiscnt,Discount,NetTotal,TotalRetail,Deposits,Adjustments,ProfitAmnt,Profit%,InvDate,CorpCustID,OrderNumber,,,,,,,
Footer,8434154,C,"7","0","0","0","7","164",".36","158.70","19.79","178.49","0",".00","178.49","317.34",".00",".00",".00",".00",6/12/2010,54835,6904769,,,,,,,
