RecType,InvNum,Type,OrderNumber,InvoiceDate,DBA,CustomerNumber,CustomerName,CustAddr1,CustAddr2,City,State,ZipCode,PhoneNumber,Whse,Trip,Terms,D/CFlag,TermsMsg,CorpCustID,CoverSheet,OrdEntryDate,ChainCode,ApplyTo#,PO#,,,,,,
Header,8434158,A,6904889,6/12/2010,1,54835,"WHOLE FDS COOP-DULUTH","610 EAST 4TH STREET","","DULUTH","MN","558050000","218-728-0884",8,"642",7,0,"NET 21 DAYS",54835,3701359,6/11/2010,"CMW",0,"LN2344602-01",,,,,,
RecType,InvNum,Type,UPC,ProductID,QuantityShipped,Unit,Size,Brand,Description,RegularSRP,Status,NetPricePerUnit,ExtendedPrice,SaleSRP,RegPricePerUnit,CustomerID,PriceOrigin,QuantityOrdered,Taxable,LB flag,CW flag,CW2,CNF_RegSRP,CNF_SpcSRP,CorpCustID,CorpProdID,OrderNumber,InvoiceDate,Servings,
Detail,8434158,B,026938-049805,0498006,"1","CS","#","BULK F","ALMONDS,SLICED,NAT,THICK","5.85",,"3.250","81.25",".00","3.250",54835,"","1",0,"N","N",".00","","",54835,49800,6904889,6/12/2010,25,
Detail,8434158,B,026938-002961,0296020,"1","CS","#","BULK F","WALNUTS,HVS/PCS,RAW","5.95",,"3.326","83.14",".00","3.326",54835,"","1",0,"N","N",".00","","",54835,29602,6904889,6/12/2010,25,
Detail,8434158,B,041617-002407,0121426,"1","CS","#","RUMFD","BAKING POWDER","3.29",,"1.900","9.50",".00","1.900",54835,"","1",0,"N","N",".00","","",54835,12142,6904889,6/12/2010,5,
Detail,8434158,B,021908-525013,0242651,"1","CS","10 OZ","CSCADE","PEACHES,OG,SLICED","4.29",,"2.514","30.17",".00","2.514",54835,"","1",0,"N","N",".00","","",54835,24265,6904889,6/12/2010,12,
Detail,8434158,B,895543-001023,0100636,"1","CS","6 CT","SNOMAW","WRAPS,OG,FLOUR W/EVOO","5.05",,"2.956","35.47",".00","2.956",54835,"","1",0,"N","N",".00","","",54835,10063,6904889,6/12/2010,12,
Detail,8434158,B,030684-093333,0129924,"1","CS","8 OZ","MIDEL","GINGER SNAPS,OG","3.95",,"2.265","27.18",".00","2.265",54835,"","1",0,"N","N",".00","","",54835,12992,6904889,6/12/2010,12,
Detail,8434158,B,026938-899806,0899807,"1","","EA","","TOTES CHARGE",".00",,".000",".00",".00",".000",54835,"NO CHG","1",0,"","",".00","N","",54835,89980,6904889,6/12/2010,1,
Detail,8434158,B,042563-010867,0657767,"0","CS","#","BULK B","COCONUT,OG,MED,SHRD",".00",OUT,".000",".00",".00",".000",54835,"","1",0,"N","N",".00","","",54835,65776,6904889,6/12/2010,25,
RecType,InvNum,Type,NumGroceryItems,NumRefrigItems,NumRepackItems,NumFrozenItems,TotalPcs,TotalWt,TotalCubes,NonSpecial,Special,GrossTotal,VolDiscnt,Discount,NetTotal,TotalRetail,Deposits,Adjustments,ProfitAmnt,Profit%,InvDate,CorpCustID,OrderNumber,,,,,,,
Footer,8434158,C,"1","2","1","2","6","93",".51","266.71",".00","266.71","0",".00","266.71","470.93",".00",".00",".00",".00",6/12/2010,54835,6904889,,,,,,,
