RecType,InvNum,Type,OrderNumber,InvoiceDate,DBA,CustomerNumber,CustomerName,CustAddr1,CustAddr2,City,State,ZipCode,PhoneNumber,Whse,Trip,Terms,D/CFlag,TermsMsg,CorpCustID,CoverSheet,OrdEntryDate,ChainCode,ApplyTo#,PO#,,,,,,
Header,8434150,A,6904180,6/12/2010,1,54835,"WHOLE FDS COOP-DULUTH","610 EAST 4TH STREET","","DULUTH","MN","558050000","218-728-0884",8,"642",7,0,"NET 21 DAYS",54835,3701359,6/11/2010,"CMW",0,"LN2344528-08",,,,,,
RecType,InvNum,Type,UPC,ProductID,QuantityShipped,Unit,Size,Brand,Description,RegularSRP,Status,NetPricePerUnit,ExtendedPrice,SaleSRP,RegPricePerUnit,CustomerID,PriceOrigin,QuantityOrdered,Taxable,LB flag,CW flag,CW2,CNF_RegSRP,CNF_SpcSRP,CorpCustID,CorpProdID,OrderNumber,InvoiceDate,Servings,
Detail,8434150,B,042272-001606,0175778,"1","CS","9.5 OZ","AMY'S","BOWL,OG,TERIYAKI","4.85",,"2.997","35.96",".00","2.997",54835,"","1",0,"N","N",".00","","",54835,17577,6904180,6/12/2010,12,
Detail,8434150,B,073472-003695,0538579,"1","CS","12 OZ","FDLIFE","TORTILLAS,BROWN RICE,G/F","3.29",,"1.697","20.36","3.29","1.928",54835,"M 15","1",0,"N","N",".00","","",54835,53857,6904180,6/12/2010,12,
Detail,8434150,B,749512-223506,0457515,"1","CS","8 OZ","IAN'S","CHICKEN NUGGETS,WF,GF","6.15",,"3.622","43.46",".00","3.622",54835,"","1",0,"N","N",".00","","",54835,45751,6904180,6/12/2010,12,
RecType,InvNum,Type,NumGroceryItems,NumRefrigItems,NumRepackItems,NumFrozenItems,TotalPcs,TotalWt,TotalCubes,NonSpecial,Special,GrossTotal,VolDiscnt,Discount,NetTotal,TotalRetail,Deposits,Adjustments,ProfitAmnt,Profit%,InvDate,CorpCustID,OrderNumber,,,,,,,
Footer,8434150,C,"0","0","0","3","3","29",".16","79.42","20.36","99.78","0",".00","99.78","171.48",".00",".00",".00",".00",6/12/2010,54835,6904180,,,,,,,
