RecType,InvNum,Type,OrderNumber,InvoiceDate,DBA,CustomerNumber,CustomerName,CustAddr1,CustAddr2,City,State,ZipCode,PhoneNumber,Whse,Trip,Terms,D/CFlag,TermsMsg,CorpCustID,CoverSheet,OrdEntryDate,ChainCode,ApplyTo#,PO#,,,,,,
Header,8434165,A,6904920,6/12/2010,1,54835,"WHOLE FDS COOP-DULUTH","610 EAST 4TH STREET","","DULUTH","MN","558050000","218-728-0884",8,"642",7,0,"NET 21 DAYS",54835,3701359,6/11/2010,"CMW",0,"LN2344621-21",,,,,,
RecType,InvNum,Type,UPC,ProductID,QuantityShipped,Unit,Size,Brand,Description,RegularSRP,Status,NetPricePerUnit,ExtendedPrice,SaleSRP,RegPricePerUnit,CustomerID,PriceOrigin,QuantityOrdered,Taxable,LB flag,CW flag,CW2,CNF_RegSRP,CNF_SpcSRP,CorpCustID,CorpProdID,OrderNumber,InvoiceDate,Servings,
Detail,8434165,B,089836-027801,0546739,"1","EA","#","FRNTHB","BROTH POWDER,OG,VEG,L/S","24.69",,"9.090","9.09",".00","9.090",54835,"","1",0,"N","N",".00","","",54835,54673,6904920,6/12/2010,1,
Detail,8434165,B,089836-026507,0478271,"1","EA","#","FRNTHB","CURRY POWDER,OG","19.75",,"7.270","7.27",".00","7.270",54835,"","1",0,"N","N",".00","","",54835,47827,6904920,6/12/2010,1,
Detail,8434165,B,089836-025241,0298331,"1","EA","#","FRNTHB","GARLIC GRANULES,OG","15.69",,"5.770","5.77",".00","5.770",54835,"","1",0,"N","N",".00","","",54835,29833,6904920,6/12/2010,1,
Detail,8434165,B,089836-009616,0402180,"1","EA","#","FRNTHB","NETTLE LEAF,OG,C/S","22.35",,"8.230","8.23",".00","8.230",54835,"","1",0,"N","N",".00","","",54835,40218,6904920,6/12/2010,1,
Detail,8434165,B,089836-003713,0298372,"1","EA","#","FRNTHB","ONION POWDER,OG","16.05",,"5.900","5.90",".00","5.900",54835,"","1",0,"N","N",".00","","",54835,29837,6904920,6/12/2010,1,
Detail,8434165,B,089836-007810,0546713,"1","EA","#","FRNTHB","SPEARMINT LEAF,OG,C/S","20.75",,"7.640","7.64",".00","7.640",54835,"","1",0,"N","N",".00","","",54835,54671,6904920,6/12/2010,1,
Detail,8434165,B,089836-003782,0402222,"1","EA","#","FRNTHB","THYME LEAF,OG,WHOLE","26.95",,"9.930","9.93",".00","9.930",54835,"","1",0,"N","N",".00","","",54835,40222,6904920,6/12/2010,1,
Detail,8434165,B,089836-026040,0448639,"2","EA","#","FRNTHB","TUMERIC ROOT GROUND, OG","14.35",,"5.270","10.54",".00","5.270",54835,"","2",0,"N","N",".00","","",54835,44863,6904920,6/12/2010,1,
Detail,8434165,B,089836-027702,0546333,"1","EA","#","FRNTHB","CHILI POWDER BLEND,OG","24.69",,"9.090","9.09",".00","9.090",54835,"","1",0,"N","N",".00","","",54835,54633,6904920,6/12/2010,1,
Detail,8434165,B,089836-028211,0684456,"1","EA","#","FRNTHB","TEA,OG,FT,ASSAM","30.45",,"11.220","11.22",".00","11.220",54835,"","1",0,"N","N",".00","","",54835,68445,6904920,6/12/2010,1,
Detail,8434165,B,089836-028730,0551770,"1","EA","#","FRNTHB","TEA,OG,FT,GUNPOWDER GREEN","32.75",,"12.050","12.05",".00","12.050",54835,"","1",0,"N","N",".00","","",54835,55177,6904920,6/12/2010,1,
Detail,8434165,B,026938-899806,0899807,"1","","EA","","TOTES CHARGE",".00",,".000",".00",".00",".000",54835,"NO CHG","1",0,"","",".00","N","",54835,89980,6904920,6/12/2010,1,
Detail,8434165,B,089836-008633,0791673,"0","EA","#","FRNTHB","PSYLLIUM SD HUSK,OG,WHOLE",".00",OUT,".000",".00",".00",".000",54835,"","1",0,"N","N",".00","","",54835,79167,6904920,6/12/2010,1,
Detail,8434165,B,089836-070159,0174151,"0","EA","#","FRNTHB","TUMERIC,OG,ROOT, FT",".00",OUT,".000",".00",".00",".000",54835,"","1",0,"N","N",".00","","",54835,17415,6904920,6/12/2010,1,
Detail,8434165,B,089836-026491,0546556,"0","EA","#","FRNTHB","ITALIAN SEASONING,OG,WHL",".00",OUT,".000",".00",".00",".000",54835,"","1",0,"N","N",".00","","",54835,54655,6904920,6/12/2010,1,
RecType,InvNum,Type,NumGroceryItems,NumRefrigItems,NumRepackItems,NumFrozenItems,TotalPcs,TotalWt,TotalCubes,NonSpecial,Special,GrossTotal,VolDiscnt,Discount,NetTotal,TotalRetail,Deposits,Adjustments,ProfitAmnt,Profit%,InvDate,CorpCustID,OrderNumber,,,,,,,
Footer,8434165,C,"0","0","1","0","1","20",".23","96.73",".00","96.73","0",".00","96.73","262.82",".00",".00",".00",".00",6/12/2010,54835,6904920,,,,,,,
