RecType,InvNum,Type,OrderNumber,InvoiceDate,DBA,CustomerNumber,CustomerName,CustAddr1,CustAddr2,City,State,ZipCode,PhoneNumber,Whse,Trip,Terms,D/CFlag,TermsMsg,CorpCustID,CoverSheet,OrdEntryDate,ChainCode,ApplyTo#,PO#,,,,,,
Header,8434149,A,6904179,6/12/2010,1,54835,"WHOLE FDS COOP-DULUTH","610 EAST 4TH STREET","","DULUTH","MN","558050000","218-728-0884",8,"642",7,0,"NET 21 DAYS",54835,3701359,6/11/2010,"CMW",0,"LN2344528-05",,,,,,
RecType,InvNum,Type,UPC,ProductID,QuantityShipped,Unit,Size,Brand,Description,RegularSRP,Status,NetPricePerUnit,ExtendedPrice,SaleSRP,RegPricePerUnit,CustomerID,PriceOrigin,QuantityOrdered,Taxable,LB flag,CW flag,CW2,CNF_RegSRP,CNF_SpcSRP,CorpCustID,CorpProdID,OrderNumber,InvoiceDate,Servings,
Detail,8434149,B,049568-020167,0383067,"1","CS","16 OZ","FOLLOW","VEGENAISE,GRAPESEED OIL","5.69",,"3.423","41.07",".00","3.423",54835,"","1",0,"N","N",".00","","",54835,38306,6904179,6/12/2010,12,
Detail,8434149,B,043192-310502,0280628,"1","CS","16 OZ","NANCYS","COTTAGE CHEESE,LOW FAT","4.15",,"2.170","13.02",".00","2.170",54835,"","1",0,"N","N",".00","","",54835,28062,6904179,6/12/2010,6,
Detail,8434149,B,054319-000046,0431981,"2","CS","32 OZ","SEVEN","YOGURT,OG,PLAIN,LOWFT","4.35",,"2.602","31.22",".00","2.602",54835,"","2",0,"N","N",".00","","",54835,43198,6904179,6/12/2010,6,
Detail,8434149,B,052159-000028,0636944,"1","CS","32 OZ","STNFLD","YOGURT,OG,WM,FRENCH VAN","4.65",,"2.778","16.67",".00","2.778",54835,"","1",0,"N","N",".00","","",54835,63694,6904179,6/12/2010,6,
RecType,InvNum,Type,NumGroceryItems,NumRefrigItems,NumRepackItems,NumFrozenItems,TotalPcs,TotalWt,TotalCubes,NonSpecial,Special,GrossTotal,VolDiscnt,Discount,NetTotal,TotalRetail,Deposits,Adjustments,ProfitAmnt,Profit%,InvDate,CorpCustID,OrderNumber,,,,,,,
Footer,8434149,C,"0","5","0","0","5","66",".20","101.98",".00","101.98","0",".00","101.98","173.28",".00",".00",".00",".00",6/12/2010,54835,6904179,,,,,,,
