RecType,InvNum,Type,OrderNumber,InvoiceDate,DBA,CustomerNumber,CustomerName,CustAddr1,CustAddr2,City,State,ZipCode,PhoneNumber,Whse,Trip,Terms,D/CFlag,TermsMsg,CorpCustID,CoverSheet,OrdEntryDate,ChainCode,ApplyTo#,PO#,,,,,,
Header,8126831,A,8126831,4/28/2010,1,54835,"WHOLE FOODS COMMUNITY COO","610 EAST 4TH STREET","","DULUTH","MN","558050000","218-728-0884",8,"000",0,2,"",54835,3583555,4/28/2010,"CMW",8146316,"",,,,,,
RecType,InvNum,Type,UPC,ProductID,QuantityShipped,Unit,Size,Brand,Description,RegularSRP,Status,NetPricePerUnit,ExtendedPrice,SaleSRP,RegPricePerUnit,CustomerID,PriceOrigin,QuantityOrdered,Taxable,LB flag,CW flag,CW2,CNF_RegSRP,CNF_SpcSRP,CorpCustID,CorpProdID,OrderNumber,InvoiceDate,Servings,
Detail,8126831,B,680692-101089,0180158,"-1","CS","18 BAG","NUMI","GREEN TEA,OG,JASMINE/MKNG",".00",,"3.778","-22.67",".00","3.778",54835,"","-1",0,"N","N",".00","","",54835,18015,8126831,4/28/2010,6,
Detail,8126831,B,048481-011115,0253740,"-1","CS","15 OZ","SHLTON","CHILI,CHICKEN,MILD,W/BN",".00",,"2.238","-26.86",".00","2.238",54835,"","-1",0,"N","N",".00","","",54835,25374,8126831,4/28/2010,12,
Detail,8126831,B,075720-000401,0551028,"-1","CS","33.8 OZ","POLAND","SPRKLNG WATER,LEMON,LITER",".00",,".654","-7.85",".00",".654",54835,"","-1",0,"N","N",".00","","",54835,55102,8126831,4/28/2010,12,
Detail,8126831,B,075720-000302,0591024,"-1","CS","33.8 OZ","POLAND","SPRKLNG WATER,LIME,LITER",".00",,".000",".00",".00",".000",54835,"","-1",0,"N","N",".00","","",54835,59102,8126831,4/28/2010,12,
Detail,8126831,B,858328-761901,0724526,"-1","CS","14.5 OZ","WOLFGN","SOUP,OG,CORN CHOWDER",".00",,".000",".00",".00",".000",54835,"","-1",0,"N","N",".00","","",54835,72452,8126831,4/28/2010,12,
Detail,8126831,B,072310-001923,0886960,"-1","CS","18 CT","BIGELW","TEA,ASSORTED 6 VARIETY",".00",,".000",".00",".00",".000",54835,"","-1",0,"N","N",".00","","",54835,88696,8126831,4/28/2010,6,
RecType,InvNum,Type,NumGroceryItems,NumRefrigItems,NumRepackItems,NumFrozenItems,TotalPcs,TotalWt,TotalCubes,NonSpecial,Special,GrossTotal,VolDiscnt,Discount,NetTotal,TotalRetail,Deposits,Adjustments,ProfitAmnt,Profit%,InvDate,CorpCustID,OrderNumber,,,,,,,
Footer,8126831,C,"0","0","0","0","0","0",".00",".00",".00","-57.38","0",".00","-57.38",".00",".00",".00",".00",".00",4/28/2010,54835,8126831,,,,,,,
