RecType,InvNum,Type,OrderNumber,InvoiceDate,DBA,CustomerNumber,CustomerName,CustAddr1,CustAddr2,City,State,ZipCode,PhoneNumber,Whse,Trip,Terms,D/CFlag,TermsMsg,CorpCustID,CoverSheet,OrdEntryDate,ChainCode,ApplyTo#,PO#,,,,,,
Header,8134830,A,8134830,4/28/2010,1,54835,"WHOLE FOODS COMMUNITY COO","610 EAST 4TH STREET","","DULUTH","MN","558050000","218-728-0884",8,"000",0,2,"",54835,3583555,4/28/2010,"CMW",8146316,"",,,,,,
RecType,InvNum,Type,UPC,ProductID,QuantityShipped,Unit,Size,Brand,Description,RegularSRP,Status,NetPricePerUnit,ExtendedPrice,SaleSRP,RegPricePerUnit,CustomerID,PriceOrigin,QuantityOrdered,Taxable,LB flag,CW flag,CW2,CNF_RegSRP,CNF_SpcSRP,CorpCustID,CorpProdID,OrderNumber,InvoiceDate,Servings,
Detail,8134830,B,744473-440337,0435222,"-1","CS","8/2.3 OZ","SO DEL","ND,SNDWCH,MINI,MINT",".00",,".000",".00",".00",".000",54835,"","-1",0,"N","N",".00","","",54835,43522,8134830,4/28/2010,12,
Detail,8134830,B,042272-001026,0522920,"-1","CS","14 OZ","AMY'S","PIZZA,OG,SPIN & TOM",".00",,"4.216","-33.73",".00","4.216",54835,"","-1",0,"N","N",".00","","",54835,52292,8134830,4/28/2010,8,
Detail,8134830,B,744473-440313,0693952,"-1","CS","8/2.3 OZ","SO DEL","ND,BAR,MULTI SAND,VAN MIN",".00",,"2.346","-28.15",".00","2.346",54835,"","-1",0,"N","N",".00","","",54835,69395,8134830,4/28/2010,12,
Detail,8134830,B,079973-125768,0805028,"-1","CS","6 OZ","HWELTH","MUNCHEES,SPINACH TOFU",".00",,".000",".00",".00",".000",54835,"","-1",0,"N","N",".00","","",54835,80502,8134830,4/28/2010,12,
Footer,8134830,C,"0","0","0","0","0","0",".00",".00",".00","-61.88","0",".00","-61.88",".00",".00",".00",".00",".00",4/28/2010,54835,8134830,,,,,,,
