RecType,InvNum,Type,OrderNumber,InvoiceDate,DBA,CustomerNumber,CustomerName,CustAddr1,CustAddr2,City,State,ZipCode,PhoneNumber,Whse,Trip,Terms,D/CFlag,TermsMsg,CorpCustID,CoverSheet,OrdEntryDate,ChainCode,ApplyTo#,PO#,,,,,,
Header,8134812,A,8134812,4/28/2010,1,54835,"WHOLE FOODS COMMUNITY COO","610 EAST 4TH STREET","","DULUTH","MN","558050000","218-728-0884",8,"000",0,2,"",54835,3583555,4/28/2010,"CMW",8146316,"",,,,,,
RecType,InvNum,Type,UPC,ProductID,QuantityShipped,Unit,Size,Brand,Description,RegularSRP,Status,NetPricePerUnit,ExtendedPrice,SaleSRP,RegPricePerUnit,CustomerID,PriceOrigin,QuantityOrdered,Taxable,LB flag,CW flag,CW2,CNF_RegSRP,CNF_SpcSRP,CorpCustID,CorpProdID,OrderNumber,InvoiceDate,Servings,
Detail,8134812,B,022506-516250,0330571,"-4","EA","250 CT","SPCESN","FISH OIL 1000MG",".00",,"13.800","-55.20",".00","13.800",54835,"","-4",0,"N","N",".00","","",54835,33057,8134812,4/28/2010,1,
Detail,8134812,B,078522-090458,0729707,"-1","EA","2.5 OZ","JASON","DEOD STICK,TEA TREE",".00",,"3.470","-3.47",".00","3.470",54835,"","-1",0,"N","N",".00","","",54835,72970,8134812,4/28/2010,1,
RecType,InvNum,Type,NumGroceryItems,NumRefrigItems,NumRepackItems,NumFrozenItems,TotalPcs,TotalWt,TotalCubes,NonSpecial,Special,GrossTotal,VolDiscnt,Discount,NetTotal,TotalRetail,Deposits,Adjustments,ProfitAmnt,Profit%,InvDate,CorpCustID,OrderNumber,,,,,,,
Footer,8134812,C,"0","0","0","0","0","0",".00",".00",".00","-58.67","0",".00","-58.67",".00",".00",".00",".00",".00",4/28/2010,54835,8134812,,,,,,,
