RecType,InvNum,Type,OrderNumber,InvoiceDate,DBA,CustomerNumber,CustomerName,CustAddr1,CustAddr2,City,State,ZipCode,PhoneNumber,Whse,Trip,Terms,D/CFlag,TermsMsg,CorpCustID,CoverSheet,OrdEntryDate,ChainCode,ApplyTo#,PO#,,,,,,
Header,8126828,A,8126828,4/28/2010,1,54835,"WHOLE FOODS COMMUNITY COO","610 EAST 4TH STREET","","DULUTH","MN","558050000","218-728-0884",8,"000",0,2,"",54835,3583555,4/28/2010,"CMW",8146316,"",,,,,,
RecType,InvNum,Type,UPC,ProductID,QuantityShipped,Unit,Size,Brand,Description,RegularSRP,Status,NetPricePerUnit,ExtendedPrice,SaleSRP,RegPricePerUnit,CustomerID,PriceOrigin,QuantityOrdered,Taxable,LB flag,CW flag,CW2,CNF_RegSRP,CNF_SpcSRP,CorpCustID,CorpProdID,OrderNumber,InvoiceDate,Servings,
Detail,8126828,B,042175-198700,0181388,"-1","CS","6 PK","BLUSKY","SODA,NATURAL ROOT BEER",".00",,"2.405","-9.62",".00","2.405",54835,"","-1",0,"N","N",".00","","",54835,18138,8126828,4/28/2010,4,
Detail,8126828,B,075720-000401,0551028,"-1","CS","33.8 OZ","POLAND","SPRKLNG WATER,LEMON,LITER",".00",,".654","-7.85",".00",".654",54835,"","-1",0,"N","N",".00","","",54835,55102,8126828,4/28/2010,12,
Detail,8126828,B,075720-000302,0591024,"-1","CS","33.8 OZ","POLAND","SPRKLNG WATER,LIME,LITER",".00",,".000",".00",".00",".000",54835,"","-1",0,"N","N",".00","","",54835,59102,8126828,4/28/2010,12,
Detail,8126828,B,760519-100201,0682484,"-1","CS","22 OZ","AHLSKA","CHOC SYRUP,OG",".00",,".000",".00",".00",".000",54835,"","-1",0,"N","N",".00","","",54835,68248,8126828,4/28/2010,12,
Detail,8126828,B,026938-779535,0779538,"-1","CS","#","BULK D","TVP,NON-GMO",".00",,".000",".00",".00",".000",54835,"","-1",0,"N","N",".00","","",54835,77953,8126828,4/28/2010,5,
Detail,8126828,B,051651-092333,0799882,"-1","CS","16 OZ","MARNAT","PNUT BTR,OG,CRNCH,SALT",".00",,"3.588","-43.05",".00","3.588",54835,"","-1",0,"N","N",".00","","",54835,79988,8126828,4/28/2010,12,
RecType,InvNum,Type,NumGroceryItems,NumRefrigItems,NumRepackItems,NumFrozenItems,TotalPcs,TotalWt,TotalCubes,NonSpecial,Special,GrossTotal,VolDiscnt,Discount,NetTotal,TotalRetail,Deposits,Adjustments,ProfitAmnt,Profit%,InvDate,CorpCustID,OrderNumber,,,,,,,
Footer,8126828,C,"0","0","0","0","0","0",".00",".00",".00","-60.52","0",".00","-60.52",".00",".00",".00",".00",".00",4/28/2010,54835,8126828,,,,,,,
