RecType,InvNum,Type,OrderNumber,InvoiceDate,DBA,CustomerNumber,CustomerName,CustAddr1,CustAddr2,City,State,ZipCode,PhoneNumber,Whse,Trip,Terms,D/CFlag,TermsMsg,CorpCustID,CoverSheet,OrdEntryDate,ChainCode,ApplyTo#,PO#,,,,,,
Header,8841434,A,7270230,8/14/2010,1,54835,"WHOLE FDS COOP-DULUTH","610 EAST 4TH STREET","","DULUTH","MN","558050000","218-728-0884",8,"642",7,0,"NET 21 DAYS",54835,3866552,8/12/2010,"CMW",0,"LN2461584-03",,,,,,
RecType,InvNum,Type,UPC,ProductID,QuantityShipped,Unit,Size,Brand,Description,RegularSRP,Status,NetPricePerUnit,ExtendedPrice,SaleSRP,RegPricePerUnit,CustomerID,PriceOrigin,QuantityOrdered,Taxable,LB flag,CW flag,CW2,CNF_RegSRP,CNF_SpcSRP,CorpCustID,CorpProdID,OrderNumber,InvoiceDate,Servings,
Detail,8841434,B,015700-227206,0500058,"1","LB","1#","PLUGRA","BUTTER,EUROPEAN STYLE","4.49",,"2.695","97.01",".00","2.695",54835,"","1",0,"N","N",".00","","",54835,50005,7270230,8/14/2010,36,
Detail,8841434,B,750388-201017,0537803,"1","CS","1 LB","WESTBY","BUTTER,rBGH FREE","4.29",,"2.584","93.03",".00","2.584",54835,"","1",0,"N","N",".00","","",54835,53780,7270230,8/14/2010,36,
RecType,InvNum,Type,NumGroceryItems,NumRefrigItems,NumRepackItems,NumFrozenItems,TotalPcs,TotalWt,TotalCubes,NonSpecial,Special,GrossTotal,VolDiscnt,Discount,NetTotal,TotalRetail,Deposits,Adjustments,ProfitAmnt,Profit%,InvDate,CorpCustID,OrderNumber,,,,,,,
Footer,8841434,C,"0","2","0","0","2","75",".15","190.04",".00","190.04","0",".00","190.04","316.08",".00",".00",".00",".00",8/14/2010,54835,7270230,,,,,,,
