RecType,InvNum,Type,OrderNumber,InvoiceDate,DBA,CustomerNumber,CustomerName,CustAddr1,CustAddr2,City,State,ZipCode,PhoneNumber,Whse,Trip,Terms,D/CFlag,TermsMsg,CorpCustID,CoverSheet,OrdEntryDate,ChainCode,ApplyTo#,PO#,,,,,,
Header,8841438,A,7272141,8/14/2010,1,54835,"WHOLE FDS COOP-DULUTH","610 EAST 4TH STREET","","DULUTH","MN","558050000","218-728-0884",8,"642",7,0,"NET 21 DAYS",54835,3866552,8/13/2010,"CMW",0,"LN2461866-01",,,,,,
RecType,InvNum,Type,UPC,ProductID,QuantityShipped,Unit,Size,Brand,Description,RegularSRP,Status,NetPricePerUnit,ExtendedPrice,SaleSRP,RegPricePerUnit,CustomerID,PriceOrigin,QuantityOrdered,Taxable,LB flag,CW flag,CW2,CNF_RegSRP,CNF_SpcSRP,CorpCustID,CorpProdID,OrderNumber,InvoiceDate,Servings,
Detail,8841438,B,042563-010867,0657767,"1","CS","#","BULK B","COCONUT,OG,MED,SHRD","1.85",,"1.024","25.61",".00","1.024",54835,"","1",0,"N","N",".00","","",54835,65776,7272141,8/14/2010,25,
Detail,8841438,B,079858-626243,0473850,"1","CS","#","EAST","TAHINI,OG,RST SESAME,NS","5.75",,"3.222","48.33",".00","3.222",54835,"","1",0,"N","N",".00","","",54835,47385,7272141,8/14/2010,15,
Detail,8841438,B,024182-002638,0175935,"1","CS","108 OZ","EDEN","BEANS,OG,GARBANZO,CANNED","12.15",,"7.015","42.09",".00","7.015",54835,"","1",0,"N","N",".00","","",54835,17593,7272141,8/14/2010,6,
Detail,8841438,B,089836-003553,0116301,"1","EA","#","FRNTHB","BASIL LEAF,OG,SWEET,C/S","25.59",,"9.430","9.43",".00","9.430",54835,"","1",0,"N","N",".00","","",54835,11630,7272141,8/14/2010,1,
Detail,8841438,B,089836-026071,0708370,"1","EA","#","FRNTHB","NUTMEG,OG,GROUND","39.85",,"14.680","14.68",".00","14.680",54835,"","1",0,"N","N",".00","","",54835,70837,7272141,8/14/2010,1,
Detail,8841438,B,786969-100103,0913996,"1","CS","#","NAPAVL","OIL,OG,EXTRA VIRGIN OLIVE","6.89",,"3.845","134.56",".00","3.845",54835,"","1",0,"N","N",".00","","",54835,91399,7272141,8/14/2010,35,
Detail,8841438,B,012511-450687,0302513,"1","CS","#","WHLSOM","SUGAR,OG,EVAP CANE JUICE","1.65",,".927","46.35",".00",".927",54835,"","1",0,"N","N",".00","","",54835,30251,7272141,8/14/2010,50,
Detail,8841438,B,895543-001023,0100636,"1","CS","6 CT","SNOMAW","WRAPS,OG,FLOUR W/EVOO","4.95",,"2.552","30.62","4.95","2.918",54835,"M 15","1",0,"N","N",".00","","",54835,10063,7272141,8/14/2010,12,
Detail,8841438,B,042563-007515,0582791,"1","CS","5 #","WODSTK","FRZ,OG,CORN,CUT","12.45",,"7.338","44.03",".00","7.338",54835,"","1",0,"N","N",".00","","",54835,58279,7272141,8/14/2010,6,
Detail,8841438,B,042563-007607,0582817,"1","CS","5 #","WODSTK","FRZ,OG,GREEN PEAS","13.35",,"7.865","47.19",".00","7.865",54835,"","1",0,"N","N",".00","","",54835,58281,7272141,8/14/2010,6,
Detail,8841438,B,769123-600817,0793307,"1","CS","9.3 OZ","BORN F","EGGS,HARD BOILED,CAGE FR","3.65",,"2.201","26.41",".00","2.201",54835,"","1",0,"N","N",".00","","",54835,79330,7272141,8/14/2010,12,
Detail,8841438,B,026938-468651,0468652,"1","CS","1 #","CEDARG","MONTEREY JACK,OG","9.49",,"4.980","39.84",".00","4.980",54835,"","1",0,"N","N",".00","","",54835,46865,7272141,8/14/2010,8,
Detail,8841438,B,074873-000108,0491332,"1","CS","8 OZ","WESTSY","TEMPEH,SOY ORIGINAL","2.29",,"1.378","16.54",".00","1.378",54835,"","1",0,"N","N",".00","","",54835,49133,7272141,8/14/2010,12,
Detail,8841438,B,074873-550016,0491548,"2","EA","12/13.6Z","WESTSY","TOFU,OG,FRM-FOOD SERV PKG","24.49",,"14.800","29.60",".00","14.800",54835,"","2",0,"N","N",".00","","",54835,49154,7272141,8/14/2010,1,
Detail,8841438,B,026938-899806,0899807,"1","","EA","","TOTES CHARGE",".00",,".000",".00",".00",".000",54835,"NO CHG","1",0,"","",".00","N","",54835,89980,7272141,8/14/2010,1,
Detail,8841438,B,095684-300126,0377077,"0","CS","14 OZ","SNTINI","CONDENSED MILK,OG,SWEETND",".00",OUT,".000",".00",".00",".000",54835,"","1",0,"N","N",".00","","",54835,37707,7272141,8/14/2010,24,
RecType,InvNum,Type,NumGroceryItems,NumRefrigItems,NumRepackItems,NumFrozenItems,TotalPcs,TotalWt,TotalCubes,NonSpecial,Special,GrossTotal,VolDiscnt,Discount,NetTotal,TotalRetail,Deposits,Adjustments,ProfitAmnt,Profit%,InvDate,CorpCustID,OrderNumber,,,,,,,
Footer,8841438,C,"5","5","1","3","14","304","1.03","524.66","30.62","555.28","0",".00","555.28","1,004.87",".00",".00",".00",".00",8/14/2010,54835,7272141,,,,,,,
