RecType,InvNum,Type,OrderNumber,InvoiceDate,DBA,CustomerNumber,CustomerName,CustAddr1,CustAddr2,City,State,ZipCode,PhoneNumber,Whse,Trip,Terms,D/CFlag,TermsMsg,CorpCustID,CoverSheet,OrdEntryDate,ChainCode,ApplyTo#,PO#,,,,,,
Header,8841441,A,7272195,8/14/2010,1,54835,"WHOLE FDS COOP-DULUTH","610 EAST 4TH STREET","","DULUTH","MN","558050000","218-728-0884",8,"642",7,0,"NET 21 DAYS",54835,3866552,8/13/2010,"CMW",0,"",,,,,,
RecType,InvNum,Type,UPC,ProductID,QuantityShipped,Unit,Size,Brand,Description,RegularSRP,Status,NetPricePerUnit,ExtendedPrice,SaleSRP,RegPricePerUnit,CustomerID,PriceOrigin,QuantityOrdered,Taxable,LB flag,CW flag,CW2,CNF_RegSRP,CNF_SpcSRP,CorpCustID,CorpProdID,OrderNumber,InvoiceDate,Servings,
Detail,8841441,B,741273-000594,0377424,"6","EA","30 GM","BACH","RESCUE REMEDY CREAM","9.35",,"4.450","26.70","9.35","4.900",54835,"POV 10","6",0,"N","N",".00","","",54835,37742,7272195,8/14/2010,1,
Detail,8841441,B,636874-090825,0189167,"3","EA","8.4 OZ","EO","DETANGLER SPRY,FRENCH LAV","9.39",,"3.790","11.37","9.39","4.920",54835,"POV 25","3",0,"N","N",".00","","",54835,18916,7272195,8/14/2010,1,
Detail,8841441,B,026938-899806,0899807,"1","","EA","","TOTES CHARGE",".00",,".000",".00",".00",".000",54835,"NO CHG","1",0,"","",".00","N","",54835,89980,7272195,8/14/2010,1,
Detail,8841441,B,724742-003999,0401190,"0","EA","4 OZ","ALBA","SUNBLOCK,KIDS,SPF 45",".00",OUT,".000",".00",".00",".000",54835,"","1",0,"N","N",".00","","",54835,40119,7272195,8/14/2010,1,
RecType,InvNum,Type,NumGroceryItems,NumRefrigItems,NumRepackItems,NumFrozenItems,TotalPcs,TotalWt,TotalCubes,NonSpecial,Special,GrossTotal,VolDiscnt,Discount,NetTotal,TotalRetail,Deposits,Adjustments,ProfitAmnt,Profit%,InvDate,CorpCustID,OrderNumber,,,,,,,
Footer,8841441,C,"0","0","1","0","1","9",".15",".00","38.07","38.07","0",".00","38.07","84.27",".00",".00",".00",".00",8/14/2010,54835,7272195,,,,,,,
