RecType,InvNum,Type,OrderNumber,InvoiceDate,DBA,CustomerNumber,CustomerName,CustAddr1,CustAddr2,City,State,ZipCode,PhoneNumber,Whse,Trip,Terms,D/CFlag,TermsMsg,CorpCustID,CoverSheet,OrdEntryDate,ChainCode,ApplyTo#,PO#,,,,,,
Header,8841439,A,7272142,8/14/2010,1,54835,"WHOLE FDS COOP-DULUTH","610 EAST 4TH STREET","","DULUTH","MN","558050000","218-728-0884",8,"642",7,0,"NET 21 DAYS",54835,3866552,8/13/2010,"CMW",0,"LN2461866-02",,,,,,
RecType,InvNum,Type,UPC,ProductID,QuantityShipped,Unit,Size,Brand,Description,RegularSRP,Status,NetPricePerUnit,ExtendedPrice,SaleSRP,RegPricePerUnit,CustomerID,PriceOrigin,QuantityOrdered,Taxable,LB flag,CW flag,CW2,CNF_RegSRP,CNF_SpcSRP,CorpCustID,CorpProdID,OrderNumber,InvoiceDate,Servings,
Detail,8841439,B,871459-000022,0194373,"1","CS","8 OZ","DAIYA","SHREDS,CHEDDAR STYLE","5.65",,"2.952","35.42",".00","2.952",54835,"","1",0,"N","N",".00","","",54835,19437,7272142,8/14/2010,12,
Detail,8841439,B,079004-100023,0493551,"1","CS","8 OZ","MTSTRL","CHEDDAR,GOAT,RAW","6.49",,"3.403","40.83",".00","3.403",54835,"","1",0,"N","N",".00","","",54835,49355,7272142,8/14/2010,12,
Detail,8841439,B,093966-113204,0198408,"1","CS","8 OZ","OGVAL","CHEDDAR,OG,SHARP,RAW","6.29",,"3.290","39.48",".00","3.290",54835,"","1",0,"N","N",".00","","",54835,19840,7272142,8/14/2010,12,
Detail,8841439,B,093966-002287,0730135,"1","CS","4 OZ","OGVAL","PARMESAN,OG,SHRED(TUB)","5.05",,"2.645","31.74",".00","2.645",54835,"","1",0,"N","N",".00","","",54835,73013,7272142,8/14/2010,12,
RecType,InvNum,Type,NumGroceryItems,NumRefrigItems,NumRepackItems,NumFrozenItems,TotalPcs,TotalWt,TotalCubes,NonSpecial,Special,GrossTotal,VolDiscnt,Discount,NetTotal,TotalRetail,Deposits,Adjustments,ProfitAmnt,Profit%,InvDate,CorpCustID,OrderNumber,,,,,,,
Footer,8841439,C,"0","4","0","0","4","22",".09","147.47",".00","147.47","0",".00","147.47","281.76",".00",".00",".00",".00",8/14/2010,54835,7272142,,,,,,,
