RecType,InvNum,Type,OrderNumber,InvoiceDate,DBA,CustomerNumber,CustomerName,CustAddr1,CustAddr2,City,State,ZipCode,PhoneNumber,Whse,Trip,Terms,D/CFlag,TermsMsg,CorpCustID,CoverSheet,OrdEntryDate,ChainCode,ApplyTo#,PO#,,,,,,
Header,8297082,A,8297082,5/24/2010,1,54835,"WHOLE FDS COOP-DULUTH","610 EAST 4TH STREET","","DULUTH","MN","558050000","218-728-0884",8,"000",0,2,"",54835,3646017,5/24/2010,"CMW",8299326,"",,,,,,
RecType,InvNum,Type,UPC,ProductID,QuantityShipped,Unit,Size,Brand,Description,RegularSRP,Status,NetPricePerUnit,ExtendedPrice,SaleSRP,RegPricePerUnit,CustomerID,PriceOrigin,QuantityOrdered,Taxable,LB flag,CW flag,CW2,CNF_RegSRP,CNF_SpcSRP,CorpCustID,CorpProdID,OrderNumber,InvoiceDate,Servings,
Detail,8297082,B,051381-911713,0615542,"-1","EA","4 OZ","AURACA","OIL,GRAPESEED",".00",,"2.490","-2.49",".00","2.490",54835,"","-1",0,"N","N",".00","","",54835,61554,8297082,5/24/2010,1,
Detail,8297082,B,654749-453834,0633768,"-1","EA","2 OZ","AVLNAC","VIT C,RENEWAL CREAM",".00",,"10.440","-10.44",".00","10.440",54835,"","-1",0,"N","N",".00","","",54835,63376,8297082,5/24/2010,1,
RecType,InvNum,Type,NumGroceryItems,NumRefrigItems,NumRepackItems,NumFrozenItems,TotalPcs,TotalWt,TotalCubes,NonSpecial,Special,GrossTotal,VolDiscnt,Discount,NetTotal,TotalRetail,Deposits,Adjustments,ProfitAmnt,Profit%,InvDate,CorpCustID,OrderNumber,,,,,,,
Footer,8297082,C,"0","0","0","0","0","0",".00",".00",".00","-12.93","0",".00","-12.93",".00",".00",".00",".00",".00",5/24/2010,54835,8297082,,,,,,,
