RecType,InvNum,Type,OrderNumber,InvoiceDate,DBA,CustomerNumber,CustomerName,CustAddr1,CustAddr2,City,State,ZipCode,PhoneNumber,Whse,Trip,Terms,D/CFlag,TermsMsg,CorpCustID,CoverSheet,OrdEntryDate,ChainCode,ApplyTo#,PO#,,,,,,
Header,8717230,A,7159367,7/27/2010,1,54835,"WHOLE FDS COOP-DULUTH","610 EAST 4TH STREET","","DULUTH","MN","558050000","218-728-0884",8,"247",7,0,"NET 21 DAYS",54835,3816078,7/26/2010,"CMW",0,"LN2425660-08",,,,,,
RecType,InvNum,Type,UPC,ProductID,QuantityShipped,Unit,Size,Brand,Description,RegularSRP,Status,NetPricePerUnit,ExtendedPrice,SaleSRP,RegPricePerUnit,CustomerID,PriceOrigin,QuantityOrdered,Taxable,LB flag,CW flag,CW2,CNF_RegSRP,CNF_SpcSRP,CorpCustID,CorpProdID,OrderNumber,InvoiceDate,Servings,
Detail,8717230,B,041570-068366,0933994,"1","CS","32 OZ","BLUE-D","ALMOND BREEZE,VANILLA","2.79",,"1.298","15.58","2.79","1.588",54835,"PRO 20","1",0,"N","N",".00","","",54835,93399,7159367,7/27/2010,12,
Detail,8717230,B,042175-198960,0936732,"1","CS","6 PK","BLUSKY","SODA,NATURAL CREAM","4.19",,"1.888","7.55","4.19","2.405",54835,"PRO 20","1",0,"N","N",".00","","",54835,93673,7159367,7/27/2010,4,
Detail,8717230,B,852697-001286,0209312,"2","CS","4.22 OZ","HAPPYT","BABY FD,OG,SW POT,CRT,APL","1.29",,".816","26.12",".00",".816",54835,"","2",0,"N","N",".00","","",54835,20931,7159367,7/27/2010,16,
Detail,8717230,B,742365-208959,0170373,"1","CS","3/8 OZ","HORIZN","MILK,CHOC,OG,UP,RDCD FAT","4.59",,"2.270","13.62","4.59","2.625",54835,"M 15","1",0,"N","N",".00","","",54835,17037,7159367,7/27/2010,6,
Detail,8717230,B,742365-208836,0208165,"1","EA","18/8 OZ","HORIZN","MILK,OG,STRWBY,RF,CLUB PK","27.45",,"15.750","15.75",".00","15.750",54835,"","1",0,"N","N",".00","","",54835,20816,7159367,7/27/2010,1,
Detail,8717230,B,018627-510024,0214858,"1","CS","12.4 OZ","KASHI","KASHI,HEART TO HEART","5.35",,"3.190","38.28",".00","3.190",54835,"","1",0,"N","N",".00","","",54835,21485,7159367,7/27/2010,12,
Detail,8717230,B,084114-033703,0156646,"1","CS","2 OZ","KETTLE","POTATO CHIPS,HONEY DIJON","1.25",,".742","17.81",".00",".742",54835,"","1",0,"N","N",".00","","",54835,15664,7159367,7/27/2010,24,
Detail,8717230,B,084114-033000,0788729,"1","CS","2 OZ","KETTLE","POTATO CHIPS,SEA SALT","1.25",,".742","17.81",".00",".742",54835,"","1",0,"N","N",".00","","",54835,78872,7159367,7/27/2010,24,
Detail,8717230,B,051651-092357,0687632,"1","CS","16 OZ","MARNAT","PNUT BTR,OG,CRMY,NO STIR","5.55",,"2.548","30.57","5.55","3.169",54835,"PRO 20","1",0,"N","N",".00","","",54835,68763,7159367,7/27/2010,12,
Detail,8717230,B,021376-688968,0292045,"3","EA","100 CT","PEELU","CHEWING GUM,PEPPERMINT","7.29",,"4.180","12.54",".00","4.180",54835,"","3",0,"N","N",".00","","",54835,29204,7159367,7/27/2010,1,
Detail,8717230,B,074682-103502,0587204,"1","CS","32 OZ","KNDSN","JUICE,JUST CRANBERRY","8.75",,"4.355","52.26","8.75","5.168",54835,"PRO 15","1",0,"N","N",".00","","",54835,58720,7159367,7/27/2010,12,
Detail,8717230,B,899587-000226,0818997,"1","CS","2.2 OZ","RAWREV","BAR,OG,CHOC & COCONUT","2.05",,"1.158","13.89",".00","1.158",54835,"","1",0,"N","N",".00","","",54835,81899,7159367,7/27/2010,12,
Detail,8717230,B,026938-899806,0899807,"1","","EA","","TOTES CHARGE",".00",,".000",".00",".00",".000",54835,"NO CHG","1",0,"","",".00","N","",54835,89980,7159367,7/27/2010,1,
Detail,8717230,B,182308-000033,0711515,"0","CS","14.8 OZ","CHERRY","COOKIE MIX,CHOCOLATE CHIP",".00",OUT,".000",".00",".00",".000",54835,"","1",0,"N","N",".00","","",54835,71151,7159367,7/27/2010,6,
Detail,8717230,B,852697-001316,0208793,"0","CS","4.22 OZ","HAPPYT","BABY FD,OG,BAN,PCH,COC,PR",".00",OUT,".000",".00",".00",".000",54835,"","1",0,"N","N",".00","","",54835,20879,7159367,7/27/2010,16,
Detail,8717230,B,898999-000206,0579391,"0","CS","11.2OZ","VITACO","COCONUT WATER,PINEAPPLE",".00",OUT,".000",".00",".00",".000",54835,"M 20","1",0,"N","N",".00","","",54835,57939,7159367,7/27/2010,12,
RecType,InvNum,Type,NumGroceryItems,NumRefrigItems,NumRepackItems,NumFrozenItems,TotalPcs,TotalWt,TotalCubes,NonSpecial,Special,GrossTotal,VolDiscnt,Discount,NetTotal,TotalRetail,Deposits,Adjustments,ProfitAmnt,Profit%,InvDate,CorpCustID,OrderNumber,,,,,,,
Footer,8717230,C,"11","0","1","0","12","170",".90","142.20","119.58","261.78","0",".00","261.78","488.78",".00",".00",".00",".00",7/27/2010,54835,7159367,,,,,,,
