RecType,InvNum,Type,OrderNumber,InvoiceDate,DBA,CustomerNumber,CustomerName,CustAddr1,CustAddr2,City,State,ZipCode,PhoneNumber,Whse,Trip,Terms,D/CFlag,TermsMsg,CorpCustID,CoverSheet,OrdEntryDate,ChainCode,ApplyTo#,PO#,,,,,,
Header,8717212,A,7158428,7/27/2010,1,54835,"WHOLE FDS COOP-DULUTH","610 EAST 4TH STREET","","DULUTH","MN","558050000","218-728-0884",8,"247",7,0,"NET 21 DAYS",54835,3816078,7/26/2010,"CMW",0,"LN2425519-12",,,,,,
RecType,InvNum,Type,UPC,ProductID,QuantityShipped,Unit,Size,Brand,Description,RegularSRP,Status,NetPricePerUnit,ExtendedPrice,SaleSRP,RegPricePerUnit,CustomerID,PriceOrigin,QuantityOrdered,Taxable,LB flag,CW flag,CW2,CNF_RegSRP,CNF_SpcSRP,CorpCustID,CorpProdID,OrderNumber,InvoiceDate,Servings,
Detail,8717212,B,025317-530002,0274159,"2","CS","12 OZ","APLEGT","HOT DOG,BEEF,ANTIBTC FREE","4.85",,"2.477","59.44","4.85","2.852",54835,"M 15","2",0,"N","N",".00","","",54835,27415,7158428,7/27/2010,12,
Detail,8717212,B,025317-005968,0818419,"1","CS","8 OZ","APLEGT","SAUSAGE,CHKN/MPL ABF RTE","5.99",,"3.523","42.27",".00","3.523",54835,"","1",0,"N","N",".00","","",54835,81841,7158428,7/27/2010,12,
Detail,8717212,B,812410-000149,0375212,"1","CS","9 OZ","H&LSEA","FILLET,SALMON,W/MARINADE","8.69",,"5.108","30.65",".00","5.108",54835,"","1",0,"N","N",".00","","",54835,37521,7158428,7/27/2010,6,
Detail,8717212,B,812410-000194,0553073,"1","CS","8 OZ","H&LSEA","WHITE SHRIMP,EASY PEEL","8.79",,"5.167","31.00",".00","5.167",54835,"","1",0,"N","N",".00","","",54835,55307,7158428,7/27/2010,6,
Detail,8717212,B,048481-009815,0273102,"1","CS","12 OZ","SHLTON","TURKEY BREAKFAST SAUSAGE","5.75",,"3.380","20.28",".00","3.380",54835,"","1",0,"N","N",".00","","",54835,27310,7158428,7/27/2010,6,
Detail,8717212,B,048481-009914,0273003,"1","CS","12 OZ","SHLTON","TURKEY FRANKS","3.85",,"1.973","11.84","3.85","2.252",54835,"M 15","1",0,"N","N",".00","","",54835,27300,7158428,7/27/2010,6,
Detail,8717212,B,048481-009907,0511089,"0","CS","12 OZ","SHLTON","TURKEY FRANKS,SMOKED",".00",OUT,".000",".00",".00",".000",54835,"M 15","3",0,"N","N",".00","","",54835,51108,7158428,7/27/2010,6,
RecType,InvNum,Type,NumGroceryItems,NumRefrigItems,NumRepackItems,NumFrozenItems,TotalPcs,TotalWt,TotalCubes,NonSpecial,Special,GrossTotal,VolDiscnt,Discount,NetTotal,TotalRetail,Deposits,Adjustments,ProfitAmnt,Profit%,InvDate,CorpCustID,OrderNumber,,,,,,,
Footer,8717212,C,"0","0","0","7","7","43",".21","124.20","71.28","195.48","0",".00","195.48","350.76",".00",".00",".00",".00",7/27/2010,54835,7158428,,,,,,,
