RecType,InvNum,Type,OrderNumber,InvoiceDate,DBA,CustomerNumber,CustomerName,CustAddr1,CustAddr2,City,State,ZipCode,PhoneNumber,Whse,Trip,Terms,D/CFlag,TermsMsg,CorpCustID,CoverSheet,OrdEntryDate,ChainCode,ApplyTo#,PO#,,,,,,
Header,8717224,A,7159309,7/27/2010,1,54835,"WHOLE FDS COOP-DULUTH","610 EAST 4TH STREET","","DULUTH","MN","558050000","218-728-0884",8,"247",7,0,"NET 21 DAYS",54835,3816078,7/26/2010,"CMW",0,"LN2425643-16",,,,,,
RecType,InvNum,Type,UPC,ProductID,QuantityShipped,Unit,Size,Brand,Description,RegularSRP,Status,NetPricePerUnit,ExtendedPrice,SaleSRP,RegPricePerUnit,CustomerID,PriceOrigin,QuantityOrdered,Taxable,LB flag,CW flag,CW2,CNF_RegSRP,CNF_SpcSRP,CorpCustID,CorpProdID,OrderNumber,InvoiceDate,Servings,
Detail,8717224,B,026938-465391,0465393,"2","CS","#","BULK D","WHTBERRIES,OG,HD/RD,SPRG","1.25",,".719","71.86",".00",".719",54835,"","2",0,"N","N",".00","","",54835,46539,7159309,7/27/2010,50,
Detail,8717224,B,073416-401327,0506741,"1","CS","#","LUNDBG","RICE,OG,BROWN,LONG","1.89",,"1.095","27.38",".00","1.095",54835,"","1",0,"N","N",".00","","",54835,50674,7159309,7/27/2010,25,
Detail,8717224,B,026938-768096,0768093,"0","CS","#","WHLSOM","SUGAR,OG,FT,CANE",".00",OUT,".000",".00",".00",".000",54835,"","2",0,"N","N",".00","","",54835,76809,7159309,7/27/2010,25,
RecType,InvNum,Type,NumGroceryItems,NumRefrigItems,NumRepackItems,NumFrozenItems,TotalPcs,TotalWt,TotalCubes,NonSpecial,Special,GrossTotal,VolDiscnt,Discount,NetTotal,TotalRetail,Deposits,Adjustments,ProfitAmnt,Profit%,InvDate,CorpCustID,OrderNumber,,,,,,,
Footer,8717224,C,"3","0","0","0","3","126",".25","99.24",".00","99.24","0",".00","99.24","172.25",".00",".00",".00",".00",7/27/2010,54835,7159309,,,,,,,
