RecType,InvNum,Type,OrderNumber,InvoiceDate,DBA,CustomerNumber,CustomerName,CustAddr1,CustAddr2,City,State,ZipCode,PhoneNumber,Whse,Trip,Terms,D/CFlag,TermsMsg,CorpCustID,CoverSheet,OrdEntryDate,ChainCode,ApplyTo#,PO#,,,,,,
Header,8717219,A,7159303,7/27/2010,1,54835,"WHOLE FDS COOP-DULUTH","610 EAST 4TH STREET","","DULUTH","MN","558050000","218-728-0884",8,"247",7,0,"NET 21 DAYS",54835,3816078,7/26/2010,"CMW",0,"LN2425643-03",,,,,,
RecType,InvNum,Type,UPC,ProductID,QuantityShipped,Unit,Size,Brand,Description,RegularSRP,Status,NetPricePerUnit,ExtendedPrice,SaleSRP,RegPricePerUnit,CustomerID,PriceOrigin,QuantityOrdered,Taxable,LB flag,CW flag,CW2,CNF_RegSRP,CNF_SpcSRP,CorpCustID,CorpProdID,OrderNumber,InvoiceDate,Servings,
Detail,8717219,B,893455-000080,0650259,"5","EA","7 OZ","ONEW","DEAD SEA BAR SOAP,SEA SLT","4.25",,"1.770","8.85","4.25","2.230",54835,"PRO 20","5",0,"N","N",".00","","",54835,65025,7159303,7/27/2010,1,
Detail,8717219,B,026938-899806,0899807,"1","","EA","","TOTES CHARGE",".00",,".000",".00",".00",".000",54835,"NO CHG","1",0,"","",".00","N","",54835,89980,7159303,7/27/2010,1,
Detail,8717219,B,637792-500038,0587881,"0","EA","3 OZ","TEA TR","TEA TREE TPSTE,WHITENING",".00",OUT,".000",".00",".00",".000",54835,"PRO 25","6",0,"N","N",".00","","",54835,58788,7159303,7/27/2010,1,
RecType,InvNum,Type,NumGroceryItems,NumRefrigItems,NumRepackItems,NumFrozenItems,TotalPcs,TotalWt,TotalCubes,NonSpecial,Special,GrossTotal,VolDiscnt,Discount,NetTotal,TotalRetail,Deposits,Adjustments,ProfitAmnt,Profit%,InvDate,CorpCustID,OrderNumber,,,,,,,
Footer,8717219,C,"0","0","1","0","1","9",".14",".00","8.85","8.85","0",".00","8.85","21.25",".00",".00",".00",".00",7/27/2010,54835,7159303,,,,,,,
