RecType,InvNum,Type,OrderNumber,InvoiceDate,DBA,CustomerNumber,CustomerName,CustAddr1,CustAddr2,City,State,ZipCode,PhoneNumber,Whse,Trip,Terms,D/CFlag,TermsMsg,CorpCustID,CoverSheet,OrdEntryDate,ChainCode,ApplyTo#,PO#,,,,,,
Header,8717206,A,7127358,7/27/2010,1,54835,"WHOLE FDS COOP-DULUTH","610 EAST 4TH STREET","","DULUTH","MN","558050000","218-728-0884",8,"247",7,0,"NET 21 DAYS",54835,3816078,7/20/2010,"CMW",0,"",,,,,,
RecType,InvNum,Type,UPC,ProductID,QuantityShipped,Unit,Size,Brand,Description,RegularSRP,Status,NetPricePerUnit,ExtendedPrice,SaleSRP,RegPricePerUnit,CustomerID,PriceOrigin,QuantityOrdered,Taxable,LB flag,CW flag,CW2,CNF_RegSRP,CNF_SpcSRP,CorpCustID,CorpProdID,OrderNumber,InvoiceDate,Servings,
Detail,8717206,B,892234-002048,0248112,"1","CS","7 OZ","BHUJA","PEAS,SEASONED,CRUNCHY","4.45",,".000",".00",".00","2.528",54835,"NO CHG","1",0,"N","N",".00","","",54835,24811,7127358,7/27/2010,6,
Detail,8717206,B,708163-112775,0869966,"1","CS","1.5 OZ","BLDRCH","RC & BN CHIP,NTRL SLT,GF","1.15",,".000",".00",".00",".665",54835,"NO CHG","1",0,"N","N",".00","","",54835,86996,7127358,7/27/2010,24,
Detail,8717206,B,026938-683092,0683094,"1","EA","EA","UNFI","UNFI FUEL SURCHARGE","15.00",,"15.000","15.00","22.15","22.150",54835,"PRO 32","1",0,"N","N",".00","","",54835,68309,7127358,7/27/2010,1,
RecType,InvNum,Type,NumGroceryItems,NumRefrigItems,NumRepackItems,NumFrozenItems,TotalPcs,TotalWt,TotalCubes,NonSpecial,Special,GrossTotal,VolDiscnt,Discount,NetTotal,TotalRetail,Deposits,Adjustments,ProfitAmnt,Profit%,InvDate,CorpCustID,OrderNumber,,,,,,,
Footer,8717206,C,"2","0","0","0","2","6",".09",".00","15.00","15.00","0",".00","15.00","69.30",".00",".00",".00",".00",7/27/2010,54835,7127358,,,,,,,
