RecType,InvNum,Type,OrderNumber,InvoiceDate,DBA,CustomerNumber,CustomerName,CustAddr1,CustAddr2,City,State,ZipCode,PhoneNumber,Whse,Trip,Terms,D/CFlag,TermsMsg,CorpCustID,CoverSheet,OrdEntryDate,ChainCode,ApplyTo#,PO#,,,,,,
Header,8717216,A,7158842,7/27/2010,1,54835,"WHOLE FDS COOP-DULUTH","610 EAST 4TH STREET","","DULUTH","MN","558050000","218-728-0884",8,"247",7,0,"NET 21 DAYS",54835,3816078,7/26/2010,"CMW",0,"LN2425547-02",,,,,,
RecType,InvNum,Type,UPC,ProductID,QuantityShipped,Unit,Size,Brand,Description,RegularSRP,Status,NetPricePerUnit,ExtendedPrice,SaleSRP,RegPricePerUnit,CustomerID,PriceOrigin,QuantityOrdered,Taxable,LB flag,CW flag,CW2,CNF_RegSRP,CNF_SpcSRP,CorpCustID,CorpProdID,OrderNumber,InvoiceDate,Servings,
Detail,8717216,B,026938-462734,0462739,"1","LB","5 #","BRUNKW","CHEDDAR,COLORED","6.49",,"3.400","17.00",".00","3.400",54835,"","1",0,"N","Y","5.00","","",54835,46273,7158842,7/27/2010,1,
Detail,8717216,B,026938-462277,0462275,"1","LB","5 #","BRUNKW","CHEDDAR,YELLOW,MED","6.99",,"3.660","18.85",".00","3.660",54835,"","1",0,"N","Y","5.15","","",54835,46227,7158842,7/27/2010,1,
Detail,8717216,B,026938-462437,0462432,"1","LB","5 #","BRUNKW","PEPPER JACK,JALAPENO","6.65",,"3.490","17.80",".00","3.490",54835,"","1",0,"N","Y","5.10","","",54835,46243,7158842,7/27/2010,1,
Detail,8717216,B,026938-468613,0468611,"1","CS","1 #","CEDARG","FARMER,OG,RS","9.95",,"5.213","41.70",".00","5.213",54835,"","1",0,"N","N",".00","","",54835,46861,7158842,7/27/2010,8,
Detail,8717216,B,045296-191018,0260596,"1","CS","8 OZ","LISANT","ALMOND CHEESE,CHEDDAR","4.35",,"2.275","27.30",".00","2.275",54835,"","1",0,"N","N",".00","","",54835,26059,7158842,7/27/2010,12,
Detail,8717216,B,079004-100085,0493593,"1","CS","7 OZ","MTSTRL","FETA,GOAT MILK","5.75",,"2.998","35.98",".00","2.998",54835,"","1",0,"N","N",".00","","",54835,49359,7158842,7/27/2010,12,
Detail,8717216,B,093966-472080,0598284,"1","CS","6 OZ","OGVAL","4-CHS ITAL BLND,OG,SHRED","5.69",,"2.979","35.75",".00","2.979",54835,"","1",0,"N","N",".00","","",54835,59828,7158842,7/27/2010,12,
Detail,8717216,B,093966-113105,0222208,"1","CS","8 OZ","OGVAL","CHEDDAR,OG,MILD,RAW","6.15",,"3.223","38.67",".00","3.223",54835,"","1",0,"N","N",".00","","",54835,22220,7158842,7/27/2010,12,
Detail,8717216,B,093966-211016,0431346,"1","CS","8 OZ","OGVAL","CREAM CHEESE,OG,BARS,PAST","3.95",,"2.048","24.58",".00","2.048",54835,"","1",0,"N","N",".00","","",54835,43134,7158842,7/27/2010,12,
Detail,8717216,B,093966-113303,0189704,"1","CS","8 OZ","OGVAL","MNTRY JACK,OG,RAW,UNPAST","6.15",,"3.223","38.67",".00","3.223",54835,"","1",0,"N","N",".00","","",54835,18970,7158842,7/27/2010,12,
Detail,8717216,B,093966-221015,0431361,"1","CS","8 OZ","OGVAL","NEUFCHATEL,OG,BARS,PAST","3.95",,"2.048","24.58",".00","2.048",54835,"","1",0,"N","N",".00","","",54835,43136,7158842,7/27/2010,12,
Detail,8717216,B,093966-213904,0500629,"1","CS","8 OZ","OGVAL","PROVOLONE,OG","6.15",,"3.223","38.67",".00","3.223",54835,"","1",0,"N","N",".00","","",54835,50062,7158842,7/27/2010,12,
Detail,8717216,B,093966-000054,0602441,"1","CS","1 OZ","OGVAL","STRINGLES,OG",".85",,".443","10.63",".00",".443",54835,"","1",0,"N","N",".00","","",54835,60244,7158842,7/27/2010,24,
Detail,8717216,B,026938-505998,0505990,"1","LB","7 #","SWSVAL","SWISS,GRADE A","5.05",,"2.630","23.64",".00","2.630",54835,"","1",0,"N","Y","8.99","","",54835,50599,7158842,7/27/2010,1,
Detail,8717216,B,026938-468491,0468496,"0","CS","1 #","CEDARG","CHEDDAR,MLD,rBGH FREE,YEL",".00",OUT,".000",".00",".00",".000",54835,"","1",0,"N","N",".00","","",54835,46849,7158842,7/27/2010,8,
Detail,8717216,B,026938-468712,0468710,"0","CS","1 #","CEDARG","PEPPER JACK,rBGH FREE",".00",OUT,".000",".00",".00",".000",54835,"","1",0,"N","N",".00","","",54835,46871,7158842,7/27/2010,8,
RecType,InvNum,Type,NumGroceryItems,NumRefrigItems,NumRepackItems,NumFrozenItems,TotalPcs,TotalWt,TotalCubes,NonSpecial,Special,GrossTotal,VolDiscnt,Discount,NetTotal,TotalRetail,Deposits,Adjustments,ProfitAmnt,Profit%,InvDate,CorpCustID,OrderNumber,,,,,,,
Footer,8717216,C,"0","14","0","0","14","82",".20","393.82",".00","393.82","0",".00","393.82","753.45",".00",".00",".00",".00",7/27/2010,54835,7158842,,,,,,,
