RecType,InvNum,Type,OrderNumber,InvoiceDate,DBA,CustomerNumber,CustomerName,CustAddr1,CustAddr2,City,State,ZipCode,PhoneNumber,Whse,Trip,Terms,D/CFlag,TermsMsg,CorpCustID,CoverSheet,OrdEntryDate,ChainCode,ApplyTo#,PO#,,,,,,
Header,8899037,A,8899037,8/25/2010,1,54835,"WHOLE FDS COOP-DULUTH","610 EAST 4TH STREET","","DULUTH","MN","558050000","218-728-0884",8,"000",0,2,"",54835,3897106,8/25/2010,"CMW",8918260,"",,,,,,
RecType,InvNum,Type,UPC,ProductID,QuantityShipped,Unit,Size,Brand,Description,RegularSRP,Status,NetPricePerUnit,ExtendedPrice,SaleSRP,RegPricePerUnit,CustomerID,PriceOrigin,QuantityOrdered,Taxable,LB flag,CW flag,CW2,CNF_RegSRP,CNF_SpcSRP,CorpCustID,CorpProdID,OrderNumber,InvoiceDate,Servings,
Detail,8899037,B,757645-672054,0692210,"-1","CS","3 OZ","NEWMAN","CAT FOOD,OG,CHKN&SLMN,CAN",".00",,".852","-20.44",".00",".852",54835,"","-1",0,"N","N",".00","","",54835,69221,8899037,8/25/2010,24,
Detail,8899037,B,000000-000000,0999987,"1","EA","ORDER","UNFI","MISCELLANEOUS",".00",,"3.070","3.07",".00","3.070",54835,"","1",0,"N","N",".00","","",54835,99998,8899037,8/25/2010,1,
Footer,8899037,C,"0","0","0","0","0","0",".00",".00",".00","-17.37","0",".00","-17.37",".00",".00",".00",".00",".00",8/25/2010,54835,8899037,,,,,,,
