RecType,InvNum,Type,OrderNumber,InvoiceDate,DBA,CustomerNumber,CustomerName,CustAddr1,CustAddr2,City,State,ZipCode,PhoneNumber,Whse,Trip,Terms,D/CFlag,TermsMsg,CorpCustID,CoverSheet,OrdEntryDate,ChainCode,ApplyTo#,PO#,,,,,,
Header,8656510,A,8656510,7/19/2010,1,54835,"WHOLE FDS COOP-DULUTH","610 EAST 4TH STREET","","DULUTH","MN","558050000","218-728-0884",8,"000",0,2,"",54835,3797468,7/19/2010,"CMW",8670919,"",,,,,,
RecType,InvNum,Type,UPC,ProductID,QuantityShipped,Unit,Size,Brand,Description,RegularSRP,Status,NetPricePerUnit,ExtendedPrice,SaleSRP,RegPricePerUnit,CustomerID,PriceOrigin,QuantityOrdered,Taxable,LB flag,CW flag,CW2,CNF_RegSRP,CNF_SpcSRP,CorpCustID,CorpProdID,OrderNumber,InvoiceDate,Servings,
Detail,8656510,B,748404-258862,0113332,"-1","CS","12 OZ","SEEDS","SIMMER SCE,OG,KORMA",".00",,"2.692","-16.15",".00","2.692",54835,"","-1",0,"N","N",".00","","",54835,11333,8656510,7/19/2010,6,
Detail,8656510,B,058449-430025,0284976,"-1","CS","6 OZ","ENVKID","CRISPY BAR,OG,BRY RCE G/F",".00",,"2.447","-14.68",".00","2.447",54835,"","-1",0,"N","N",".00","","",54835,28497,8656510,7/19/2010,6,
Detail,8656510,B,035883-004425,0374744,"-1","CS","14 OZ","PETGRD","DOG,GUMBO IN GRAVY DINNER",".00",,".000",".00",".00",".000",54835,"","-1",0,"N","N",".00","","",54835,37474,8656510,7/19/2010,12,
Footer,8656510,C,"0","0","0","0","0","0",".00",".00",".00","-30.83","0",".00","-30.83",".00",".00",".00",".00",".00",7/19/2010,54835,8656510,,,,,,,
