RecType,InvNum,Type,OrderNumber,InvoiceDate,DBA,CustomerNumber,CustomerName,CustAddr1,CustAddr2,City,State,ZipCode,PhoneNumber,Whse,Trip,Terms,D/CFlag,TermsMsg,CorpCustID,CoverSheet,OrdEntryDate,ChainCode,ApplyTo#,PO#,,,,,,
Header,8854673,A,7284714,8/17/2010,1,54835,"WHOLE FDS COOP-DULUTH","610 EAST 4TH STREET","","DULUTH","MN","558050000","218-728-0884",8,"247",7,0,"NET 21 DAYS",54835,3871446,8/16/2010,"CMW",0,"",,,,,,
RecType,InvNum,Type,UPC,ProductID,QuantityShipped,Unit,Size,Brand,Description,RegularSRP,Status,NetPricePerUnit,ExtendedPrice,SaleSRP,RegPricePerUnit,CustomerID,PriceOrigin,QuantityOrdered,Taxable,LB flag,CW flag,CW2,CNF_RegSRP,CNF_SpcSRP,CorpCustID,CorpProdID,OrderNumber,InvoiceDate,Servings,
Detail,8854673,B,026938-466237,0637843,"1","CS","#","BULK F","WALNUTS,OG,HVS/PCS","9.09",,"5.080","127.00",".00","5.080",54835,"","1",0,"N","N",".00","","",54835,63784,7284714,8/17/2010,25,
Detail,8854673,B,011933-908257,0484758,"1","CS","#","HLAND","FLOUR,OG,WW,WHT HRD BLEND",".95",,".539","13.48",".00",".539",54835,"","1",0,"N","N",".00","","",54835,48475,7284714,8/17/2010,25,
Detail,8854673,B,075779-368255,0936872,"0","CS","#","FLCYSL","SUGAR,NATURAL CANE",".00",OUT,".000",".00",".00",".000",54835,"","1",0,"N","N",".00","","",54835,93687,7284714,8/17/2010,25,
Detail,8854673,B,089836-044068,0520676,"0","EA","#","FRNTHB","SEA SLT,HAWAIN BLK,COARSE",".00",OUT,".000",".00",".00",".000",54835,"","1",0,"N","N",".00","","",54835,52067,7284714,8/17/2010,1,
Detail,8854673,B,089836-044051,0520692,"0","EA","#","FRNTHB","SEA SLT,HAWAIN RED,COARSE",".00",OUT,".000",".00",".00",".000",54835,"","1",0,"N","N",".00","","",54835,52069,7284714,8/17/2010,1,
Detail,8854673,B,012511-450687,0302513,"0","CS","#","WHLSOM","SUGAR,OG,EVAP CANE JUICE",".00",OUT,".000",".00",".00",".000",54835,"","3",0,"N","N",".00","","",54835,30251,7284714,8/17/2010,50,
RecType,InvNum,Type,NumGroceryItems,NumRefrigItems,NumRepackItems,NumFrozenItems,TotalPcs,TotalWt,TotalCubes,NonSpecial,Special,GrossTotal,VolDiscnt,Discount,NetTotal,TotalRetail,Deposits,Adjustments,ProfitAmnt,Profit%,InvDate,CorpCustID,OrderNumber,,,,,,,
Footer,8854673,C,"1","1","0","0","2","52",".18","140.48",".00","140.48","0",".00","140.48","251.00",".00",".00",".00",".00",8/17/2010,54835,7284714,,,,,,,
