RecType,InvNum,Type,OrderNumber,InvoiceDate,DBA,CustomerNumber,CustomerName,CustAddr1,CustAddr2,City,State,ZipCode,PhoneNumber,Whse,Trip,Terms,D/CFlag,TermsMsg,CorpCustID,CoverSheet,OrdEntryDate,ChainCode,ApplyTo#,PO#,,,,,,
Header,8854655,A,7283018,8/17/2010,1,54835,"WHOLE FDS COOP-DULUTH","610 EAST 4TH STREET","","DULUTH","MN","558050000","218-728-0884",8,"247",7,0,"NET 21 DAYS",54835,3871446,8/16/2010,"CMW",0,"LN2465465-12",,,,,,
RecType,InvNum,Type,UPC,ProductID,QuantityShipped,Unit,Size,Brand,Description,RegularSRP,Status,NetPricePerUnit,ExtendedPrice,SaleSRP,RegPricePerUnit,CustomerID,PriceOrigin,QuantityOrdered,Taxable,LB flag,CW flag,CW2,CNF_RegSRP,CNF_SpcSRP,CorpCustID,CorpProdID,OrderNumber,InvoiceDate,Servings,
Detail,8854655,B,025317-120005,0608687,"1","CS","8 OZ","APLEGT","BACON,TURKEY SLICED,ANTIB","4.25",,"2.491","29.89",".00","2.491",54835,"","1",0,"N","N",".00","","",54835,60868,7283018,8/17/2010,12,
Detail,8854655,B,025317-530002,0274159,"1","CS","12 OZ","APLEGT","HOT DOG,BEEF,ANTIBTC FREE","4.79",,"2.815","33.78",".00","2.815",54835,"","1",0,"N","N",".00","","",54835,27415,7283018,8/17/2010,12,
Detail,8854655,B,025317-005968,0818419,"1","CS","8 OZ","APLEGT","SAUSAGE,CHKN/MPL ABF RTE","5.95",,"3.477","41.72",".00","3.477",54835,"","1",0,"N","N",".00","","",54835,81841,7283018,8/17/2010,12,
Detail,8854655,B,754570-252504,0917237,"1","CS","1 #","ARCTIC","POLLOCK,ALASKAN FILLETS","2.99",,"1.749","20.99",".00","1.749",54835,"","1",0,"N","N",".00","","",54835,91723,7283018,8/17/2010,12,
Detail,8854655,B,048481-009815,0273102,"1","CS","12 OZ","SHLTON","TURKEY BREAKFAST SAUSAGE","5.69",,"3.335","20.01",".00","3.335",54835,"","1",0,"N","N",".00","","",54835,27310,7283018,8/17/2010,6,
RecType,InvNum,Type,NumGroceryItems,NumRefrigItems,NumRepackItems,NumFrozenItems,TotalPcs,TotalWt,TotalCubes,NonSpecial,Special,GrossTotal,VolDiscnt,Discount,NetTotal,TotalRetail,Deposits,Adjustments,ProfitAmnt,Profit%,InvDate,CorpCustID,OrderNumber,,,,,,,
Footer,8854655,C,"0","0","0","5","5","41",".23","146.39",".00","146.39","0",".00","146.39","249.90",".00",".00",".00",".00",8/17/2010,54835,7283018,,,,,,,
