RecType,InvNum,Type,OrderNumber,InvoiceDate,DBA,CustomerNumber,CustomerName,CustAddr1,CustAddr2,City,State,ZipCode,PhoneNumber,Whse,Trip,Terms,D/CFlag,TermsMsg,CorpCustID,CoverSheet,OrdEntryDate,ChainCode,ApplyTo#,PO#,,,,,,
Header,8854671,A,7284018,8/17/2010,1,54835,"WHOLE FDS COOP-DULUTH","610 EAST 4TH STREET","","DULUTH","MN","558050000","218-728-0884",8,"247",7,0,"NET 21 DAYS",54835,3871446,8/16/2010,"CMW",0,"LN2465681-09",,,,,,
RecType,InvNum,Type,UPC,ProductID,QuantityShipped,Unit,Size,Brand,Description,RegularSRP,Status,NetPricePerUnit,ExtendedPrice,SaleSRP,RegPricePerUnit,CustomerID,PriceOrigin,QuantityOrdered,Taxable,LB flag,CW flag,CW2,CNF_RegSRP,CNF_SpcSRP,CorpCustID,CorpProdID,OrderNumber,InvoiceDate,Servings,
Detail,8854671,B,745158-400523,0360446,"1","CS","7.5 OZ","HALO","SPOT STW CT,SM,S#0550558","2.09",,"1.235","14.82",".00","1.235",54835,"","1",0,"N","N",".00","","",54835,36044,7284018,8/17/2010,12,
Detail,8854671,B,757645-672054,0692210,"1","CS","3 OZ","NEWMAN","CAT FOOD,OG,CHKN&SLMN,CAN","1.45",,".852","20.44",".00",".852",54835,"","1",0,"N","N",".00","","",54835,69221,7284018,8/17/2010,24,
Detail,8854671,B,026851-105404,0833889,"1","CS","22 OZ","ONERTH","BISCUITS,PEANUT BUTTER","3.45",,"2.044","24.53",".00","2.044",54835,"","1",0,"N","N",".00","","",54835,83388,7284018,8/17/2010,12,
RecType,InvNum,Type,NumGroceryItems,NumRefrigItems,NumRepackItems,NumFrozenItems,TotalPcs,TotalWt,TotalCubes,NonSpecial,Special,GrossTotal,VolDiscnt,Discount,NetTotal,TotalRetail,Deposits,Adjustments,ProfitAmnt,Profit%,InvDate,CorpCustID,OrderNumber,,,,,,,
Footer,8854671,C,"3","0","0","0","3","36",".22","59.79",".00","59.79","0",".00","59.79","101.28",".00",".00",".00",".00",8/17/2010,54835,7284018,,,,,,,
