RecType,InvNum,Type,OrderNumber,InvoiceDate,DBA,CustomerNumber,CustomerName,CustAddr1,CustAddr2,City,State,ZipCode,PhoneNumber,Whse,Trip,Terms,D/CFlag,TermsMsg,CorpCustID,CoverSheet,OrdEntryDate,ChainCode,ApplyTo#,PO#,,,,,,
Header,8854674,A,7284871,8/17/2010,1,54835,"WHOLE FDS COOP-DULUTH","610 EAST 4TH STREET","","DULUTH","MN","558050000","218-728-0884",8,"247",7,0,"NET 21 DAYS",54835,3871446,8/16/2010,"CMW",0,"",,,,,,
RecType,InvNum,Type,UPC,ProductID,QuantityShipped,Unit,Size,Brand,Description,RegularSRP,Status,NetPricePerUnit,ExtendedPrice,SaleSRP,RegPricePerUnit,CustomerID,PriceOrigin,QuantityOrdered,Taxable,LB flag,CW flag,CW2,CNF_RegSRP,CNF_SpcSRP,CorpCustID,CorpProdID,OrderNumber,InvoiceDate,Servings,
Detail,8854674,B,079858-618644,0473595,"1","CS","#","EAST","PEANUT BUTTER,OG,SMTH,NS","3.99",,"2.221","77.75",".00","2.221",54835,"","1",0,"N","N",".00","","",54835,47359,7284871,8/17/2010,35,
Footer,8854674,C,"1","0","0","0","1","37",".10","77.75",".00","77.75","0",".00","77.75","139.65",".00",".00",".00",".00",8/17/2010,54835,7284871,,,,,,,
