RecType,InvNum,Type,OrderNumber,InvoiceDate,DBA,CustomerNumber,CustomerName,CustAddr1,CustAddr2,City,State,ZipCode,PhoneNumber,Whse,Trip,Terms,D/CFlag,TermsMsg,CorpCustID,CoverSheet,OrdEntryDate,ChainCode,ApplyTo#,PO#,,,,,,
Header,8854665,A,7283933,8/17/2010,1,54835,"WHOLE FDS COOP-DULUTH","610 EAST 4TH STREET","","DULUTH","MN","558050000","218-728-0884",8,"247",7,0,"NET 21 DAYS",54835,3871446,8/16/2010,"CMW",0,"LN2465658-16",,,,,,
RecType,InvNum,Type,UPC,ProductID,QuantityShipped,Unit,Size,Brand,Description,RegularSRP,Status,NetPricePerUnit,ExtendedPrice,SaleSRP,RegPricePerUnit,CustomerID,PriceOrigin,QuantityOrdered,Taxable,LB flag,CW flag,CW2,CNF_RegSRP,CNF_SpcSRP,CorpCustID,CorpProdID,OrderNumber,InvoiceDate,Servings,
Detail,8854665,B,074333-458487,0112540,"2","CS","#","AM","FLOUR,OG,UNBLCHD,WHITE","1.39",,".800","40.00",".00",".800",54835,"","2",0,"N","N",".00","","",54835,11254,7283933,8/17/2010,25,
Detail,8854665,B,026938-072988,0729806,"1","CS","#","BULK H","BEANS,OG,NAVY","1.79",,"1.026","25.66",".00","1.026",54835,"","1",0,"N","N",".00","","",54835,72980,7283933,8/17/2010,25,
Detail,8854665,B,026938-326296,0326298,"0","CS","#","BULK H","BEANS,OG,BLACK,TURTLE,USA",".00",OUT,".000",".00",".00",".000",54835,"PRO  6","1",0,"N","N",".00","","",54835,32629,7283933,8/17/2010,25,
Detail,8854665,B,026938-920944,0920942,"0","CS","#","BULK M","SUGAR,OG",".00",OUT,".000",".00",".00",".000",54835,"","1",0,"N","N",".00","","",54835,92094,7283933,8/17/2010,25,
Detail,8854665,B,026938-768096,0768093,"0","CS","#","WHLSOM","SUGAR,OG,FT,CANE",".00",OUT,".000",".00",".00",".000",54835,"","3",0,"N","N",".00","","",54835,76809,7283933,8/17/2010,25,
RecType,InvNum,Type,NumGroceryItems,NumRefrigItems,NumRepackItems,NumFrozenItems,TotalPcs,TotalWt,TotalCubes,NonSpecial,Special,GrossTotal,VolDiscnt,Discount,NetTotal,TotalRetail,Deposits,Adjustments,ProfitAmnt,Profit%,InvDate,CorpCustID,OrderNumber,,,,,,,
Footer,8854665,C,"3","0","0","0","3","77",".22","65.66",".00","65.66","0",".00","65.66","114.25",".00",".00",".00",".00",8/17/2010,54835,7283933,,,,,,,
