RecType,InvNum,Type,OrderNumber,InvoiceDate,DBA,CustomerNumber,CustomerName,CustAddr1,CustAddr2,City,State,ZipCode,PhoneNumber,Whse,Trip,Terms,D/CFlag,TermsMsg,CorpCustID,CoverSheet,OrdEntryDate,ChainCode,ApplyTo#,PO#,,,,,,
Header,8854662,A,7283929,8/17/2010,1,54835,"WHOLE FDS COOP-DULUTH","610 EAST 4TH STREET","","DULUTH","MN","558050000","218-728-0884",8,"247",7,0,"NET 21 DAYS",54835,3871446,8/16/2010,"CMW",0,"LN2465658-03",,,,,,
RecType,InvNum,Type,UPC,ProductID,QuantityShipped,Unit,Size,Brand,Description,RegularSRP,Status,NetPricePerUnit,ExtendedPrice,SaleSRP,RegPricePerUnit,CustomerID,PriceOrigin,QuantityOrdered,Taxable,LB flag,CW flag,CW2,CNF_RegSRP,CNF_SpcSRP,CorpCustID,CorpProdID,OrderNumber,InvoiceDate,Servings,
Detail,8854662,B,636874-120218,0753970,"3","EA","8 OZ","EO","HAND SANITIZER,LAVENDER","9.39",,"4.920","14.76",".00","4.920",54835,"","3",0,"N","N",".00","","",54835,75397,7283929,8/17/2010,1,
Detail,8854662,B,078522-301134,0948380,"3","EA","8 OZ","JASON","HND&BDY LTN,ALOE VERA 84%","7.95",,"4.160","12.48",".00","4.160",54835,"","3",0,"N","N",".00","","",54835,94838,7283929,8/17/2010,1,
Detail,8854662,B,026938-899806,0899807,"1","","EA","","TOTES CHARGE",".00",,".000",".00",".00",".000",54835,"NO CHG","1",0,"","",".00","N","",54835,89980,7283929,8/17/2010,1,
Detail,8854662,B,636874-120249,0753996,"0","EA","24 CT","EO","HAND SANITIZNG WIPES,LVND",".00",OUT,".000",".00",".00",".000",54835,"","3",0,"N","N",".00","","",54835,75399,7283929,8/17/2010,1,
RecType,InvNum,Type,NumGroceryItems,NumRefrigItems,NumRepackItems,NumFrozenItems,TotalPcs,TotalWt,TotalCubes,NonSpecial,Special,GrossTotal,VolDiscnt,Discount,NetTotal,TotalRetail,Deposits,Adjustments,ProfitAmnt,Profit%,InvDate,CorpCustID,OrderNumber,,,,,,,
Footer,8854662,C,"0","0","1","0","1","10",".15","27.24",".00","27.24","0",".00","27.24","52.02",".00",".00",".00",".00",8/17/2010,54835,7283929,,,,,,,
