RecType,InvNum,Type,OrderNumber,InvoiceDate,DBA,CustomerNumber,CustomerName,CustAddr1,CustAddr2,City,State,ZipCode,PhoneNumber,Whse,Trip,Terms,D/CFlag,TermsMsg,CorpCustID,CoverSheet,OrdEntryDate,ChainCode,ApplyTo#,PO#,,,,,,
Header,8769509,A,8769509,8/4/2010,1,54835,"WHOLE FDS COOP-DULUTH","610 EAST 4TH STREET","","DULUTH","MN","558050000","218-728-0884",8,"000",0,2,"",54835,3841905,8/4/2010,"CMW",8780427,"",,,,,,
RecType,InvNum,Type,UPC,ProductID,QuantityShipped,Unit,Size,Brand,Description,RegularSRP,Status,NetPricePerUnit,ExtendedPrice,SaleSRP,RegPricePerUnit,CustomerID,PriceOrigin,QuantityOrdered,Taxable,LB flag,CW flag,CW2,CNF_RegSRP,CNF_SpcSRP,CorpCustID,CorpProdID,OrderNumber,InvoiceDate,Servings,
Detail,8769509,B,093966-002003,0517631,"-2","CS","64 OZ","OGVAL","SOY BEVERAGE,OG,ORIGINAL",".00",,"2.408","-28.90",".00","2.408",54835,"","-2",0,"N","N",".00","","",54835,51763,8769509,8/4/2010,6,
Detail,8769509,B,026938-653668,0653667,"-2","CS","#","BULK K","PUMPKIN SEED,OG,RAW",".00",,".000",".00",".00",".000",54835,"","-2",0,"N","N",".00","","",54835,65366,8769509,8/4/2010,27,
RecType,InvNum,Type,NumGroceryItems,NumRefrigItems,NumRepackItems,NumFrozenItems,TotalPcs,TotalWt,TotalCubes,NonSpecial,Special,GrossTotal,VolDiscnt,Discount,NetTotal,TotalRetail,Deposits,Adjustments,ProfitAmnt,Profit%,InvDate,CorpCustID,OrderNumber,,,,,,,
Footer,8769509,C,"0","0","0","0","0","0",".00",".00",".00","-28.90","0",".00","-28.90",".00",".00",".00",".00",".00",8/4/2010,54835,8769509,,,,,,,
