RecType,InvNum,Type,OrderNumber,InvoiceDate,DBA,CustomerNumber,CustomerName,CustAddr1,CustAddr2,City,State,ZipCode,PhoneNumber,Whse,Trip,Terms,D/CFlag,TermsMsg,CorpCustID,CoverSheet,OrdEntryDate,ChainCode,ApplyTo#,PO#,,,,,,
Header,8763721,A,7202615,8/3/2010,1,54835,"WHOLE FDS COOP-DULUTH","610 EAST 4TH STREET","","DULUTH","MN","558050000","218-728-0884",8,"247",7,0,"NET 21 DAYS",54835,3834368,8/2/2010,"CMW",0,"",,,,,,
RecType,InvNum,Type,UPC,ProductID,QuantityShipped,Unit,Size,Brand,Description,RegularSRP,Status,NetPricePerUnit,ExtendedPrice,SaleSRP,RegPricePerUnit,CustomerID,PriceOrigin,QuantityOrdered,Taxable,LB flag,CW flag,CW2,CNF_RegSRP,CNF_SpcSRP,CorpCustID,CorpProdID,OrderNumber,InvoiceDate,Servings,
Detail,8763721,B,725334-003502,0509083,"4","EA","100 CAP","UASLAB","DDS PLUS ACIDPH BIF/REFR","24.55",,"11.040","44.16",".00","11.040",54835,"","4",0,"N","N",".00","","",54835,50908,7202615,8/3/2010,1,
Footer,8763721,C,"0","4","0","0","4","2",".01","44.16",".00","44.16","0",".00","44.16","98.20",".00",".00",".00",".00",8/3/2010,54835,7202615,,,,,,,
