RecType,InvNum,Type,OrderNumber,InvoiceDate,DBA,CustomerNumber,CustomerName,CustAddr1,CustAddr2,City,State,ZipCode,PhoneNumber,Whse,Trip,Terms,D/CFlag,TermsMsg,CorpCustID,CoverSheet,OrdEntryDate,ChainCode,ApplyTo#,PO#,,,,,,
Header,8763714,A,7201937,8/3/2010,1,54835,"WHOLE FDS COOP-DULUTH","610 EAST 4TH STREET","","DULUTH","MN","558050000","218-728-0884",8,"247",7,0,"NET 21 DAYS",54835,3834368,8/2/2010,"CMW",0,"LN2439093-02",,,,,,
RecType,InvNum,Type,UPC,ProductID,QuantityShipped,Unit,Size,Brand,Description,RegularSRP,Status,NetPricePerUnit,ExtendedPrice,SaleSRP,RegPricePerUnit,CustomerID,PriceOrigin,QuantityOrdered,Taxable,LB flag,CW flag,CW2,CNF_RegSRP,CNF_SpcSRP,CorpCustID,CorpProdID,OrderNumber,InvoiceDate,Servings,
Detail,8763714,B,026938-462277,0462275,"1","LB","5 #","BRUNKW","CHEDDAR,YELLOW,MED","6.95",,"3.620","18.39",".00","3.620",54835,"","1",0,"N","Y","5.08","","",54835,46227,7201937,8/3/2010,1,
Detail,8763714,B,026938-468491,0468496,"1","CS","1 #","CEDARG","CHEDDAR,MLD,rBGH FREE,YEL","8.15",,"4.270","34.16",".00","4.270",54835,"","1",0,"N","N",".00","","",54835,46849,7201937,8/3/2010,8,
Detail,8763714,B,026938-468514,0468512,"1","CS","1 #","CEDARG","CHEDDAR,OG,MILD WHITE","9.49",,"4.980","39.84",".00","4.980",54835,"","1",0,"N","N",".00","","",54835,46851,7201937,8/3/2010,8,
Detail,8763714,B,026938-468552,0468553,"1","CS","1 #","CEDARG","COLBY,MARBLE rBGH FREE","8.15",,"4.270","34.16",".00","4.270",54835,"","1",0,"N","N",".00","","",54835,46855,7201937,8/3/2010,8,
Detail,8763714,B,093966-002270,0728840,"1","CS","6 OZ","OGVAL","MEXICAN CHEESE,OG,SHRED","5.65",,"2.940","35.28",".00","2.940",54835,"","1",0,"N","N",".00","","",54835,72884,7201937,8/3/2010,12,
Detail,8763714,B,093966-113303,0189704,"1","CS","8 OZ","OGVAL","MNTRY JACK,OG,RAW,UNPAST","6.09",,"3.181","38.17",".00","3.181",54835,"","1",0,"N","N",".00","","",54835,18970,7201937,8/3/2010,12,
Detail,8763714,B,093966-253702,0122705,"1","CS","8 OZ","OGVAL","MOZZARELLA,OG,PART SKIM","6.09",,"3.181","38.17",".00","3.181",54835,"","1",0,"N","N",".00","","",54835,12270,7201937,8/3/2010,12,
Detail,8763714,B,093966-213508,0151043,"1","CS","8 OZ","OGVAL","MUENSTER,OG,RED RIND","6.09",,"3.181","38.17",".00","3.181",54835,"","1",0,"N","N",".00","","",54835,15104,7201937,8/3/2010,12,
Detail,8763714,B,093966-002287,0730135,"1","CS","4 OZ","OGVAL","PARMESAN,OG,SHRED(TUB)","5.05",,"2.645","31.74",".00","2.645",54835,"","1",0,"N","N",".00","","",54835,73013,7201937,8/3/2010,12,
Detail,8763714,B,093966-000054,0602441,"1","CS","1 OZ","OGVAL","STRINGLES,OG",".85",,".437","10.49",".00",".437",54835,"","1",0,"N","N",".00","","",54835,60244,7201937,8/3/2010,24,
Detail,8763714,B,078016-123440,0797670,"1","CS","12 OZ","SOYA","MOZZARELLA STYLE","6.95",,"3.635","21.81",".00","3.635",54835,"","1",0,"N","N",".00","","",54835,79767,7201937,8/3/2010,6,
Detail,8763714,B,078016-123464,0797696,"1","CS","12 OZ","SOYA","SOYA CHEDDAR STYLE","6.95",,"3.635","21.81",".00","3.635",54835,"","1",0,"N","N",".00","","",54835,79769,7201937,8/3/2010,6,
RecType,InvNum,Type,NumGroceryItems,NumRefrigItems,NumRepackItems,NumFrozenItems,TotalPcs,TotalWt,TotalCubes,NonSpecial,Special,GrossTotal,VolDiscnt,Discount,NetTotal,TotalRetail,Deposits,Adjustments,ProfitAmnt,Profit%,InvDate,CorpCustID,OrderNumber,,,,,,,
Footer,8763714,C,"0","12","0","0","12","67",".21","362.19",".00","362.19","0",".00","362.19","693.07",".00",".00",".00",".00",8/3/2010,54835,7201937,,,,,,,
