RecType,InvNum,Type,OrderNumber,InvoiceDate,DBA,CustomerNumber,CustomerName,CustAddr1,CustAddr2,City,State,ZipCode,PhoneNumber,Whse,Trip,Terms,D/CFlag,TermsMsg,CorpCustID,CoverSheet,OrdEntryDate,ChainCode,ApplyTo#,PO#,,,,,,
Header,8763719,A,7202167,8/3/2010,1,54835,"WHOLE FDS COOP-DULUTH","610 EAST 4TH STREET","","DULUTH","MN","558050000","218-728-0884",8,"247",7,0,"NET 21 DAYS",54835,3834368,8/2/2010,"CMW",0,"",,,,,,
RecType,InvNum,Type,UPC,ProductID,QuantityShipped,Unit,Size,Brand,Description,RegularSRP,Status,NetPricePerUnit,ExtendedPrice,SaleSRP,RegPricePerUnit,CustomerID,PriceOrigin,QuantityOrdered,Taxable,LB flag,CW flag,CW2,CNF_RegSRP,CNF_SpcSRP,CorpCustID,CorpProdID,OrderNumber,InvoiceDate,Servings,
Detail,8763719,B,657622-714503,0769281,"4","CS","16 OZ","HONEST","TEA,BTL,OG,JUST BLK,UNSWT","1.59",,".713","34.24","1.59",".897",54835,"PRO 20","4",0,"N","N",".00","","",54835,76928,7202167,8/3/2010,12,
Detail,8763719,B,070617-412527,0517201,"1","CS","7.8 OZ","NATCHC","CEREAL BAR,BLBRY,MULTIGRN","3.89",,"2.230","17.84",".00","2.230",54835,"","1",0,"N","N",".00","","",54835,51720,7202167,8/3/2010,8,
Detail,8763719,B,070617-412596,0517219,"1","CS","7.8 OZ","NATCHC","CEREAL BAR,CHRY,MULTIGRN","3.89",,"2.230","17.84",".00","2.230",54835,"","1",0,"N","N",".00","","",54835,51721,7202167,8/3/2010,8,
Detail,8763719,B,070617-412541,0517227,"1","CS","7.8 OZ","NATCHC","CEREAL BAR,RSBRY,MULTIGRN","3.89",,"2.230","17.84",".00","2.230",54835,"","1",0,"N","N",".00","","",54835,51722,7202167,8/3/2010,8,
Detail,8763719,B,070617-412602,0517342,"1","CS","7.8 OZ","NATCHC","CEREAL BAR,TRPL BRY,MLTGR","3.89",,"2.230","17.84",".00","2.230",54835,"","1",0,"N","N",".00","","",54835,51734,7202167,8/3/2010,8,
Detail,8763719,B,898999-000022,0797753,"3","CS","11.2OZ","VITACO","COCONUT WATER,NATURAL","1.85",,"1.093","39.36",".00","1.093",54835,"","3",0,"N","N",".00","","",54835,79775,7202167,8/3/2010,12,
Detail,8763719,B,665479-080504,0139444,"0","CS","14 OZ","KMBUCH","DRINK,OG,NIAGARA GRAPE",".00",OUT,".000",".00",".00",".000",54835,"","3",0,"N","N",".00","","",54835,13944,7202167,8/3/2010,12,
Detail,8763719,B,898999-000206,0579391,"0","CS","11.2OZ","VITACO","COCONUT WATER,PINEAPPLE",".00",OUT,".000",".00",".00",".000",54835,"","1",0,"N","N",".00","","",54835,57939,7202167,8/3/2010,12,
RecType,InvNum,Type,NumGroceryItems,NumRefrigItems,NumRepackItems,NumFrozenItems,TotalPcs,TotalWt,TotalCubes,NonSpecial,Special,GrossTotal,VolDiscnt,Discount,NetTotal,TotalRetail,Deposits,Adjustments,ProfitAmnt,Profit%,InvDate,CorpCustID,OrderNumber,,,,,,,
Footer,8763719,C,"11","0","0","0","11","130",".44","110.72","34.24","144.96","0",".00","144.96","267.40",".00",".00",".00",".00",8/3/2010,54835,7202167,,,,,,,
