RecType,InvNum,Type,OrderNumber,InvoiceDate,DBA,CustomerNumber,CustomerName,CustAddr1,CustAddr2,City,State,ZipCode,PhoneNumber,Whse,Trip,Terms,D/CFlag,TermsMsg,CorpCustID,CoverSheet,OrdEntryDate,ChainCode,ApplyTo#,PO#,,,,,,
Header,8763704,A,7201451,8/3/2010,1,54835,"WHOLE FDS COOP-DULUTH","610 EAST 4TH STREET","","DULUTH","MN","558050000","218-728-0884",8,"247",7,0,"NET 21 DAYS",54835,3834368,8/2/2010,"CMW",0,"LN2439039-04",,,,,,
RecType,InvNum,Type,UPC,ProductID,QuantityShipped,Unit,Size,Brand,Description,RegularSRP,Status,NetPricePerUnit,ExtendedPrice,SaleSRP,RegPricePerUnit,CustomerID,PriceOrigin,QuantityOrdered,Taxable,LB flag,CW flag,CW2,CNF_RegSRP,CNF_SpcSRP,CorpCustID,CorpProdID,OrderNumber,InvoiceDate,Servings,
Detail,8763704,B,026395-100323,0661306,"12","EA","32 OZ","LILY","ALOE VERA GEL","10.15",,"4.560","54.72",".00","4.560",54835,"","12",0,"N","N",".00","","",54835,66130,7201451,8/3/2010,1,
Detail,8763704,B,026938-899806,0899807,"2","","EA","","TOTES CHARGE",".00",,".000",".00",".00",".000",54835,"NO CHG","2",0,"","",".00","N","",54835,89980,7201451,8/3/2010,1,
RecType,InvNum,Type,NumGroceryItems,NumRefrigItems,NumRepackItems,NumFrozenItems,TotalPcs,TotalWt,TotalCubes,NonSpecial,Special,GrossTotal,VolDiscnt,Discount,NetTotal,TotalRetail,Deposits,Adjustments,ProfitAmnt,Profit%,InvDate,CorpCustID,OrderNumber,,,,,,,
Footer,8763704,C,"0","0","2","0","2","50",".36","54.72",".00","54.72","0",".00","54.72","121.80",".00",".00",".00",".00",8/3/2010,54835,7201451,,,,,,,
