RecType,InvNum,Type,OrderNumber,InvoiceDate,DBA,CustomerNumber,CustomerName,CustAddr1,CustAddr2,City,State,ZipCode,PhoneNumber,Whse,Trip,Terms,D/CFlag,TermsMsg,CorpCustID,CoverSheet,OrdEntryDate,ChainCode,ApplyTo#,PO#,,,,,,
Header,8763709,A,7201466,8/3/2010,1,54835,"WHOLE FDS COOP-DULUTH","610 EAST 4TH STREET","","DULUTH","MN","558050000","218-728-0884",8,"247",7,0,"NET 21 DAYS",54835,3834368,8/2/2010,"CMW",0,"LN2439039-19",,,,,,
RecType,InvNum,Type,UPC,ProductID,QuantityShipped,Unit,Size,Brand,Description,RegularSRP,Status,NetPricePerUnit,ExtendedPrice,SaleSRP,RegPricePerUnit,CustomerID,PriceOrigin,QuantityOrdered,Taxable,LB flag,CW flag,CW2,CNF_RegSRP,CNF_SpcSRP,CorpCustID,CorpProdID,OrderNumber,InvoiceDate,Servings,
Detail,8763709,B,032843-336169,0599076,"1","CS","12 OZ","CAFE A","COFFEE GRND,OG,FT,CLASSIC","9.05",,"5.182","31.09",".00","5.182",54835,"","1",0,"N","N",".00","","",54835,59907,7201466,8/3/2010,6,
Detail,8763709,B,032843-334806,0141408,"3","EA","10 OZ","CAFE A","COFFEE WB,OG,KONA","8.65",,"4.950","14.85",".00","4.950",54835,"","3",0,"N","N",".00","","",54835,14140,7201466,8/3/2010,1,
Detail,8763709,B,026938-899806,0899807,"1","","EA","","TOTES CHARGE",".00",,".000",".00",".00",".000",54835,"NO CHG","1",0,"","",".00","N","",54835,89980,7201466,8/3/2010,1,
RecType,InvNum,Type,NumGroceryItems,NumRefrigItems,NumRepackItems,NumFrozenItems,TotalPcs,TotalWt,TotalCubes,NonSpecial,Special,GrossTotal,VolDiscnt,Discount,NetTotal,TotalRetail,Deposits,Adjustments,ProfitAmnt,Profit%,InvDate,CorpCustID,OrderNumber,,,,,,,
Footer,8763709,C,"1","0","1","0","2","14",".19","45.94",".00","45.94","0",".00","45.94","80.25",".00",".00",".00",".00",8/3/2010,54835,7201466,,,,,,,
