RecType,InvNum,Type,OrderNumber,InvoiceDate,DBA,CustomerNumber,CustomerName,CustAddr1,CustAddr2,City,State,ZipCode,PhoneNumber,Whse,Trip,Terms,D/CFlag,TermsMsg,CorpCustID,CoverSheet,OrdEntryDate,ChainCode,ApplyTo#,PO#,,,,,,
Header,8763708,A,7201464,8/3/2010,1,54835,"WHOLE FDS COOP-DULUTH","610 EAST 4TH STREET","","DULUTH","MN","558050000","218-728-0884",8,"247",7,0,"NET 21 DAYS",54835,3834368,8/2/2010,"CMW",0,"LN2439039-16",,,,,,
RecType,InvNum,Type,UPC,ProductID,QuantityShipped,Unit,Size,Brand,Description,RegularSRP,Status,NetPricePerUnit,ExtendedPrice,SaleSRP,RegPricePerUnit,CustomerID,PriceOrigin,QuantityOrdered,Taxable,LB flag,CW flag,CW2,CNF_RegSRP,CNF_SpcSRP,CorpCustID,CorpProdID,OrderNumber,InvoiceDate,Servings,
Detail,8763708,B,026938-494780,0494781,"1","CS","#","BULK D","BUCKWHEAT,OG,RAW,GROAT","1.79",,"1.037","25.92",".00","1.037",54835,"","1",0,"N","N",".00","","",54835,49478,7201464,8/3/2010,25,
Detail,8763708,B,011933-611256,0484931,"1","CS","#","BULK D","WHTBERRIES,OG,HD/RD,WNTR",".89",,".504","12.60",".00",".504",54835,"","1",0,"N","N",".00","","",54835,48493,7201464,8/3/2010,25,
RecType,InvNum,Type,NumGroceryItems,NumRefrigItems,NumRepackItems,NumFrozenItems,TotalPcs,TotalWt,TotalCubes,NonSpecial,Special,GrossTotal,VolDiscnt,Discount,NetTotal,TotalRetail,Deposits,Adjustments,ProfitAmnt,Profit%,InvDate,CorpCustID,OrderNumber,,,,,,,
Footer,8763708,C,"2","0","0","0","2","51",".17","38.52",".00","38.52","0",".00","38.52","67.00",".00",".00",".00",".00",8/3/2010,54835,7201464,,,,,,,
