RecType,InvNum,Type,OrderNumber,InvoiceDate,DBA,CustomerNumber,CustomerName,CustAddr1,CustAddr2,City,State,ZipCode,PhoneNumber,Whse,Trip,Terms,D/CFlag,TermsMsg,CorpCustID,CoverSheet,OrdEntryDate,ChainCode,ApplyTo#,PO#,,,,,,
Header,8763697,A,7200515,8/3/2010,1,54835,"WHOLE FDS COOP-DULUTH","610 EAST 4TH STREET","","DULUTH","MN","558050000","218-728-0884",8,"247",7,0,"NET 21 DAYS",54835,3834368,8/2/2010,"CMW",0,"LN2438873-05",,,,,,
RecType,InvNum,Type,UPC,ProductID,QuantityShipped,Unit,Size,Brand,Description,RegularSRP,Status,NetPricePerUnit,ExtendedPrice,SaleSRP,RegPricePerUnit,CustomerID,PriceOrigin,QuantityOrdered,Taxable,LB flag,CW flag,CW2,CNF_RegSRP,CNF_SpcSRP,CorpCustID,CorpProdID,OrderNumber,InvoiceDate,Servings,
Detail,8763697,B,035302-002162,0504175,"2","CS","12 OZ","SOYDLI","TOFU,OG,FIRM NIGARI,LF","2.65",,"1.592","19.10",".00","1.592",54835,"","2",0,"N","N",".00","","",54835,50417,7200515,8/3/2010,6,
Detail,8763697,B,664372-600062,0965137,"2","CS","6 OZ","WHLSOY","YOGURT STYLE,OG,LEMON","1.25",,".725","17.40",".00",".725",54835,"","2",0,"N","N",".00","","",54835,96513,7200515,8/3/2010,12,
Detail,8763697,B,664372-600222,0217331,"1","CS","6 OZ","WHLSOY","YOGURT STYLE,OG,MXD BERRY","1.25",,".725","8.70",".00",".725",54835,"","1",0,"N","N",".00","","",54835,21733,7200515,8/3/2010,12,
RecType,InvNum,Type,NumGroceryItems,NumRefrigItems,NumRepackItems,NumFrozenItems,TotalPcs,TotalWt,TotalCubes,NonSpecial,Special,GrossTotal,VolDiscnt,Discount,NetTotal,TotalRetail,Deposits,Adjustments,ProfitAmnt,Profit%,InvDate,CorpCustID,OrderNumber,,,,,,,
Footer,8763697,C,"0","5","0","0","5","25",".09","45.20",".00","45.20","0",".00","45.20","76.80",".00",".00",".00",".00",8/3/2010,54835,7200515,,,,,,,
