RecType,InvNum,Type,OrderNumber,InvoiceDate,DBA,CustomerNumber,CustomerName,CustAddr1,CustAddr2,City,State,ZipCode,PhoneNumber,Whse,Trip,Terms,D/CFlag,TermsMsg,CorpCustID,CoverSheet,OrdEntryDate,ChainCode,ApplyTo#,PO#,,,,,,
Header,8763716,A,7202004,8/3/2010,1,54835,"WHOLE FDS COOP-DULUTH","610 EAST 4TH STREET","","DULUTH","MN","558050000","218-728-0884",8,"247",7,0,"NET 21 DAYS",54835,3834368,8/2/2010,"CMW",0,"LN2439111-08",,,,,,
RecType,InvNum,Type,UPC,ProductID,QuantityShipped,Unit,Size,Brand,Description,RegularSRP,Status,NetPricePerUnit,ExtendedPrice,SaleSRP,RegPricePerUnit,CustomerID,PriceOrigin,QuantityOrdered,Taxable,LB flag,CW flag,CW2,CNF_RegSRP,CNF_SpcSRP,CorpCustID,CorpProdID,OrderNumber,InvoiceDate,Servings,
Detail,8763716,B,073472-002551,0447177,"1","CS","16 OZ","FDLIFE","CRL,OG,EZEKIEL 4:9,ORIGNL","5.75",,"3.425","20.55",".00","3.425",54835,"","1",0,"N","N",".00","","",54835,44717,7202004,8/3/2010,6,
Detail,8763716,B,852772-001040,0409367,"1","CS","6 OZ","FDGOOD","TORTILLA CHIPS,MULTIGRAIN","2.95",,"1.760","21.12",".00","1.760",54835,"","1",0,"N","N",".00","","",54835,40936,7202004,8/3/2010,12,
Detail,8763716,B,708656-100494,0524363,"1","CS","3.5 OZ","GRNBLK","CHOCOLT,OG,MLK TOFFEE 34%","3.75",,"2.132","21.32",".00","2.132",54835,"","1",0,"N","N",".00","","",54835,52436,7202004,8/3/2010,10,
Detail,8763716,B,084253-260206,0646125,"3","CS","32 OZ","IMAGIN","SOY ENRICH BEV,OG,ORIG","3.59",,"2.063","74.28",".00","2.063",54835,"","3",0,"N","N",".00","","",54835,64612,7202004,8/3/2010,12,
Detail,8763716,B,024335-160062,0458000,"1","CS","16 OZ","LITTLB","REFRD BEANS,OG,PINTO,LF","2.35",,"1.333","16.00",".00","1.333",54835,"","1",0,"N","N",".00","","",54835,45800,7202004,8/3/2010,12,
Detail,8763716,B,734492-701458,0492934,"3","EA","33.75 OZ","MONTE","GRAPESEED OIL","12.25",,"7.020","21.06",".00","7.020",54835,"","3",0,"N","N",".00","","",54835,49293,7202004,8/3/2010,1,
Detail,8763716,B,058449-779018,0901272,"1","CS","26.4 OZ","NATPTH","CEREAL,OG,MESA SUNRISE FL","8.29",,"4.958","29.75",".00","4.958",54835,"","1",0,"N","N",".00","","",54835,90127,7202004,8/3/2010,6,
Detail,8763716,B,843571-000297,0377028,"1","CS","9 OZ","POPIND","POPCORN INDIANA,SMKD CHED","3.85",,"2.307","27.68",".00","2.307",54835,"","1",0,"N","N",".00","","",54835,37702,7202004,8/3/2010,12,
Detail,8763716,B,716123-124126,0792184,"1","EA","2 OZ","SWEETL","LIQ STEVIA,CINNAMON FLAV","16.45",,"7.380","7.38",".00","7.380",54835,"","1",0,"N","N",".00","","",54835,79218,7202004,8/3/2010,1,
Detail,8763716,B,026938-899806,0899807,"1","","EA","","TOTES CHARGE",".00",,".000",".00",".00",".000",54835,"NO CHG","1",0,"","",".00","N","",54835,89980,7202004,8/3/2010,1,
Detail,8763716,B,852697-001316,0208793,"0","CS","4.22 OZ","HAPPYT","BABY FD,OG,BAN,PCH,COC,PR",".00",OUT,".000",".00",".00",".000",54835,"","1",0,"N","N",".00","","",54835,20879,7202004,8/3/2010,16,
RecType,InvNum,Type,NumGroceryItems,NumRefrigItems,NumRepackItems,NumFrozenItems,TotalPcs,TotalWt,TotalCubes,NonSpecial,Special,GrossTotal,VolDiscnt,Discount,NetTotal,TotalRetail,Deposits,Adjustments,ProfitAmnt,Profit%,InvDate,CorpCustID,OrderNumber,,,,,,,
Footer,8763716,C,"8","0","1","0","9","146","1.12","239.14",".00","239.14","0",".00","239.14","413.98",".00",".00",".00",".00",8/3/2010,54835,7202004,,,,,,,
