RecType,InvNum,Type,OrderNumber,InvoiceDate,DBA,CustomerNumber,CustomerName,CustAddr1,CustAddr2,City,State,ZipCode,PhoneNumber,Whse,Trip,Terms,D/CFlag,TermsMsg,CorpCustID,CoverSheet,OrdEntryDate,ChainCode,ApplyTo#,PO#,,,,,,
Header,8763705,A,7201455,8/3/2010,1,54835,"WHOLE FDS COOP-DULUTH","610 EAST 4TH STREET","","DULUTH","MN","558050000","218-728-0884",8,"247",7,0,"NET 21 DAYS",54835,3834368,8/2/2010,"CMW",0,"LN2439039-10",,,,,,
RecType,InvNum,Type,UPC,ProductID,QuantityShipped,Unit,Size,Brand,Description,RegularSRP,Status,NetPricePerUnit,ExtendedPrice,SaleSRP,RegPricePerUnit,CustomerID,PriceOrigin,QuantityOrdered,Taxable,LB flag,CW flag,CW2,CNF_RegSRP,CNF_SpcSRP,CorpCustID,CorpProdID,OrderNumber,InvoiceDate,Servings,
Detail,8763705,B,895591-001259,0695742,"1","CS","24 OZ","ECOSMA","GARDEN INSECT KILLER","7.65",,"4.570","27.42",".00","4.570",54835,"","1",0,"N","N",".00","","",54835,69574,7201455,8/3/2010,6,
Detail,8763705,B,715418-024271,0337683,"2","EA","CT","GRENSP","BABY FOOD MILL","11.29",,"6.760","13.52",".00","6.760",54835,"","2",0,"N","N",".00","","",54835,33768,7201455,8/3/2010,1,
Detail,8763705,B,770009-050046,0714394,"6","EA","2 SQ YDS","IFYC","CHEESECLOTH","2.69",,"1.610","9.66",".00","1.610",54835,"","6",0,"N","N",".00","","",54835,71439,7201455,8/3/2010,1,
Detail,8763705,B,026938-899806,0899807,"1","","EA","","TOTES CHARGE",".00",,".000",".00",".00",".000",54835,"NO CHG","1",0,"","",".00","N","",54835,89980,7201455,8/3/2010,1,
RecType,InvNum,Type,NumGroceryItems,NumRefrigItems,NumRepackItems,NumFrozenItems,TotalPcs,TotalWt,TotalCubes,NonSpecial,Special,GrossTotal,VolDiscnt,Discount,NetTotal,TotalRetail,Deposits,Adjustments,ProfitAmnt,Profit%,InvDate,CorpCustID,OrderNumber,,,,,,,
Footer,8763705,C,"1","0","1","0","2","20",".16","50.60",".00","50.60","0",".00","50.60","84.62",".00",".00",".00",".00",8/3/2010,54835,7201455,,,,,,,
