RecType,InvNum,Type,OrderNumber,InvoiceDate,DBA,CustomerNumber,CustomerName,CustAddr1,CustAddr2,City,State,ZipCode,PhoneNumber,Whse,Trip,Terms,D/CFlag,TermsMsg,CorpCustID,CoverSheet,OrdEntryDate,ChainCode,ApplyTo#,PO#,,,,,,
Header,8763700,A,7200518,8/3/2010,1,54835,"WHOLE FDS COOP-DULUTH","610 EAST 4TH STREET","","DULUTH","MN","558050000","218-728-0884",8,"247",7,0,"NET 21 DAYS",54835,3834368,8/2/2010,"CMW",0,"LN2438873-12",,,,,,
RecType,InvNum,Type,UPC,ProductID,QuantityShipped,Unit,Size,Brand,Description,RegularSRP,Status,NetPricePerUnit,ExtendedPrice,SaleSRP,RegPricePerUnit,CustomerID,PriceOrigin,QuantityOrdered,Taxable,LB flag,CW flag,CW2,CNF_RegSRP,CNF_SpcSRP,CorpCustID,CorpProdID,OrderNumber,InvoiceDate,Servings,
Detail,8763700,B,025317-120005,0608687,"1","CS","8 OZ","APLEGT","BACON,TURKEY SLICED,ANTIB","4.25",,"2.491","29.89",".00","2.491",54835,"","1",0,"N","N",".00","","",54835,60868,7200518,8/3/2010,12,
Detail,8763700,B,025317-530002,0274159,"1","CS","12 OZ","APLEGT","HOT DOG,BEEF,ANTIBTC FREE","4.79",,"2.815","33.78",".00","2.815",54835,"","1",0,"N","N",".00","","",54835,27415,7200518,8/3/2010,12,
Detail,8763700,B,048481-009938,0759100,"2","CS","12 OZ","SHLTON","CHICKEN FRANKS","3.79",,"2.222","26.66",".00","2.222",54835,"","2",0,"N","N",".00","","",54835,75910,7200518,8/3/2010,6,
Detail,8763700,B,048481-009914,0273003,"4","CS","12 OZ","SHLTON","TURKEY FRANKS","3.79",,"2.222","53.32",".00","2.222",54835,"","4",0,"N","N",".00","","",54835,27300,7200518,8/3/2010,6,
Detail,8763700,B,048481-009907,0511089,"0","CS","12 OZ","SHLTON","TURKEY FRANKS,SMOKED",".00",OUT,".000",".00",".00",".000",54835,"","2",0,"N","N",".00","","",54835,51108,7200518,8/3/2010,6,
RecType,InvNum,Type,NumGroceryItems,NumRefrigItems,NumRepackItems,NumFrozenItems,TotalPcs,TotalWt,TotalCubes,NonSpecial,Special,GrossTotal,VolDiscnt,Discount,NetTotal,TotalRetail,Deposits,Adjustments,ProfitAmnt,Profit%,InvDate,CorpCustID,OrderNumber,,,,,,,
Footer,8763700,C,"0","0","0","8","8","47",".17","143.65",".00","143.65","0",".00","143.65","244.92",".00",".00",".00",".00",8/3/2010,54835,7200518,,,,,,,
