RecType,InvNum,Type,OrderNumber,InvoiceDate,DBA,CustomerNumber,CustomerName,CustAddr1,CustAddr2,City,State,ZipCode,PhoneNumber,Whse,Trip,Terms,D/CFlag,TermsMsg,CorpCustID,CoverSheet,OrdEntryDate,ChainCode,ApplyTo#,PO#,,,,,,
Header,9161514,A,9161514,10/4/2010,1,54835,"WHOLE FDS COOP-DULUTH","610 EAST 4TH STREET","","DULUTH","MN","558050000","218-728-0884",8,"000",0,2,"",54835,3998100,10/4/2010,"CMW",9165167,"",,,,,,
RecType,InvNum,Type,UPC,ProductID,QuantityShipped,Unit,Size,Brand,Description,RegularSRP,Status,NetPricePerUnit,ExtendedPrice,SaleSRP,RegPricePerUnit,CustomerID,PriceOrigin,QuantityOrdered,Taxable,LB flag,CW flag,CW2,CNF_RegSRP,CNF_SpcSRP,CorpCustID,CorpProdID,OrderNumber,InvoiceDate,Servings,ProdStatDetailMsg,
Detail,9161514,B,729906-119493,0161000,"-1","CS","8/1.25OZ","CNTRYC","INSTNT OATMEAL,OG,VARIETY",".00",,"1.997","-11.98",".00","1.997",54835,"","-1",0,"N","N",".00","","",54835,16100,9161514,10/4/2010,6,
Detail,9161514,B,039978-009395,0254623,"-1","CS","24 OZ","BOB'S","FLAXSEED,OG,GOLDEN",".00",,".000",".00",".00",".000",54835,"","-1",0,"N","N",".00","","",54835,25462,9161514,10/4/2010,4,
Detail,9161514,B,657622-515001,0276915,"-2","CS","16 OZ","HONEST","TEA,BTL,OG,PEACH",".00",,".713","-17.12",".00",".713",54835,"","-2",0,"N","N",".00","","",54835,27691,9161514,10/4/2010,12,
Detail,9161514,B,744473-912346,0337097,"-1","CS","32 OZ","SO DEL","CNUT MILK,OG,VAN,ASPTC",".00",,"1.607","-19.28",".00","1.607",54835,"","-1",0,"N","N",".00","","",54835,33709,9161514,10/4/2010,12,
Detail,9161514,B,074677-842126,0353581,"-1","CS","14 OZ","WHOLLY","PIE SHELL,OG,9"" WHL WHT",".00",,"2.548","-30.58",".00","2.548",54835,"","-1",0,"N","N",".00","","",54835,35358,9161514,10/4/2010,12,
Detail,9161514,B,620133-002247,0404863,"-1","CS","11.3 OZ","KINNIK","DONUTS,CHOC DIPPED,G/F",".00",,".000",".00",".00",".000",54835,"","-1",0,"N","N",".00","","",54835,40486,9161514,10/4/2010,8,
Detail,9161514,B,073472-002568,0447185,"-1","CS","16 OZ","FDLIFE","CRL,OG,EZEKIEL 4:9,GL FLX",".00",,"2.987","-17.92",".00","2.987",54835,"","-1",0,"N","N",".00","","",54835,44718,9161514,10/4/2010,6,
Detail,9161514,B,078935-005124,0768770,"-1","CS","8.8 OZ","RYVITA","CRISPBREAD,SESAME RYE",".00",,"1.582","-15.82",".00","1.582",54835,"","-1",0,"N","N",".00","","",54835,76877,9161514,10/4/2010,10,
Detail,9161514,B,657622-019776,0769299,"-2","CS","16 OZ","HONEST","TEA,BTL,OG,JUST GRN,UNSWT",".00",,".000",".00",".00",".000",54835,"","-2",0,"N","N",".00","","",54835,76929,9161514,10/4/2010,12,
Detail,9161514,B,073416-000193,0796342,"-1","CS","8.5 OZ","LUNDBG","RICE CAKE,OG,MOCHI SWT,SL",".00",,".000",".00",".00",".000",54835,"","-1",0,"N","N",".00","","",54835,79634,9161514,10/4/2010,12,
Detail,9161514,B,058449-860013,0965921,"-1","CS","14 OZ","ENVKID","AMAZON FRSTD FLKS,OG,G/F",".00",,"2.742","-32.90",".00","2.742",54835,"","-1",0,"N","N",".00","","",54835,96592,9161514,10/4/2010,12,
Footer,9161514,C,"0","0","0","0","0","0",".00",".00",".00","-145.60","0",".00","-145.60",".00",".00",".00",".00",".00",10/4/2010,54835,9161514,,,,,,,
