RecType,InvNum,Type,OrderNumber,InvoiceDate,DBA,CustomerNumber,CustomerName,CustAddr1,CustAddr2,City,State,ZipCode,PhoneNumber,Whse,Trip,Terms,D/CFlag,TermsMsg,CorpCustID,CoverSheet,OrdEntryDate,ChainCode,ApplyTo#,PO#,,,,,,
Header,9161447,A,9161447,10/4/2010,1,54835,"WHOLE FDS COOP-DULUTH","610 EAST 4TH STREET","","DULUTH","MN","558050000","218-728-0884",8,"000",0,2,"",54835,3998100,10/4/2010,"CMW",9165167,"",,,,,,
RecType,InvNum,Type,UPC,ProductID,QuantityShipped,Unit,Size,Brand,Description,RegularSRP,Status,NetPricePerUnit,ExtendedPrice,SaleSRP,RegPricePerUnit,CustomerID,PriceOrigin,QuantityOrdered,Taxable,LB flag,CW flag,CW2,CNF_RegSRP,CNF_SpcSRP,CorpCustID,CorpProdID,OrderNumber,InvoiceDate,Servings,ProdStatDetailMsg,
Detail,9161447,B,664372-600222,0217331,"-1","CS","6 OZ","WHLSOY","YOGURT,SOY,ORG,MXD BERRY",".00",,".725","-8.70",".00",".725",54835,"","-1",0,"N","N",".00","","",54835,21733,9161447,10/4/2010,12,
Detail,9161447,B,657622-731043,0230268,"-7","1","64 OZ","HONEST","TEA,OG,MANGO ACIA WHITE",".00",,"2.130","-14.91",".00","2.130",54835,"","-7",0,"N","N",".00","","",54835,23026,9161447,10/4/2010,1,
Detail,9161447,B,657622-515001,0276915,"-2","CS","16 OZ","HONEST","TEA,BTL,OG,PEACH",".00",,".713","-17.12",".00",".713",54835,"","-2",0,"N","N",".00","","",54835,27691,9161447,10/4/2010,12,
Detail,9161447,B,813551-002078,0442558,"-1","CS","2 OZ","KOYO","DRY RAMEN,TOFU & MISO",".00",,".000",".00",".00",".000",54835,"","-1",0,"N","N",".00","","",54835,44255,9161447,10/4/2010,12,
Detail,9161447,B,081738-313549,0445197,"-1","EA","8 OZ","SHIKAI","SHAMP,REFLECT,WARM COLOR",".00",,"4.420","-4.42",".00","4.420",54835,"","-1",0,"N","N",".00","","",54835,44519,9161447,10/4/2010,1,
Detail,9161447,B,737628-220113,0508523,"-1","CS","1.6 OZ","THAIKI","NOODLE,INST,GREEN ONION",".00",,".523","-6.28",".00",".523",54835,"","-1",0,"N","N",".00","","",54835,50852,9161447,10/4/2010,12,
Detail,9161447,B,013562-300624,0689133,"-1","CS","10.5 OZ","ANNIE","SHELLS&WHITE CHED,FMLY SZ",".00",,".000",".00",".00",".000",54835,"","-1",0,"N","N",".00","","",54835,68913,9161447,10/4/2010,6,
Detail,9161447,B,013562-000159,0713735,"-1","CS","7.5 OZ","ANNIE","BUNNY GRAHAMS,OG,HONEY",".00",,"1.870","-22.44",".00","1.870",54835,"","-1",0,"N","N",".00","","",54835,71373,9161447,10/4/2010,12,
Detail,9161447,B,657622-019776,0769299,"-2","CS","16 OZ","HONEST","TEA,BTL,OG,JUST GRN,UNSWT",".00",,".000",".00",".00",".000",54835,"","-2",0,"N","N",".00","","",54835,76929,9161447,10/4/2010,12,
Detail,9161447,B,086700-013700,0860544,"-1","CS","#","SUNRDG","GINGER CHOC",".00",,".000",".00",".00",".000",54835,"","-1",0,"N","N",".00","","",54835,86054,9161447,10/4/2010,10,
Detail,9161447,B,081146-004008,0909283,"-1","CS","6 OZ","CSCDFR","YGRT,FF,MARIONBERRY",".00",,".000",".00",".00",".000",54835,"","-1",0,"N","N",".00","","",54835,90928,9161447,10/4/2010,12,
Detail,9161447,B,086700-508305,0967091,"-1","CS","#","SUNRDG","PRETZEL,YOGURT",".00",,"3.769","-37.69",".00","3.769",54835,"","-1",0,"N","N",".00","","",54835,96709,9161447,10/4/2010,10,
RecType,InvNum,Type,NumGroceryItems,NumRefrigItems,NumRepackItems,NumFrozenItems,TotalPcs,TotalWt,TotalCubes,NonSpecial,Special,GrossTotal,VolDiscnt,Discount,NetTotal,TotalRetail,Deposits,Adjustments,ProfitAmnt,Profit%,InvDate,CorpCustID,OrderNumber,,,,,,,
Footer,9161447,C,"0","0","0","0","0","0",".00",".00",".00","-111.56","0",".00","-111.56",".00",".00",".00",".00",".00",10/4/2010,54835,9161447,,,,,,,
