RecType,InvNum,Type,OrderNumber,InvoiceDate,DBA,CustomerNumber,CustomerName,CustAddr1,CustAddr2,City,State,ZipCode,PhoneNumber,Whse,Trip,Terms,D/CFlag,TermsMsg,CorpCustID,CoverSheet,OrdEntryDate,ChainCode,ApplyTo#,PO#,,,,,,
Header,8945830,A,7365981,8/31/2010,1,54835,"WHOLE FDS COOP-DULUTH","610 EAST 4TH STREET","","DULUTH","MN","558050000","218-728-0884",8,"247",7,0,"NET 21 DAYS",54835,3908141,8/30/2010,"CMW",0,"LN2504398-05",,,,,,
RecType,InvNum,Type,UPC,ProductID,QuantityShipped,Unit,Size,Brand,Description,RegularSRP,Status,NetPricePerUnit,ExtendedPrice,SaleSRP,RegPricePerUnit,CustomerID,PriceOrigin,QuantityOrdered,Taxable,LB flag,CW flag,CW2,CNF_RegSRP,CNF_SpcSRP,CorpCustID,CorpProdID,OrderNumber,InvoiceDate,Servings,
Detail,8945830,B,043192-201022,0681205,"1","CS","32 OZ","NANCYS","KEFIR,OG,LF,BLUEBERRY","4.39",,"2.097","12.58","4.39","2.633",54835,"PRO 20","1",0,"N","N",".00","","",54835,68120,7365981,8/31/2010,6,
Detail,8945830,B,043192-201060,0893461,"1","CS","32 OZ","NANCYS","KEFIR,OG,LF,STRAWBERRY","4.39",,"2.097","12.58","4.39","2.633",54835,"PRO 20","1",0,"N","N",".00","","",54835,89346,7365981,8/31/2010,6,
Detail,8945830,B,078355-580003,0859314,"0","CS","24 OZ","GREEKG","GREEK YGRT,NF,PLAIN",".00",OUT,".000",".00",".00",".000",54835,"","1",0,"N","N",".00","","",54835,85931,7365981,8/31/2010,6,
RecType,InvNum,Type,NumGroceryItems,NumRefrigItems,NumRepackItems,NumFrozenItems,TotalPcs,TotalWt,TotalCubes,NonSpecial,Special,GrossTotal,VolDiscnt,Discount,NetTotal,TotalRetail,Deposits,Adjustments,ProfitAmnt,Profit%,InvDate,CorpCustID,OrderNumber,,,,,,,
Footer,8945830,C,"0","2","0","0","2","28",".06",".00","25.16","25.16","0",".00","25.16","52.68",".00",".00",".00",".00",8/31/2010,54835,7365981,,,,,,,
