RecType,InvNum,Type,OrderNumber,InvoiceDate,DBA,CustomerNumber,CustomerName,CustAddr1,CustAddr2,City,State,ZipCode,PhoneNumber,Whse,Trip,Terms,D/CFlag,TermsMsg,CorpCustID,CoverSheet,OrdEntryDate,ChainCode,ApplyTo#,PO#,,,,,,
Header,8945839,A,7367216,8/31/2010,1,54835,"WHOLE FDS COOP-DULUTH","610 EAST 4TH STREET","","DULUTH","MN","558050000","218-728-0884",8,"247",7,0,"NET 21 DAYS",54835,3908141,8/30/2010,"CMW",0,"LN2504678-08",,,,,,
RecType,InvNum,Type,UPC,ProductID,QuantityShipped,Unit,Size,Brand,Description,RegularSRP,Status,NetPricePerUnit,ExtendedPrice,SaleSRP,RegPricePerUnit,CustomerID,PriceOrigin,QuantityOrdered,Taxable,LB flag,CW flag,CW2,CNF_RegSRP,CNF_SpcSRP,CorpCustID,CorpProdID,OrderNumber,InvoiceDate,Servings,
Detail,8945839,B,722252-104106,0180430,"3","CS","1.69 OZ","CLIF","LUNA BAR,OG,CHOC PEPPRMNT","1.55",,".697","31.35","1.55",".885",54835,"PRO 21","3",0,"N","N",".00","","",54835,18043,7367216,8/31/2010,15,
Detail,8945839,B,722252-103109,0921973,"1","CS","1.69 OZ","CLIF","LUNA BAR,OG,NUTZ OVR CHOC","1.55",,".697","10.45","1.55",".885",54835,"PRO 21","1",0,"N","N",".00","","",54835,92197,7367216,8/31/2010,15,
Detail,8945839,B,719212-799236,0275016,"3","CS","16 OZ","DESPEP","SALSA,DIABLO,HOT","4.99",,"2.853","51.36",".00","2.853",54835,"","3",0,"N","N",".00","","",54835,27501,7367216,8/31/2010,6,
Detail,8945839,B,632432-911601,0693242,"1","CS","16 OZ","GUYAKI","RTD,OG,PURE MIND","2.55",,"1.443","17.31",".00","1.443",54835,"","1",0,"N","N",".00","","",54835,69324,7367216,8/31/2010,12,
Detail,8945839,B,894455-000230,0256230,"1","CS","10/1.15Z","JNB","ALMOND BTR,SQZ,MAPLE","10.65",,"6.088","36.53",".00","6.088",54835,"","1",0,"N","N",".00","","",54835,25623,7367216,8/31/2010,6,
Detail,8945839,B,757645-022507,0167312,"1","CS","10 OZ","NEWMAN","COOKIES,OG,ALPHABET,CHOC","3.55",,"2.023","24.28",".00","2.023",54835,"","1",0,"N","N",".00","","",54835,16731,7367216,8/31/2010,12,
Detail,8945839,B,093966-002331,0806133,"2","CS","4/8 OZ","OGVAL","ASEPTIC MILK,OG,LF,CHOC","6.05",,"3.453","41.44",".00","3.453",54835,"","2",0,"N","N",".00","","",54835,80613,7367216,8/31/2010,6,
Detail,8945839,B,087614-351209,0381277,"1","EA","300 CT","PEELU","CHEWING GUM,PEPPERMINT","26.05",,"14.960","14.96",".00","14.960",54835,"","1",0,"N","N",".00","","",54835,38127,7367216,8/31/2010,1,
Detail,8945839,B,036192-122251,0374488,"3","CS","32 OZ","SANCRZ","LEMONADE,OG,MANGO","3.09",,"1.393","50.13","3.09","1.821",54835,"PRO 25","3",0,"N","N",".00","","",54835,37448,7367216,8/31/2010,12,
Detail,8945839,B,753656-701264,0269878,"1","CS","2.1 OZ","THINK!","THIN BAR,CHNKY PNUT BTR","2.15",,"1.226","12.26",".00","1.226",54835,"","1",0,"N","N",".00","","",54835,26987,7367216,8/31/2010,10,
Detail,8945839,B,026938-899806,0899807,"1","","EA","","TOTES CHARGE",".00",,".000",".00",".00",".000",54835,"NO CHG","1",0,"","",".00","N","",54835,89980,7367216,8/31/2010,1,
Detail,8945839,B,852697-001316,0208793,"0","CS","4.22 OZ","HAPPYT","BABY FD,OG,BAN,PCH,COC,PR",".00",OUT,".000",".00",".00",".000",54835,"","1",0,"N","N",".00","","",54835,20879,7367216,8/31/2010,16,
Detail,8945839,B,898999-000206,0579391,"0","CS","11.2OZ","VITACO","COCONUT WATER,PINEAPPLE",".00",OUT,".000",".00",".00",".000",54835,"","1",0,"N","N",".00","","",54835,57939,7367216,8/31/2010,12,
RecType,InvNum,Type,NumGroceryItems,NumRefrigItems,NumRepackItems,NumFrozenItems,TotalPcs,TotalWt,TotalCubes,NonSpecial,Special,GrossTotal,VolDiscnt,Discount,NetTotal,TotalRetail,Deposits,Adjustments,ProfitAmnt,Profit%,InvDate,CorpCustID,OrderNumber,,,,,,,
Footer,8945839,C,"11","0","1","0","12","227",".76","198.14","91.93","290.07","0",".00","290.07","551.31",".00",".00",".00",".00",8/31/2010,54835,7367216,,,,,,,
