RecType,InvNum,Type,OrderNumber,InvoiceDate,DBA,CustomerNumber,CustomerName,CustAddr1,CustAddr2,City,State,ZipCode,PhoneNumber,Whse,Trip,Terms,D/CFlag,TermsMsg,CorpCustID,CoverSheet,OrdEntryDate,ChainCode,ApplyTo#,PO#,,,,,,
Header,8945853,A,7367997,8/31/2010,1,54835,"WHOLE FDS COOP-DULUTH","610 EAST 4TH STREET","","DULUTH","MN","558050000","218-728-0884",8,"247",7,0,"NET 21 DAYS",54835,3908141,8/30/2010,"CMW",0,"",,,,,,
RecType,InvNum,Type,UPC,ProductID,QuantityShipped,Unit,Size,Brand,Description,RegularSRP,Status,NetPricePerUnit,ExtendedPrice,SaleSRP,RegPricePerUnit,CustomerID,PriceOrigin,QuantityOrdered,Taxable,LB flag,CW flag,CW2,CNF_RegSRP,CNF_SpcSRP,CorpCustID,CorpProdID,OrderNumber,InvoiceDate,Servings,
Detail,8945853,B,042272-003501,0204412,"1","CS","6 OZ","AMY'S","BURRITO,OG,BEAN & RICE,LS","2.65",,"1.639","19.67",".00","1.639",54835,"","1",0,"N","N",".00","","",54835,20441,7367997,8/31/2010,12,
Footer,8945853,C,"0","0","0","1","1","5",".02","19.67",".00","19.67","0",".00","19.67","31.80",".00",".00",".00",".00",8/31/2010,54835,7367997,,,,,,,
