RecType,InvNum,Type,OrderNumber,InvoiceDate,DBA,CustomerNumber,CustomerName,CustAddr1,CustAddr2,City,State,ZipCode,PhoneNumber,Whse,Trip,Terms,D/CFlag,TermsMsg,CorpCustID,CoverSheet,OrdEntryDate,ChainCode,ApplyTo#,PO#,,,,,,
Header,8945838,A,7367215,8/31/2010,1,54835,"WHOLE FDS COOP-DULUTH","610 EAST 4TH STREET","","DULUTH","MN","558050000","218-728-0884",8,"247",7,0,"NET 21 DAYS",54835,3908141,8/30/2010,"CMW",0,"LN2504678-06",,,,,,
RecType,InvNum,Type,UPC,ProductID,QuantityShipped,Unit,Size,Brand,Description,RegularSRP,Status,NetPricePerUnit,ExtendedPrice,SaleSRP,RegPricePerUnit,CustomerID,PriceOrigin,QuantityOrdered,Taxable,LB flag,CW flag,CW2,CNF_RegSRP,CNF_SpcSRP,CorpCustID,CorpProdID,OrderNumber,InvoiceDate,Servings,
Detail,8945838,B,749174-098894,0285262,"7","CS","100 OZ","EARTHF","ULTRA LIQ ECOS,FREE & CLR","13.65",,"6.600","184.80","13.65","8.163",54835,"PRO 20","7",0,"N","N",".00","","",54835,28526,7367215,8/31/2010,4,
Detail,8945838,B,732913-137268,0644807,"8","CS","12/352CT","SEVNTH","BATH TISSUE, 2 PLY","11.75",,"7.018","224.56",".00","7.018",54835,"","8",0,"N","N",".00","","",54835,64480,7367215,8/31/2010,4,
RecType,InvNum,Type,NumGroceryItems,NumRefrigItems,NumRepackItems,NumFrozenItems,TotalPcs,TotalWt,TotalCubes,NonSpecial,Special,GrossTotal,VolDiscnt,Discount,NetTotal,TotalRetail,Deposits,Adjustments,ProfitAmnt,Profit%,InvDate,CorpCustID,OrderNumber,,,,,,,
Footer,8945838,C,"15","0","0","0","15","338","2.31","224.56","184.80","409.36","0",".00","409.36","758.20",".00",".00",".00",".00",8/31/2010,54835,7367215,,,,,,,
