RecType,InvNum,Type,OrderNumber,InvoiceDate,DBA,CustomerNumber,CustomerName,CustAddr1,CustAddr2,City,State,ZipCode,PhoneNumber,Whse,Trip,Terms,D/CFlag,TermsMsg,CorpCustID,CoverSheet,OrdEntryDate,ChainCode,ApplyTo#,PO#,,,,,,
Header,8945841,A,7367219,8/31/2010,1,54835,"WHOLE FDS COOP-DULUTH","610 EAST 4TH STREET","","DULUTH","MN","558050000","218-728-0884",8,"247",7,0,"NET 21 DAYS",54835,3908141,8/30/2010,"CMW",0,"LN2504678-09",,,,,,
RecType,InvNum,Type,UPC,ProductID,QuantityShipped,Unit,Size,Brand,Description,RegularSRP,Status,NetPricePerUnit,ExtendedPrice,SaleSRP,RegPricePerUnit,CustomerID,PriceOrigin,QuantityOrdered,Taxable,LB flag,CW flag,CW2,CNF_RegSRP,CNF_SpcSRP,CorpCustID,CorpProdID,OrderNumber,InvoiceDate,Servings,
Detail,8945841,B,732913-227808,0326637,"1","CS","100 OZ","SEVNTH","2X ULTRA LIQ LNDRY,FR&CLR","18.75",,"11.225","44.90",".00","11.225",54835,"","1",0,"N","N",".00","","",54835,32663,7367219,8/31/2010,4,
Detail,8945841,B,732913-221714,0449959,"1","CS","45 OZ","SEVNTH","AUTO DISH GEL,LEMON SCENT","5.65",,"2.987","17.92","5.65","3.367",54835,"PRO 10","1",0,"N","N",".00","","",54835,44995,7367219,8/31/2010,6,
RecType,InvNum,Type,NumGroceryItems,NumRefrigItems,NumRepackItems,NumFrozenItems,TotalPcs,TotalWt,TotalCubes,NonSpecial,Special,GrossTotal,VolDiscnt,Discount,NetTotal,TotalRetail,Deposits,Adjustments,ProfitAmnt,Profit%,InvDate,CorpCustID,OrderNumber,,,,,,,
Footer,8945841,C,"2","0","0","0","2","52",".15","44.90","17.92","62.82","0",".00","62.82","108.90",".00",".00",".00",".00",8/31/2010,54835,7367219,,,,,,,
