RecType,InvNum,Type,OrderNumber,InvoiceDate,DBA,CustomerNumber,CustomerName,CustAddr1,CustAddr2,City,State,ZipCode,PhoneNumber,Whse,Trip,Terms,D/CFlag,TermsMsg,CorpCustID,CoverSheet,OrdEntryDate,ChainCode,ApplyTo#,PO#,,,,,,
Header,8945844,A,7367366,8/31/2010,1,54835,"WHOLE FDS COOP-DULUTH","610 EAST 4TH STREET","","DULUTH","MN","558050000","218-728-0884",8,"247",7,0,"NET 21 DAYS",54835,3908141,8/30/2010,"CMW",0,"LN2504700-03",,,,,,
RecType,InvNum,Type,UPC,ProductID,QuantityShipped,Unit,Size,Brand,Description,RegularSRP,Status,NetPricePerUnit,ExtendedPrice,SaleSRP,RegPricePerUnit,CustomerID,PriceOrigin,QuantityOrdered,Taxable,LB flag,CW flag,CW2,CNF_RegSRP,CNF_SpcSRP,CorpCustID,CorpProdID,OrderNumber,InvoiceDate,Servings,
Detail,8945844,B,051381-882518,0816058,"2","EA","8 OZ","AURACA","BODY CREAM,LAVENDER","10.59",,"4.690","9.38","10.59","5.560",54835,"PRO 15","2",0,"N","N",".00","","",54835,81605,7367366,8/31/2010,1,
Detail,8945844,B,893481-001631,0120246,"12","EA","8 OZ","CLNWEL","HAND SANTZ FOAM","5.19",,"2.160","25.92","5.19","2.720",54835,"PRO 20","12",0,"N","N",".00","","",54835,12024,7367366,8/31/2010,1,
Detail,8945844,B,636874-120379,0907881,"12","EA","210 CT","EO","SANITIZING WIPES,LAVENDER","28.15",,"14.760","177.12",".00","14.760",54835,"","12",0,"N","N",".00","","",54835,90788,7367366,8/31/2010,1,
Detail,8945844,B,782126-008008,0639740,"3","EA","16 CT","NTCARE","TAMPONS,REG W/APPLICTR","7.25",,"3.230","9.69","7.25","4.050",54835,"PRO 20","3",0,"N","N",".00","","",54835,63974,7367366,8/31/2010,1,
Detail,8945844,B,782126-009005,0639724,"6","EA","16 CT","NTCARE","TAMPONS,SUPER W/APPLCT","7.25",,"3.230","19.38","7.25","4.050",54835,"PRO 20","6",0,"N","N",".00","","",54835,63972,7367366,8/31/2010,1,
Detail,8945844,B,026938-899806,0899807,"2","","EA","","TOTES CHARGE",".00",,".000",".00",".00",".000",54835,"NO CHG","2",0,"","",".00","N","",54835,89980,7367366,8/31/2010,1,
RecType,InvNum,Type,NumGroceryItems,NumRefrigItems,NumRepackItems,NumFrozenItems,TotalPcs,TotalWt,TotalCubes,NonSpecial,Special,GrossTotal,VolDiscnt,Discount,NetTotal,TotalRetail,Deposits,Adjustments,ProfitAmnt,Profit%,InvDate,CorpCustID,OrderNumber,,,,,,,
Footer,8945844,C,"0","0","2","0","2","40",".47","177.12","64.37","241.49","0",".00","241.49","486.51",".00",".00",".00",".00",8/31/2010,54835,7367366,,,,,,,
