RecType,InvNum,Type,OrderNumber,InvoiceDate,DBA,CustomerNumber,CustomerName,CustAddr1,CustAddr2,City,State,ZipCode,PhoneNumber,Whse,Trip,Terms,D/CFlag,TermsMsg,CorpCustID,CoverSheet,OrdEntryDate,ChainCode,ApplyTo#,PO#,,,,,,
Header,8945849,A,7367377,8/31/2010,1,54835,"WHOLE FDS COOP-DULUTH","610 EAST 4TH STREET","","DULUTH","MN","558050000","218-728-0884",8,"247",7,0,"NET 21 DAYS",54835,3908141,8/30/2010,"CMW",0,"LN2504700-21",,,,,,
RecType,InvNum,Type,UPC,ProductID,QuantityShipped,Unit,Size,Brand,Description,RegularSRP,Status,NetPricePerUnit,ExtendedPrice,SaleSRP,RegPricePerUnit,CustomerID,PriceOrigin,QuantityOrdered,Taxable,LB flag,CW flag,CW2,CNF_RegSRP,CNF_SpcSRP,CorpCustID,CorpProdID,OrderNumber,InvoiceDate,Servings,
Detail,8945849,B,089836-003553,0116301,"1","EA","#","FRNTHB","BASIL LEAF,OG,SWEET,C/S","25.59",,"9.430","9.43",".00","9.430",54835,"","1",0,"N","N",".00","","",54835,11630,7367377,8/31/2010,1,
Detail,8945849,B,089836-025920,0448514,"1","EA","#","FRNTHB","CUMIN SEED,OG,GROUND","21.15",,"7.790","7.79",".00","7.790",54835,"","1",0,"N","N",".00","","",54835,44851,7367377,8/31/2010,1,
Detail,8945849,B,089836-026507,0478271,"1","EA","#","FRNTHB","CURRY POWDER,OG","19.49",,"7.170","7.17",".00","7.170",54835,"","1",0,"N","N",".00","","",54835,47827,7367377,8/31/2010,1,
Detail,8945849,B,089836-003560,0448555,"1","EA","#","FRNTHB","FENUGREEK SEED,OG,WHOLE","11.75",,"4.310","4.31",".00","4.310",54835,"","1",0,"N","N",".00","","",54835,44855,7367377,8/31/2010,1,
Detail,8945849,B,089836-003522,0298356,"1","EA","#","FRNTHB","GARLIC POWDER,OG","15.25",,"5.610","5.61",".00","5.610",54835,"","1",0,"N","N",".00","","",54835,29835,7367377,8/31/2010,1,
Detail,8945849,B,089836-002945,0311548,"1","EA","#","FRNTHB","MUSTARD SEED,OG,YEL,GRND","10.99",,"4.050","4.05",".00","4.050",54835,"","1",0,"N","N",".00","","",54835,31154,7367377,8/31/2010,1,
Detail,8945849,B,089836-009616,0402180,"1","EA","#","FRNTHB","NETTLE LEAF,OG,C/S","22.05",,"8.120","8.12",".00","8.120",54835,"","1",0,"N","N",".00","","",54835,40218,7367377,8/31/2010,1,
Detail,8945849,B,089836-003720,0478370,"1","EA","#","FRNTHB","ONION FLAKES,OG,WHITE","16.95",,"6.230","6.23",".00","6.230",54835,"","1",0,"N","N",".00","","",54835,47837,7367377,8/31/2010,1,
Detail,8945849,B,089836-007810,0546713,"1","EA","#","FRNTHB","SPEARMINT LEAF,OG,C/S","20.49",,"7.540","7.54",".00","7.540",54835,"","1",0,"N","N",".00","","",54835,54671,7367377,8/31/2010,1,
Detail,8945849,B,089836-027702,0546333,"1","EA","#","FRNTHB","CHILI POWDER BLEND,OG","24.35",,"8.970","8.97",".00","8.970",54835,"","1",0,"N","N",".00","","",54835,54633,7367377,8/31/2010,1,
Detail,8945849,B,089836-001382,0312363,"1","EA","#","FRNTHB","CURRY POWDER,MUCHI","13.25",,"4.870","4.87",".00","4.870",54835,"","1",0,"N","N",".00","","",54835,31236,7367377,8/31/2010,1,
Detail,8945849,B,089836-027788,0498287,"1","EA","#","FRNTHB","TACO SEASONING,OG","26.15",,"9.630","9.63",".00","9.630",54835,"","1",0,"N","N",".00","","",54835,49828,7367377,8/31/2010,1,
Detail,8945849,B,089836-028266,0684498,"1","EA","#","FRNTHB","TEA,OG,FT,EARL GREY","34.39",,"12.660","12.66",".00","12.660",54835,"","1",0,"N","N",".00","","",54835,68449,7367377,8/31/2010,1,
Detail,8945849,B,089836-010780,0684514,"1","EA","#","FRNTHB","TEA,OG,FT,ENGLISH BRKFST","28.49",,"10.490","10.49",".00","10.490",54835,"","1",0,"N","N",".00","","",54835,68451,7367377,8/31/2010,1,
Detail,8945849,B,026938-899806,0899807,"1","","EA","","TOTES CHARGE",".00",,".000",".00",".00",".000",54835,"NO CHG","1",0,"","",".00","N","",54835,89980,7367377,8/31/2010,1,
Detail,8945849,B,089836-029881,0740407,"0","EA","#","FRNTHB","PAPRIKA,OG,SMOKED",".00",OUT,".000",".00",".00",".000",54835,"","1",0,"N","N",".00","","",54835,74040,7367377,8/31/2010,1,
RecType,InvNum,Type,NumGroceryItems,NumRefrigItems,NumRepackItems,NumFrozenItems,TotalPcs,TotalWt,TotalCubes,NonSpecial,Special,GrossTotal,VolDiscnt,Discount,NetTotal,TotalRetail,Deposits,Adjustments,ProfitAmnt,Profit%,InvDate,CorpCustID,OrderNumber,,,,,,,
Footer,8945849,C,"0","0","1","0","1","22",".25","106.87",".00","106.87","0",".00","106.87","290.34",".00",".00",".00",".00",8/31/2010,54835,7367377,,,,,,,
