RecType,InvNum,Type,OrderNumber,InvoiceDate,DBA,CustomerNumber,CustomerName,CustAddr1,CustAddr2,City,State,ZipCode,PhoneNumber,Whse,Trip,Terms,D/CFlag,TermsMsg,CorpCustID,CoverSheet,OrdEntryDate,ChainCode,ApplyTo#,PO#,,,,,,
Header,8945851,A,7367826,8/31/2010,1,54835,"WHOLE FDS COOP-DULUTH","610 EAST 4TH STREET","","DULUTH","MN","558050000","218-728-0884",8,"247",7,0,"NET 21 DAYS",54835,3908141,8/30/2010,"CMW",0,"",,,,,,
RecType,InvNum,Type,UPC,ProductID,QuantityShipped,Unit,Size,Brand,Description,RegularSRP,Status,NetPricePerUnit,ExtendedPrice,SaleSRP,RegPricePerUnit,CustomerID,PriceOrigin,QuantityOrdered,Taxable,LB flag,CW flag,CW2,CNF_RegSRP,CNF_SpcSRP,CorpCustID,CorpProdID,OrderNumber,InvoiceDate,Servings,
Detail,8945851,B,042272-001767,0313734,"1","CS","9.5 OZ","AMY'S","BOWL,OG,PESTO TORTELLINI","4.75",,"1.625","19.50","4.75","2.958",54835,"POV 50","1",0,"N","N",".00","","",54835,31373,7367826,8/31/2010,12,
Detail,8945851,B,058449-590583,0536813,"1","CS","7.5 OZ","NATPTH","WAFFLES,OG,BUCKWHT,WLDBRY","3.45",,".591","7.09","3.45","2.008",54835,"POV 85","1",0,"N","N",".00","","",54835,53681,7367826,8/31/2010,12,
Detail,8945851,B,604183-320308,0809772,"1","CS","16 OZ","FRTERA","DIP,SALSA CON QUESO","4.45",,"1.497","8.98","4.45","2.547",54835,"POV 50","1",0,"N","N",".00","","",54835,80977,7367826,8/31/2010,6,
Detail,8945851,B,052603-065030,0938985,"1","CS","32 OZ","PACIFC","ALMOND BEV,OG,UNSWT ORIG","3.15",,".000",".00",".00","1.788",54835,"NO CHG","1",0,"N","N",".00","","",54835,93898,7367826,8/31/2010,12,
Detail,8945851,B,076950-450509,0518357,"1","CS","16 BAG","YOGI","TEA,OG,GRN,LEMON GINGER","4.35",,".000",".00",".00","2.470",54835,"NO CHG","1",0,"N","N",".00","","",54835,51835,7367826,8/31/2010,6,
RecType,InvNum,Type,NumGroceryItems,NumRefrigItems,NumRepackItems,NumFrozenItems,TotalPcs,TotalWt,TotalCubes,NonSpecial,Special,GrossTotal,VolDiscnt,Discount,NetTotal,TotalRetail,Deposits,Adjustments,ProfitAmnt,Profit%,InvDate,CorpCustID,OrderNumber,,,,,,,
Footer,8945851,C,"3","0","0","2","5","56",".24",".00","35.57","35.57","0",".00","35.57","189.00",".00",".00",".00",".00",8/31/2010,54835,7367826,,,,,,,
