RecType,InvNum,Type,OrderNumber,InvoiceDate,DBA,CustomerNumber,CustomerName,CustAddr1,CustAddr2,City,State,ZipCode,PhoneNumber,Whse,Trip,Terms,D/CFlag,TermsMsg,CorpCustID,CoverSheet,OrdEntryDate,ChainCode,ApplyTo#,PO#,,,,,,
Header,8945831,A,7365982,8/31/2010,1,54835,"WHOLE FDS COOP-DULUTH","610 EAST 4TH STREET","","DULUTH","MN","558050000","218-728-0884",8,"247",7,0,"NET 21 DAYS",54835,3908141,8/30/2010,"CMW",0,"LN2504398-08",,,,,,
RecType,InvNum,Type,UPC,ProductID,QuantityShipped,Unit,Size,Brand,Description,RegularSRP,Status,NetPricePerUnit,ExtendedPrice,SaleSRP,RegPricePerUnit,CustomerID,PriceOrigin,QuantityOrdered,Taxable,LB flag,CW flag,CW2,CNF_RegSRP,CNF_SpcSRP,CorpCustID,CorpProdID,OrderNumber,InvoiceDate,Servings,
Detail,8945831,B,042272-003136,0328344,"1","CS","9 OZ","AMY'S","BOWL,CERL,OG,STEL CUT OAT","2.45",,"1.437","17.24",".00","1.437",54835,"","1",0,"N","N",".00","","",54835,32834,7365982,8/31/2010,12,
Detail,8945831,B,021908-965161,0223545,"2","CS","12 OZ","CSCADE","FRZN JCE,OG,ORANGE","4.25",,"2.073","49.74","4.25","2.634",54835,"PRO 21","2",0,"N","N",".00","","",54835,22354,7365982,8/31/2010,12,
Detail,8945831,B,021908-406770,0908095,"1","CS","8 OZ","CSCADE","BLUEBERRIES,OG","4.25",,"1.975","23.70","4.25","2.481",54835,"PRO 20","1",0,"N","N",".00","","",54835,90809,7365982,8/31/2010,12,
Detail,8945831,B,021908-514956,0504225,"2","CS","10 OZ","CSCADE","HARVEST BERRIES,OG","4.25",,"1.975","47.40","4.25","2.481",54835,"PRO 20","2",0,"N","N",".00","","",54835,50422,7365982,8/31/2010,12,
Detail,8945831,B,021908-530017,0613505,"1","CS","10 OZ","CSCADE","RASPBERRIES,OG","4.25",,"1.975","23.70","4.25","2.481",54835,"PRO 20","1",0,"N","N",".00","","",54835,61350,7365982,8/31/2010,12,
Detail,8945831,B,028989-112262,0179374,"1","CS","8 OZ","MRNSTR","BRKFST PATTIE,OG,VEG","5.35",,"3.135","37.62",".00","3.135",54835,"","1",0,"N","N",".00","","",54835,17937,7365982,8/31/2010,12,
RecType,InvNum,Type,NumGroceryItems,NumRefrigItems,NumRepackItems,NumFrozenItems,TotalPcs,TotalWt,TotalCubes,NonSpecial,Special,GrossTotal,VolDiscnt,Discount,NetTotal,TotalRetail,Deposits,Adjustments,ProfitAmnt,Profit%,InvDate,CorpCustID,OrderNumber,,,,,,,
Footer,8945831,C,"0","0","0","8","8","74",".34","54.86","144.54","199.40","0",".00","199.40","399.60",".00",".00",".00",".00",8/31/2010,54835,7365982,,,,,,,
