RecType,InvNum,Type,OrderNumber,InvoiceDate,DBA,CustomerNumber,CustomerName,CustAddr1,CustAddr2,City,State,ZipCode,PhoneNumber,Whse,Trip,Terms,D/CFlag,TermsMsg,CorpCustID,CoverSheet,OrdEntryDate,ChainCode,ApplyTo#,PO#,,,,,,
Header,8008480,A,6523135,4/8/2010,1,54835,"WHOLE FOODS COMMUNITY COO","610 EAST 4TH STREET","","DULUTH","MN","558050000","218-728-0884",8,"412",7,0,"NET 21 DAYS",54835,3525557,4/7/2010,"CMW",0,"LN2221758-09",,,,,,
RecType,InvNum,Type,UPC,ProductID,QuantityShipped,Unit,Size,Brand,Description,RegularSRP,Status,NetPricePerUnit,ExtendedPrice,SaleSRP,RegPricePerUnit,CustomerID,PriceOrigin,QuantityOrdered,Taxable,LB flag,CW flag,CW2,CNF_RegSRP,CNF_SpcSRP,CorpCustID,CorpProdID,OrderNumber,InvoiceDate,Servings,
Detail,8008480,B,012344-061326,0133546,"2","CS","13.2 OZ","NATLIF","DOG FOOD,CAN,LAMADERM","1.95",,"1.141","27.38",".00","1.141",54835,"","2",0,"N","N",".00","","",54835,13354,6523135,4/8/2010,12,
Detail,8008480,B,757645-660006,0691634,"3","EA","25 #","NEWMAN","DOG FOOD,OG,ADULT HEALTHY","51.85",,"31.030","93.09",".00","31.030",54835,"","3",0,"N","N",".00","","",54835,69163,6523135,4/8/2010,1,
Detail,8008480,B,035883-005040,0926543,"2","CS","14 OZ","PETGRD","CAT,CHICKEN & WHEAT GERM","2.55",,"1.388","33.30","2.55","1.517",54835,"M 10","2",0,"N","N",".00","","",54835,92654,6523135,4/8/2010,12,
Detail,8008480,B,035883-005026,0926550,"1","CS","14 OZ","PETGRD","CAT,FISH/CHICKEN/LIVER","2.55",,"1.388","16.65","2.55","1.517",54835,"M 10","1",0,"N","N",".00","","",54835,92655,6523135,4/8/2010,12,
RecType,InvNum,Type,NumGroceryItems,NumRefrigItems,NumRepackItems,NumFrozenItems,TotalPcs,TotalWt,TotalCubes,NonSpecial,Special,GrossTotal,VolDiscnt,Discount,NetTotal,TotalRetail,Deposits,Adjustments,ProfitAmnt,Profit%,InvDate,CorpCustID,OrderNumber,,,,,,,
Footer,8008480,C,"8","0","0","0","8","140",".93","120.47","49.95","170.42","0",".00","170.42","294.15",".00",".00",".00",".00",4/8/2010,54835,6523135,,,,,,,
