RecType,InvNum,Type,OrderNumber,InvoiceDate,DBA,CustomerNumber,CustomerName,CustAddr1,CustAddr2,City,State,ZipCode,PhoneNumber,Whse,Trip,Terms,D/CFlag,TermsMsg,CorpCustID,CoverSheet,OrdEntryDate,ChainCode,ApplyTo#,PO#,,,,,,
Header,8006560,A,8006560,4/8/2010,1,54835,"WHOLE FOODS COMMUNITY COO","610 EAST 4TH STREET","","DULUTH","MN","558050000","218-728-0884",8,"000",0,2,"",54835,3525557,4/8/2010,"CMW",8008468,"",,,,,,
RecType,InvNum,Type,UPC,ProductID,QuantityShipped,Unit,Size,Brand,Description,RegularSRP,Status,NetPricePerUnit,ExtendedPrice,SaleSRP,RegPricePerUnit,CustomerID,PriceOrigin,QuantityOrdered,Taxable,LB flag,CW flag,CW2,CNF_RegSRP,CNF_SpcSRP,CorpCustID,CorpProdID,OrderNumber,InvoiceDate,Servings,
Detail,8006560,B,042272-002603,0554501,"-1","CS","5 OZ","AMY'S","SAMOSA WRAP,OG",".00",,"1.786","-21.43",".00","1.786",54835,"","-1",0,"N","N",".00","","",54835,55450,8006560,4/8/2010,12,
Detail,8006560,B,072180-634160,0694190,"-1","CS","13.59 OZ","WOLFGN","PIZZA,PEPPERONI",".00",,".000",".00",".00",".000",54835,"","-1",0,"N","N",".00","","",54835,69419,8006560,4/8/2010,12,
RecType,InvNum,Type,NumGroceryItems,NumRefrigItems,NumRepackItems,NumFrozenItems,TotalPcs,TotalWt,TotalCubes,NonSpecial,Special,GrossTotal,VolDiscnt,Discount,NetTotal,TotalRetail,Deposits,Adjustments,ProfitAmnt,Profit%,InvDate,CorpCustID,OrderNumber,,,,,,,
Footer,8006560,C,"0","0","0","0","0","0",".00",".00",".00","-21.43","0",".00","-21.43",".00",".00",".00",".00",".00",4/8/2010,54835,8006560,,,,,,,
