RecType,InvNum,Type,OrderNumber,InvoiceDate,DBA,CustomerNumber,CustomerName,CustAddr1,CustAddr2,City,State,ZipCode,PhoneNumber,Whse,Trip,Terms,D/CFlag,TermsMsg,CorpCustID,CoverSheet,OrdEntryDate,ChainCode,ApplyTo#,PO#,,,,,,
Header,8008488,A,6523560,4/8/2010,1,54835,"WHOLE FOODS COMMUNITY COO","610 EAST 4TH STREET","","DULUTH","MN","558050000","218-728-0884",8,"412",7,0,"NET 21 DAYS",54835,3525557,4/7/2010,"CMW",0,"LN2221854-10",,,,,,
RecType,InvNum,Type,UPC,ProductID,QuantityShipped,Unit,Size,Brand,Description,RegularSRP,Status,NetPricePerUnit,ExtendedPrice,SaleSRP,RegPricePerUnit,CustomerID,PriceOrigin,QuantityOrdered,Taxable,LB flag,CW flag,CW2,CNF_RegSRP,CNF_SpcSRP,CorpCustID,CorpProdID,OrderNumber,InvoiceDate,Servings,
Detail,8008488,B,760702-452568,0286492,"2","CS","10-13","MAGGIE","SOCK,CREW,DARKER TYE DYE","11.65",,"5.150","30.90","11.65","6.107",54835,"PRO 15","2",0,"N","N",".00","","",54835,28649,6523560,4/8/2010,3,
Detail,8008488,B,760702-452551,0286377,"2","CS","9-11","MAGGIE","SOCK,CREW,DARKER TYE DYE","11.65",,"5.150","30.90","11.65","6.107",54835,"PRO 15","2",0,"N","N",".00","","",54835,28637,6523560,4/8/2010,3,
Detail,8008488,B,026938-899806,0899807,"1","","EA","","TOTES CHARGE",".00",,".000",".00",".00",".000",54835,"NO CHG","1",0,"","",".00","N","",54835,89980,6523560,4/8/2010,1,
RecType,InvNum,Type,NumGroceryItems,NumRefrigItems,NumRepackItems,NumFrozenItems,TotalPcs,TotalWt,TotalCubes,NonSpecial,Special,GrossTotal,VolDiscnt,Discount,NetTotal,TotalRetail,Deposits,Adjustments,ProfitAmnt,Profit%,InvDate,CorpCustID,OrderNumber,,,,,,,
Footer,8008488,C,"0","0","1","0","1","9",".18",".00","61.80","61.80","0",".00","61.80","139.80",".00",".00",".00",".00",4/8/2010,54835,6523560,,,,,,,
