RecType,InvNum,Type,OrderNumber,InvoiceDate,DBA,CustomerNumber,CustomerName,CustAddr1,CustAddr2,City,State,ZipCode,PhoneNumber,Whse,Trip,Terms,D/CFlag,TermsMsg,CorpCustID,CoverSheet,OrdEntryDate,ChainCode,ApplyTo#,PO#,,,,,,
Header,8006541,A,8006541,4/8/2010,1,54835,"WHOLE FOODS COMMUNITY COO","610 EAST 4TH STREET","","DULUTH","MN","558050000","218-728-0884",8,"000",0,2,"",54835,3525557,4/8/2010,"CMW",8008468,"",,,,,,
RecType,InvNum,Type,UPC,ProductID,QuantityShipped,Unit,Size,Brand,Description,RegularSRP,Status,NetPricePerUnit,ExtendedPrice,SaleSRP,RegPricePerUnit,CustomerID,PriceOrigin,QuantityOrdered,Taxable,LB flag,CW flag,CW2,CNF_RegSRP,CNF_SpcSRP,CorpCustID,CorpProdID,OrderNumber,InvoiceDate,Servings,
Detail,8006541,B,886844-027010,0355826,"-1","CS","1#","MATCH","VEGAN MEATS,CHICKEN",".00",,".000",".00",".00",".000",54835,"","-1",0,"N","N",".00","","",54835,35582,8006541,4/8/2010,12,
Detail,8006541,B,678523-010976,0923441,"-1","CS","9.2 OZ","GLUTIN","CHICKEN PENNE ALFREDO",".00",,"3.312","-19.87",".00","3.312",54835,"","-1",0,"N","N",".00","","",54835,92344,8006541,4/8/2010,6,
RecType,InvNum,Type,NumGroceryItems,NumRefrigItems,NumRepackItems,NumFrozenItems,TotalPcs,TotalWt,TotalCubes,NonSpecial,Special,GrossTotal,VolDiscnt,Discount,NetTotal,TotalRetail,Deposits,Adjustments,ProfitAmnt,Profit%,InvDate,CorpCustID,OrderNumber,,,,,,,
Footer,8006541,C,"0","0","0","0","0","0",".00",".00",".00","-19.87","0",".00","-19.87",".00",".00",".00",".00",".00",4/8/2010,54835,8006541,,,,,,,
