RecType,InvNum,Type,OrderNumber,InvoiceDate,DBA,CustomerNumber,CustomerName,CustAddr1,CustAddr2,City,State,ZipCode,PhoneNumber,Whse,Trip,Terms,D/CFlag,TermsMsg,CorpCustID,CoverSheet,OrdEntryDate,ChainCode,ApplyTo#,PO#,,,,,,
Header,8008492,A,6523564,4/8/2010,1,54835,"WHOLE FOODS COMMUNITY COO","610 EAST 4TH STREET","","DULUTH","MN","558050000","218-728-0884",8,"412",7,0,"NET 21 DAYS",54835,3525557,4/7/2010,"CMW",0,"LN2221854-22",,,,,,
RecType,InvNum,Type,UPC,ProductID,QuantityShipped,Unit,Size,Brand,Description,RegularSRP,Status,NetPricePerUnit,ExtendedPrice,SaleSRP,RegPricePerUnit,CustomerID,PriceOrigin,QuantityOrdered,Taxable,LB flag,CW flag,CW2,CNF_RegSRP,CNF_SpcSRP,CorpCustID,CorpProdID,OrderNumber,InvoiceDate,Servings,
Detail,8008492,B,026938-623708,0623702,"1","CS","#","BULK F","ALMONDS,OG,NP,RAW","6.89",,"3.859","96.47",".00","3.859",54835,"","1",0,"N","N",".00","","",54835,62370,6523564,4/8/2010,25,
Detail,8008492,B,026938-466138,0466136,"2","CS","#","BULK F","PISTACHIOS,MEATS,RAW","16.19",,"9.054","90.54",".00","9.054",54835,"","2",0,"N","N",".00","","",54835,46613,6523564,4/8/2010,5,
RecType,InvNum,Type,NumGroceryItems,NumRefrigItems,NumRepackItems,NumFrozenItems,TotalPcs,TotalWt,TotalCubes,NonSpecial,Special,GrossTotal,VolDiscnt,Discount,NetTotal,TotalRetail,Deposits,Adjustments,ProfitAmnt,Profit%,InvDate,CorpCustID,OrderNumber,,,,,,,
Footer,8008492,C,"0","3","0","0","3","36",".11","187.01",".00","187.01","0",".00","187.01","334.15",".00",".00",".00",".00",4/8/2010,54835,6523564,,,,,,,
