RecType,InvNum,Type,OrderNumber,InvoiceDate,DBA,CustomerNumber,CustomerName,CustAddr1,CustAddr2,City,State,ZipCode,PhoneNumber,Whse,Trip,Terms,D/CFlag,TermsMsg,CorpCustID,CoverSheet,OrdEntryDate,ChainCode,ApplyTo#,PO#,,,,,,
Header,8008483,A,6523554,4/8/2010,1,54835,"WHOLE FOODS COMMUNITY COO","610 EAST 4TH STREET","","DULUTH","MN","558050000","218-728-0884",8,"412",7,0,"NET 21 DAYS",54835,3525557,4/7/2010,"CMW",0,"LN2221854-06",,,,,,
RecType,InvNum,Type,UPC,ProductID,QuantityShipped,Unit,Size,Brand,Description,RegularSRP,Status,NetPricePerUnit,ExtendedPrice,SaleSRP,RegPricePerUnit,CustomerID,PriceOrigin,QuantityOrdered,Taxable,LB flag,CW flag,CW2,CNF_RegSRP,CNF_SpcSRP,CorpCustID,CorpProdID,OrderNumber,InvoiceDate,Servings,
Detail,8008483,B,734027-905054,0200857,"1","CS","3 OZ","GINGRP","GINGINS,HARD CANDY,BAG","1.99",,".651","15.62","1.99","1.131",54835,"PRO 20","1",0,"N","N",".00","","",54835,20085,6523554,4/8/2010,24,
Detail,8008483,B,043182-008518,0771733,"1","CS","14 OZ","NATIVE","PINEAPPLE,OG,CHUNKS","3.39",,"1.670","10.02","3.39","1.932",54835,"M 15","1",0,"N","N",".00","","",54835,77173,6523554,4/8/2010,6,
Detail,8008483,B,074682-107319,0623462,"1","CS","32 OZ","KNDSN","JUICE,OG,VERY VEGGIE","4.19",,"2.149","25.79","4.19","2.468",54835,"CSD 15","1",0,"N","N",".00","","",54835,62346,6523554,4/8/2010,12,
Detail,8008483,B,074682-103090,0581009,"1","CS","32 OZ","KNDSN","JUICE,JUST BLACK CHERRY","4.79",,"2.387","28.64","4.79","2.822",54835,"PRO 15","1",0,"N","N",".00","","",54835,58100,6523554,4/8/2010,12,
Detail,8008483,B,041508-800006,0105296,"1","CS","1 LTR","SANPEL","SPARKLING MINERAL WATER","2.45",,"1.197","14.36","2.45","1.384",54835,"M 15","1",0,"N","N",".00","","",54835,10529,6523554,4/8/2010,12,
Detail,8008483,B,028400-092210,0861039,"1","CS","8 OZ","STACYS","PITA CHIPS,PARM GRLC HERB","2.95",,"1.411","16.93","2.95","1.744",54835,"PRO 20","1",0,"N","N",".00","","",54835,86103,6523554,4/8/2010,12,
RecType,InvNum,Type,NumGroceryItems,NumRefrigItems,NumRepackItems,NumFrozenItems,TotalPcs,TotalWt,TotalCubes,NonSpecial,Special,GrossTotal,VolDiscnt,Discount,NetTotal,TotalRetail,Deposits,Adjustments,ProfitAmnt,Profit%,InvDate,CorpCustID,OrderNumber,,,,,,,
Footer,8008483,C,"6","0","0","0","6","136",".48",".00","111.36","111.36","0",".00","111.36","240.66",".00",".00",".00",".00",4/8/2010,54835,6523554,,,,,,,
