RecType,InvNum,Type,OrderNumber,InvoiceDate,DBA,CustomerNumber,CustomerName,CustAddr1,CustAddr2,City,State,ZipCode,PhoneNumber,Whse,Trip,Terms,D/CFlag,TermsMsg,CorpCustID,CoverSheet,OrdEntryDate,ChainCode,ApplyTo#,PO#,,,,,,
Header,8008482,A,6523170,4/8/2010,1,54835,"WHOLE FOODS COMMUNITY COO","610 EAST 4TH STREET","","DULUTH","MN","558050000","218-728-0884",8,"412",7,0,"NET 21 DAYS",54835,3525557,4/7/2010,"CMW",0,"",,,,,,
RecType,InvNum,Type,UPC,ProductID,QuantityShipped,Unit,Size,Brand,Description,RegularSRP,Status,NetPricePerUnit,ExtendedPrice,SaleSRP,RegPricePerUnit,CustomerID,PriceOrigin,QuantityOrdered,Taxable,LB flag,CW flag,CW2,CNF_RegSRP,CNF_SpcSRP,CorpCustID,CorpProdID,OrderNumber,InvoiceDate,Servings,
Detail,8008482,B,092325-333642,0369207,"3","CS","8 OZ","ANNIES","VINGRT,HERB BALSAMIC,LITE","3.69",,"1.838","33.09","3.69","2.110",54835,"M 15","3",0,"N","N",".00","","",54835,36920,6523170,4/8/2010,6,
Detail,8008482,B,092325-333628,0369512,"3","CS","8 OZ","ANNIES","VINGRT,RASP BALSAMIC,FF","3.69",,"1.838","33.09","3.69","2.110",54835,"M 15","3",0,"N","N",".00","","",54835,36951,6523170,4/8/2010,6,
RecType,InvNum,Type,NumGroceryItems,NumRefrigItems,NumRepackItems,NumFrozenItems,TotalPcs,TotalWt,TotalCubes,NonSpecial,Special,GrossTotal,VolDiscnt,Discount,NetTotal,TotalRetail,Deposits,Adjustments,ProfitAmnt,Profit%,InvDate,CorpCustID,OrderNumber,,,,,,,
Footer,8008482,C,"6","0","0","0","6","42",".10",".00","66.18","66.18","0",".00","66.18","132.84",".00",".00",".00",".00",4/8/2010,54835,6523170,,,,,,,
