RecType,InvNum,Type,OrderNumber,InvoiceDate,DBA,CustomerNumber,CustomerName,CustAddr1,CustAddr2,City,State,ZipCode,PhoneNumber,Whse,Trip,Terms,D/CFlag,TermsMsg,CorpCustID,CoverSheet,OrdEntryDate,ChainCode,ApplyTo#,PO#,,,,,,
Header,8008474,A,6522912,4/8/2010,1,54835,"WHOLE FOODS COMMUNITY COO","610 EAST 4TH STREET","","DULUTH","MN","558050000","218-728-0884",8,"412",7,0,"NET 21 DAYS",54835,3525557,4/7/2010,"CMW",0,"LN2221738-02",,,,,,
RecType,InvNum,Type,UPC,ProductID,QuantityShipped,Unit,Size,Brand,Description,RegularSRP,Status,NetPricePerUnit,ExtendedPrice,SaleSRP,RegPricePerUnit,CustomerID,PriceOrigin,QuantityOrdered,Taxable,LB flag,CW flag,CW2,CNF_RegSRP,CNF_SpcSRP,CorpCustID,CorpProdID,OrderNumber,InvoiceDate,Servings,
Detail,8008474,B,026938-468651,0468652,"1","CS","1 #","CEDARG","MONTEREY JACK,OG","9.65",,"5.046","40.37",".00","5.046",54835,"","1",0,"N","N",".00","","",54835,46865,6522912,4/8/2010,8,
Detail,8008474,B,871459-000022,0194373,"1","CS","8 OZ","DAIYA","SHREDS,CHEDDAR STYLE","5.75",,"2.991","35.89",".00","2.991",54835,"","1",0,"N","N",".00","","",54835,19437,6522912,4/8/2010,12,
Detail,8008474,B,871459-000015,0194357,"1","CS","8 OZ","DAIYA","SHREDS,MOZZARELLA STYLE","5.75",,"2.991","35.89",".00","2.991",54835,"","1",0,"N","N",".00","","",54835,19435,6522912,4/8/2010,12,
Detail,8008474,B,045296-081326,0260877,"1","CS","8 OZ","LISANT","SOY SHREDDED CHS,MOZZAREL","4.35",,"1.727","20.72","4.35","2.275",54835,"PRO 25","1",0,"N","N",".00","","",54835,26087,6522912,4/8/2010,12,
Detail,8008474,B,079004-100023,0493551,"2","CS","8 OZ","MTSTRL","CHEDDAR,GOAT,RAW","6.59",,"3.447","82.72",".00","3.447",54835,"","2",0,"N","N",".00","","",54835,49355,6522912,4/8/2010,12,
Detail,8008474,B,079004-100085,0493593,"1","CS","7 OZ","MTSTRL","FETA,GOAT MILK","5.75",,"2.998","35.98",".00","2.998",54835,"","1",0,"N","N",".00","","",54835,49359,6522912,4/8/2010,12,
Detail,8008474,B,093966-113204,0198408,"1","CS","8 OZ","OGVAL","CHEDDAR,OG,SHARP,RAW","6.35",,"3.333","40.00",".00","3.333",54835,"","1",0,"N","N",".00","","",54835,19840,6522912,4/8/2010,12,
Detail,8008474,B,093966-213409,0151035,"1","CS","8 OZ","OGVAL","COLBY,OG,YELLOW","5.95",,"3.112","37.34",".00","3.112",54835,"","1",0,"N","N",".00","","",54835,15103,6522912,4/8/2010,12,
Detail,8008474,B,093966-000054,0602441,"2","CS","1 OZ","OGVAL","STRINGLES,OG",".85",,".443","21.26",".00",".443",54835,"","2",0,"N","N",".00","","",54835,60244,6522912,4/8/2010,24,
Detail,8008474,B,078016-123464,0797696,"1","CS","12 OZ","SOYA","SOYA CHEDDAR STYLE","7.05",,"3.683","22.10",".00","3.683",54835,"","1",0,"N","N",".00","","",54835,79769,6522912,4/8/2010,6,
Detail,8008474,B,026938-505998,0505990,"1","LB","7 #","SWSVAL","SWISS,GRADE A","5.39",,"2.830","20.18",".00","2.830",54835,"","1",0,"N","Y","7.13","","",54835,50599,6522912,4/8/2010,1,
Detail,8008474,B,020188-050253,0327270,"1","CS","8 OZ","TOFUTI","BTR THN CRM CHESE,NON-HYD","3.85",,"1.993","23.92",".00","1.993",54835,"","1",0,"N","N",".00","","",54835,32727,6522912,4/8/2010,12,
Detail,8008474,B,734027-901247,0912352,"1","CS","12.7 OZ","GINGRP","SAUCE,GINGER PEANUT","5.05",,"2.888","34.65",".00","2.888",54835,"","1",0,"N","N",".00","","",54835,91235,6522912,4/8/2010,12,
RecType,InvNum,Type,NumGroceryItems,NumRefrigItems,NumRepackItems,NumFrozenItems,TotalPcs,TotalWt,TotalCubes,NonSpecial,Special,GrossTotal,VolDiscnt,Discount,NetTotal,TotalRetail,Deposits,Adjustments,ProfitAmnt,Profit%,InvDate,CorpCustID,OrderNumber,,,,,,,
Footer,8008474,C,"1","14","0","0","15","101",".28","430.30","20.72","451.02","0",".00","451.02","870.49",".00",".00",".00",".00",4/8/2010,54835,6522912,,,,,,,
