RecType,InvNum,Type,OrderNumber,InvoiceDate,DBA,CustomerNumber,CustomerName,CustAddr1,CustAddr2,City,State,ZipCode,PhoneNumber,Whse,Trip,Terms,D/CFlag,TermsMsg,CorpCustID,CoverSheet,OrdEntryDate,ChainCode,ApplyTo#,PO#,,,,,,
Header,9055346,A,7467054,9/16/2010,1,54835,"WHOLE FDS COOP-DULUTH","610 EAST 4TH STREET","","DULUTH","MN","558050000","218-728-0884",8,"412",7,0,"NET 21 DAYS",54835,3953037,9/15/2010,"CMW",0,"LN2535932-04",,,,,,
RecType,InvNum,Type,UPC,ProductID,QuantityShipped,Unit,Size,Brand,Description,RegularSRP,Status,NetPricePerUnit,ExtendedPrice,SaleSRP,RegPricePerUnit,CustomerID,PriceOrigin,QuantityOrdered,Taxable,LB flag,CW flag,CW2,CNF_RegSRP,CNF_SpcSRP,CorpCustID,CorpProdID,OrderNumber,InvoiceDate,Servings,
Detail,9055346,B,635992-041702,0570564,"3","EA","22.2 OZ","GENSOY","PROTEIN SHAKE,CHOCOLATE","19.59",,"8.720","26.16",".00","8.720",54835,"","3",0,"N","N",".00","","",54835,57056,7467054,9/16/2010,1,
Detail,9055346,B,046985-016407,0518845,"3","EA","4 OZ","QUANTM","ELDERBERRY C-SYRUP","15.49",,"6.880","20.64",".00","6.880",54835,"","3",0,"N","N",".00","","",54835,51884,7467054,9/16/2010,1,
Detail,9055346,B,046985-001113,0215426,"1","EA","180 TAB","QUANTM","SUPER LYSINE + TABLET","20.45",,"9.090","9.09",".00","9.090",54835,"","1",0,"N","N",".00","","",54835,21542,7467054,9/16/2010,1,
Detail,9055346,B,046985-017053,0914523,"3","EA","4 OZ","QUANTM","THERA ZINC THROAT SPRAY","12.15",,"5.400","16.20",".00","5.400",54835,"","3",0,"N","N",".00","","",54835,91452,7467054,9/16/2010,1,
Detail,9055346,B,021888-120628,0266254,"2","EA","50 CT","RBLITE","SUNNY GUMMIES,VIT D 1000","11.05",,"4.240","8.48","11.05","4.910",54835,"M 15","2",0,"N","N",".00","","",54835,26625,7467054,9/16/2010,1,
Detail,9055346,B,026938-899806,0899807,"1","","EA","","TOTES CHARGE",".00",,".000",".00",".00",".000",54835,"NO CHG","1",0,"","",".00","N","",54835,89980,7467054,9/16/2010,1,
Detail,9055346,B,046985-016193,0518761,"0","EA","30 CAP","QUANTM","COLD & FLU SEASON +",".00",OUT,".000",".00",".00",".000",54835,"","3",0,"N","N",".00","","",54835,51876,7467054,9/16/2010,1,
RecType,InvNum,Type,NumGroceryItems,NumRefrigItems,NumRepackItems,NumFrozenItems,TotalPcs,TotalWt,TotalCubes,NonSpecial,Special,GrossTotal,VolDiscnt,Discount,NetTotal,TotalRetail,Deposits,Adjustments,ProfitAmnt,Profit%,InvDate,CorpCustID,OrderNumber,,,,,,,
Footer,9055346,C,"0","0","1","0","1","15",".17","72.09","8.48","80.57","0",".00","80.57","184.24",".00",".00",".00",".00",9/16/2010,54835,7467054,,,,,,,
