RecType,InvNum,Type,OrderNumber,InvoiceDate,DBA,CustomerNumber,CustomerName,CustAddr1,CustAddr2,City,State,ZipCode,PhoneNumber,Whse,Trip,Terms,D/CFlag,TermsMsg,CorpCustID,CoverSheet,OrdEntryDate,ChainCode,ApplyTo#,PO#,,,,,,
Header,9055354,A,7467448,9/16/2010,1,54835,"WHOLE FDS COOP-DULUTH","610 EAST 4TH STREET","","DULUTH","MN","558050000","218-728-0884",8,"412",7,0,"NET 21 DAYS",54835,3953037,9/15/2010,"CMW",0,"",,,,,,
RecType,InvNum,Type,UPC,ProductID,QuantityShipped,Unit,Size,Brand,Description,RegularSRP,Status,NetPricePerUnit,ExtendedPrice,SaleSRP,RegPricePerUnit,CustomerID,PriceOrigin,QuantityOrdered,Taxable,LB flag,CW flag,CW2,CNF_RegSRP,CNF_SpcSRP,CorpCustID,CorpProdID,OrderNumber,InvoiceDate,Servings,
Detail,9055354,B,749174-097002,0221150,"6","EA","25 OZ","EARTHF","DISHMATE,ALMOND","3.89",,"2.290","13.74",".00","2.290",54835,"","6",0,"N","N",".00","","",54835,22115,7467448,9/16/2010,1,
Detail,9055354,B,749174-097224,0338624,"9","EA","25 OZ","EARTHF","DISHMATE,GRAPEFRUIT","3.89",,"2.290","20.61",".00","2.290",54835,"","9",0,"N","N",".00","","",54835,33862,7467448,9/16/2010,1,
Detail,9055354,B,026938-899806,0899807,"1","","EA","","TOTES CHARGE",".00",,".000",".00",".00",".000",54835,"NO CHG","1",0,"","",".00","N","",54835,89980,7467448,9/16/2010,1,
Detail,9055354,B,749174-097279,0514752,"0","EA","25 OZ","EARTHF","DISHMATE,LAVENDER",".00",OUT,".000",".00",".00",".000",54835,"","12",0,"N","N",".00","","",54835,51475,7467448,9/16/2010,1,
RecType,InvNum,Type,NumGroceryItems,NumRefrigItems,NumRepackItems,NumFrozenItems,TotalPcs,TotalWt,TotalCubes,NonSpecial,Special,GrossTotal,VolDiscnt,Discount,NetTotal,TotalRetail,Deposits,Adjustments,ProfitAmnt,Profit%,InvDate,CorpCustID,OrderNumber,,,,,,,
Footer,9055354,C,"0","0","1","0","1","36",".24","34.35",".00","34.35","0",".00","34.35","58.35",".00",".00",".00",".00",9/16/2010,54835,7467448,,,,,,,
