RecType,InvNum,Type,OrderNumber,InvoiceDate,DBA,CustomerNumber,CustomerName,CustAddr1,CustAddr2,City,State,ZipCode,PhoneNumber,Whse,Trip,Terms,D/CFlag,TermsMsg,CorpCustID,CoverSheet,OrdEntryDate,ChainCode,ApplyTo#,PO#,,,,,,
Header,9055332,A,7466328,9/16/2010,1,54835,"WHOLE FDS COOP-DULUTH","610 EAST 4TH STREET","","DULUTH","MN","558050000","218-728-0884",8,"412",7,0,"NET 21 DAYS",54835,3953037,9/15/2010,"CMW",0,"LN2535837-05",,,,,,
RecType,InvNum,Type,UPC,ProductID,QuantityShipped,Unit,Size,Brand,Description,RegularSRP,Status,NetPricePerUnit,ExtendedPrice,SaleSRP,RegPricePerUnit,CustomerID,PriceOrigin,QuantityOrdered,Taxable,LB flag,CW flag,CW2,CNF_RegSRP,CNF_SpcSRP,CorpCustID,CorpProdID,OrderNumber,InvoiceDate,Servings,
Detail,9055332,B,894700-010144,0397836,"1","CS","32 OZ","CHOBAN","GRK YGRT,NF,VANILLA","7.55",,"4.500","27.00",".00","4.500",54835,"","1",0,"N","N",".00","","",54835,39783,7466328,9/16/2010,6,
Detail,9055332,B,054319-000046,0431981,"1","CS","32 OZ","SEVEN","YOGURT,OG,PLAIN,LOWFT","4.35",,"2.567","15.40",".00","2.567",54835,"","1",0,"N","N",".00","","",54835,43198,7466328,9/16/2010,6,
Detail,9055332,B,035302-002162,0504175,"0","CS","12 OZ","SOYDLI","TOFU,OG,FIRM NIGARI,LF",".00",OUT,".000",".00",".00",".000",54835,"","2",0,"N","N",".00","","",54835,50417,7466328,9/16/2010,6,
RecType,InvNum,Type,NumGroceryItems,NumRefrigItems,NumRepackItems,NumFrozenItems,TotalPcs,TotalWt,TotalCubes,NonSpecial,Special,GrossTotal,VolDiscnt,Discount,NetTotal,TotalRetail,Deposits,Adjustments,ProfitAmnt,Profit%,InvDate,CorpCustID,OrderNumber,,,,,,,
Footer,9055332,C,"0","2","0","0","2","26",".12","42.40",".00","42.40","0",".00","42.40","71.40",".00",".00",".00",".00",9/16/2010,54835,7466328,,,,,,,
