RecType,InvNum,Type,OrderNumber,InvoiceDate,DBA,CustomerNumber,CustomerName,CustAddr1,CustAddr2,City,State,ZipCode,PhoneNumber,Whse,Trip,Terms,D/CFlag,TermsMsg,CorpCustID,CoverSheet,OrdEntryDate,ChainCode,ApplyTo#,PO#,,,,,,
Header,9055336,A,7466333,9/16/2010,1,54835,"WHOLE FDS COOP-DULUTH","610 EAST 4TH STREET","","DULUTH","MN","558050000","218-728-0884",8,"412",7,0,"NET 21 DAYS",54835,3953037,9/15/2010,"CMW",0,"LN2535837-12",,,,,,
RecType,InvNum,Type,UPC,ProductID,QuantityShipped,Unit,Size,Brand,Description,RegularSRP,Status,NetPricePerUnit,ExtendedPrice,SaleSRP,RegPricePerUnit,CustomerID,PriceOrigin,QuantityOrdered,Taxable,LB flag,CW flag,CW2,CNF_RegSRP,CNF_SpcSRP,CorpCustID,CorpProdID,OrderNumber,InvoiceDate,Servings,
Detail,9055336,B,025317-120005,0608687,"1","CS","8 OZ","APLEGT","BACON,TURKEY SLICED,ANTIB","4.29",,"2.491","29.89",".00","2.491",54835,"","1",0,"N","N",".00","","",54835,60868,7466333,9/16/2010,12,
Detail,9055336,B,025317-530002,0274159,"1","CS","12 OZ","APLEGT","HOT DOG,BEEF,ANTIBTC FREE","4.85",,"2.815","33.78",".00","2.815",54835,"","1",0,"N","N",".00","","",54835,27415,7466333,9/16/2010,12,
Detail,9055336,B,025317-005968,0818419,"1","CS","8 OZ","APLEGT","SAUSAGE,CHKN/MPL ABF RTE","5.99",,"3.477","41.72",".00","3.477",54835,"","1",0,"N","N",".00","","",54835,81841,7466333,9/16/2010,12,
Detail,9055336,B,786791-091013,0460493,"1","CS","16 OZ","BEELER","BACON","7.55",,"4.394","52.73",".00","4.394",54835,"","1",0,"N","N",".00","","",54835,46049,7466333,9/16/2010,12,
Detail,9055336,B,786791-002101,0735415,"1","CS","16 OZ","BEELER","BRKFST SAUSAGE LINKS","5.39",,"3.137","50.19",".00","3.137",54835,"","1",0,"N","N",".00","","",54835,73541,7466333,9/16/2010,16,
Detail,9055336,B,048481-009907,0511089,"1","CS","12 OZ","SHLTON","TURKEY FRANKS,SMOKED","3.79",,"2.203","13.22",".00","2.203",54835,"","1",0,"N","N",".00","","",54835,51108,7466333,9/16/2010,6,
RecType,InvNum,Type,NumGroceryItems,NumRefrigItems,NumRepackItems,NumFrozenItems,TotalPcs,TotalWt,TotalCubes,NonSpecial,Special,GrossTotal,VolDiscnt,Discount,NetTotal,TotalRetail,Deposits,Adjustments,ProfitAmnt,Profit%,InvDate,CorpCustID,OrderNumber,,,,,,,
Footer,9055336,C,"0","0","0","6","6","56",".25","221.53",".00","221.53","0",".00","221.53","381.14",".00",".00",".00",".00",9/16/2010,54835,7466333,,,,,,,
