RecType,InvNum,Type,OrderNumber,InvoiceDate,DBA,CustomerNumber,CustomerName,CustAddr1,CustAddr2,City,State,ZipCode,PhoneNumber,Whse,Trip,Terms,D/CFlag,TermsMsg,CorpCustID,CoverSheet,OrdEntryDate,ChainCode,ApplyTo#,PO#,,,,,,
Header,9055344,A,7467050,9/16/2010,1,54835,"WHOLE FDS COOP-DULUTH","610 EAST 4TH STREET","","DULUTH","MN","558050000","218-728-0884",8,"412",7,0,"NET 21 DAYS",54835,3953037,9/15/2010,"CMW",0,"LN2535932-03",,,,,,
RecType,InvNum,Type,UPC,ProductID,QuantityShipped,Unit,Size,Brand,Description,RegularSRP,Status,NetPricePerUnit,ExtendedPrice,SaleSRP,RegPricePerUnit,CustomerID,PriceOrigin,QuantityOrdered,Taxable,LB flag,CW flag,CW2,CNF_RegSRP,CNF_SpcSRP,CorpCustID,CorpProdID,OrderNumber,InvoiceDate,Servings,
Detail,9055344,B,051381-882570,0202820,"3","EA","8 OZ","AURACA","KIDS FOAM BODY WASH","8.55",,"4.410","13.23",".00","4.410",54835,"","3",0,"N","N",".00","","",54835,20282,7467050,9/16/2010,1,
Detail,9055344,B,051381-882594,0202846,"3","EA","9 OZ","AURACA","KIDS FOAM BUBBLE BATH","8.55",,"4.410","13.23",".00","4.410",54835,"","3",0,"N","N",".00","","",54835,20284,7467050,9/16/2010,1,
Detail,9055344,B,051381-882587,0202978,"3","EA","8 OZ","AURACA","SHAMPOO,KIDS","8.55",,"4.410","13.23",".00","4.410",54835,"","3",0,"N","N",".00","","",54835,20297,7467050,9/16/2010,1,
Detail,9055344,B,026938-899806,0899807,"1","","EA","","TOTES CHARGE",".00",,".000",".00",".00",".000",54835,"NO CHG","1",0,"","",".00","N","",54835,89980,7467050,9/16/2010,1,
Detail,9055344,B,048685-101087,0825026,"0","EA","8 OZ","HLTHY","BABY SHAMPOO,PANSY FLOWER",".00",OUT,".000",".00",".00",".000",54835,"","1",0,"N","N",".00","","",54835,82502,7467050,9/16/2010,1,
RecType,InvNum,Type,NumGroceryItems,NumRefrigItems,NumRepackItems,NumFrozenItems,TotalPcs,TotalWt,TotalCubes,NonSpecial,Special,GrossTotal,VolDiscnt,Discount,NetTotal,TotalRetail,Deposits,Adjustments,ProfitAmnt,Profit%,InvDate,CorpCustID,OrderNumber,,,,,,,
Footer,9055344,C,"0","0","1","0","1","11",".15","39.69",".00","39.69","0",".00","39.69","76.95",".00",".00",".00",".00",9/16/2010,54835,7467050,,,,,,,
