RecType,InvNum,Type,OrderNumber,InvoiceDate,DBA,CustomerNumber,CustomerName,CustAddr1,CustAddr2,City,State,ZipCode,PhoneNumber,Whse,Trip,Terms,D/CFlag,TermsMsg,CorpCustID,CoverSheet,OrdEntryDate,ChainCode,ApplyTo#,PO#,,,,,,
Header,9055353,A,7467071,9/16/2010,1,54835,"WHOLE FDS COOP-DULUTH","610 EAST 4TH STREET","","DULUTH","MN","558050000","218-728-0884",8,"412",7,0,"NET 21 DAYS",54835,3953037,9/15/2010,"CMW",0,"LN2535932-21",,,,,,
RecType,InvNum,Type,UPC,ProductID,QuantityShipped,Unit,Size,Brand,Description,RegularSRP,Status,NetPricePerUnit,ExtendedPrice,SaleSRP,RegPricePerUnit,CustomerID,PriceOrigin,QuantityOrdered,Taxable,LB flag,CW flag,CW2,CNF_RegSRP,CNF_SpcSRP,CorpCustID,CorpProdID,OrderNumber,InvoiceDate,Servings,
Detail,9055353,B,089836-028693,0546317,"1","EA","#","FRNTHB","BROTH POWDER,OG,CHCKN FLV","20.15",,"7.340","7.34",".00","7.340",54835,"","1",0,"N","N",".00","","",54835,54631,7467071,9/16/2010,1,
Detail,9055353,B,089836-025920,0448514,"1","EA","#","FRNTHB","CUMIN SEED,OG,GROUND","21.35",,"7.790","7.79",".00","7.790",54835,"","1",0,"N","N",".00","","",54835,44851,7467071,9/16/2010,1,
Detail,9055353,B,089836-001375,0310888,"1","EA","#","FRNTHB","CUMIN SEED,WHOLE","14.19",,"5.170","5.17",".00","5.170",54835,"","1",0,"N","N",".00","","",54835,31088,7467071,9/16/2010,1,
Detail,9055353,B,089836-003522,0298356,"1","EA","#","FRNTHB","GARLIC POWDER,OG","15.39",,"5.610","5.61",".00","5.610",54835,"","1",0,"N","N",".00","","",54835,29835,7467071,9/16/2010,1,
Detail,9055353,B,089836-027047,0448357,"1","EA","#","FRNTHB","KELP POWDER,OG","11.15",,"4.050","4.05",".00","4.050",54835,"","1",0,"N","N",".00","","",54835,44835,7467071,9/16/2010,1,
Detail,9055353,B,089836-026002,0546671,"1","EA","#","FRNTHB","PEPPER,BLACK,OG,MED,GRIND","22.25",,"8.120","8.12",".00","8.120",54835,"","1",0,"N","N",".00","","",54835,54667,7467071,9/16/2010,1,
Detail,9055353,B,089836-009999,0312181,"1","EA","#","FRNTHB","ROSEHIPS,OG,SEEDLESS,C/S","16.09",,"5.860","5.86",".00","5.860",54835,"","1",0,"N","N",".00","","",54835,31218,7467071,9/16/2010,1,
Detail,9055353,B,089836-027702,0546333,"1","EA","#","FRNTHB","CHILI POWDER BLEND,OG","24.59",,"8.970","8.97",".00","8.970",54835,"","1",0,"N","N",".00","","",54835,54633,7467071,9/16/2010,1,
Detail,9055353,B,089836-028730,0551770,"1","EA","#","FRNTHB","TEA,OG,FT,GUNPOWDER GREEN","32.59",,"11.890","11.89",".00","11.890",54835,"","1",0,"N","N",".00","","",54835,55177,7467071,9/16/2010,1,
Detail,9055353,B,026938-899806,0899807,"1","","EA","","TOTES CHARGE",".00",,".000",".00",".00",".000",54835,"NO CHG","1",0,"","",".00","N","",54835,89980,7467071,9/16/2010,1,
Detail,9055353,B,089836-026194,0448548,"0","EA","#","FRNTHB","FENNEL SEED,OG,WHOLE",".00",OUT,".000",".00",".00",".000",54835,"","1",0,"N","N",".00","","",54835,44854,7467071,9/16/2010,1,
Detail,9055353,B,089836-003447,0478354,"0","EA","#","FRNTHB","MUSTARD SEED,OG,BRN,WHL",".00",OUT,".000",".00",".00",".000",54835,"","1",0,"N","N",".00","","",54835,47835,7467071,9/16/2010,1,
Detail,9055353,B,089836-003430,0311449,"0","EA","#","FRNTHB","MUSTARD SEED,OG,YEL,WHL",".00",OUT,".000",".00",".00",".000",54835,"","1",0,"N","N",".00","","",54835,31144,7467071,9/16/2010,1,
Detail,9055353,B,089836-029881,0740407,"0","EA","#","FRNTHB","PAPRIKA,OG,SMOKED",".00",OUT,".000",".00",".00",".000",54835,"","1",0,"N","N",".00","","",54835,74040,7467071,9/16/2010,1,
RecType,InvNum,Type,NumGroceryItems,NumRefrigItems,NumRepackItems,NumFrozenItems,TotalPcs,TotalWt,TotalCubes,NonSpecial,Special,GrossTotal,VolDiscnt,Discount,NetTotal,TotalRetail,Deposits,Adjustments,ProfitAmnt,Profit%,InvDate,CorpCustID,OrderNumber,,,,,,,
Footer,9055353,C,"0","0","1","0","1","16",".18","64.80",".00","64.80","0",".00","64.80","177.75",".00",".00",".00",".00",9/16/2010,54835,7467071,,,,,,,
