RecType,InvNum,Type,OrderNumber,InvoiceDate,DBA,CustomerNumber,CustomerName,CustAddr1,CustAddr2,City,State,ZipCode,PhoneNumber,Whse,Trip,Terms,D/CFlag,TermsMsg,CorpCustID,CoverSheet,OrdEntryDate,ChainCode,ApplyTo#,PO#,,,,,,
Header,8740950,A,8740950,7/30/2010,1,54835,"WHOLE FDS COOP-DULUTH","610 EAST 4TH STREET","","DULUTH","MN","558050000","218-728-0884",8,"000",0,2,"",54835,3829902,7/30/2010,"CMW",8751009,"",,,,,,
RecType,InvNum,Type,UPC,ProductID,QuantityShipped,Unit,Size,Brand,Description,RegularSRP,Status,NetPricePerUnit,ExtendedPrice,SaleSRP,RegPricePerUnit,CustomerID,PriceOrigin,QuantityOrdered,Taxable,LB flag,CW flag,CW2,CNF_RegSRP,CNF_SpcSRP,CorpCustID,CorpProdID,OrderNumber,InvoiceDate,Servings,
Detail,8740950,B,018627-610021,0229310,"-1","1","9 OZ","KASHI","TLC CRACKERS,HONEY SESAME",".00",,".000",".00",".00",".000",54835,"","-1",0,"N","N",".00","","",54835,22931,8740950,7/30/2010,1,
Detail,8740950,B,018627-610045,0285171,"-1","CS","8 OZ","KASHI","TLC CRACKERS,COUNTRY CHED",".00",,"1.841","-22.09",".00","1.841",54835,"","-1",0,"N","N",".00","","",54835,28517,8740950,7/30/2010,12,
Footer,8740950,C,"0","0","0","0","0","0",".00",".00",".00","-22.09","0",".00","-22.09",".00",".00",".00",".00",".00",7/30/2010,54835,8740950,,,,,,,
