RecType,InvNum,Type,OrderNumber,InvoiceDate,DBA,CustomerNumber,CustomerName,CustAddr1,CustAddr2,City,State,ZipCode,PhoneNumber,Whse,Trip,Terms,D/CFlag,TermsMsg,CorpCustID,CoverSheet,OrdEntryDate,ChainCode,ApplyTo#,PO#,,,,,,
Header,8740039,A,8740039,7/30/2010,1,54835,"WHOLE FDS COOP-DULUTH","610 EAST 4TH STREET","","DULUTH","MN","558050000","218-728-0884",8,"000",0,2,"",54835,3829902,7/30/2010,"CMW",8751009,"",,,,,,
RecType,InvNum,Type,UPC,ProductID,QuantityShipped,Unit,Size,Brand,Description,RegularSRP,Status,NetPricePerUnit,ExtendedPrice,SaleSRP,RegPricePerUnit,CustomerID,PriceOrigin,QuantityOrdered,Taxable,LB flag,CW flag,CW2,CNF_RegSRP,CNF_SpcSRP,CorpCustID,CorpProdID,OrderNumber,InvoiceDate,Servings,
Detail,8740039,B,024335-162363,0259127,"-8","1","16 OZ","LITTLB","REFRD BEANS,OG,BLACK,FF",".00",,"1.140","-9.12",".00","1.140",54835,"","-8",0,"N","N",".00","","",54835,25912,8740039,7/30/2010,1,
Detail,8740039,B,728229-013952,0333989,"-1","CS","5 OZ","TERRA","KETTLE CHIP,PESTO&SMK MOZ",".00",,"1.440","-21.60",".00","1.440",54835,"","-1",0,"N","N",".00","","",54835,33398,8740039,7/30/2010,15,
Detail,8740039,B,722252-191014,0353029,"-1","CS","7.4 OZ","CLIF","CRUNCH BAR,OG,CHOC CHIP",".00",,".000",".00",".00",".000",54835,"","-1",0,"N","N",".00","","",54835,35302,8740039,7/30/2010,12,
Detail,8740039,B,813551-002078,0442558,"-2","CS","2 OZ","KOYO","DRY RAMEN,TOFU & MISO",".00",,".000",".00",".00",".000",54835,"","-2",0,"N","N",".00","","",54835,44255,8740039,7/30/2010,12,
Detail,8740039,B,813551-002115,0457655,"-2","CS","2.1 OZ","KOYO","DRY RAMEN,ASIAN VEG",".00",,".698","-16.76",".00",".698",54835,"","-2",0,"N","N",".00","","",54835,45765,8740039,7/30/2010,12,
Detail,8740039,B,024335-160062,0458000,"-4","1","16 OZ","LITTLB","REFRD BEANS,OG,PINTO,LF",".00",,"1.070","-4.28",".00","1.070",54835,"","-4",0,"N","N",".00","","",54835,45800,8740039,7/30/2010,1,
RecType,InvNum,Type,NumGroceryItems,NumRefrigItems,NumRepackItems,NumFrozenItems,TotalPcs,TotalWt,TotalCubes,NonSpecial,Special,GrossTotal,VolDiscnt,Discount,NetTotal,TotalRetail,Deposits,Adjustments,ProfitAmnt,Profit%,InvDate,CorpCustID,OrderNumber,,,,,,,
Footer,8740039,C,"0","0","0","0","0","0",".00",".00",".00","-51.76","0",".00","-51.76",".00",".00",".00",".00",".00",7/30/2010,54835,8740039,,,,,,,
