RecType,InvNum,Type,OrderNumber,InvoiceDate,DBA,CustomerNumber,CustomerName,CustAddr1,CustAddr2,City,State,ZipCode,PhoneNumber,Whse,Trip,Terms,D/CFlag,TermsMsg,CorpCustID,CoverSheet,OrdEntryDate,ChainCode,ApplyTo#,PO#,,,,,,
Header,8751030,A,7190093,7/31/2010,1,54835,"WHOLE FDS COOP-DULUTH","610 EAST 4TH STREET","","DULUTH","MN","558050000","218-728-0884",8,"642",7,0,"NET 21 DAYS",54835,3829902,7/30/2010,"CMW",0,"",,,,,,
RecType,InvNum,Type,UPC,ProductID,QuantityShipped,Unit,Size,Brand,Description,RegularSRP,Status,NetPricePerUnit,ExtendedPrice,SaleSRP,RegPricePerUnit,CustomerID,PriceOrigin,QuantityOrdered,Taxable,LB flag,CW flag,CW2,CNF_RegSRP,CNF_SpcSRP,CorpCustID,CorpProdID,OrderNumber,InvoiceDate,Servings,
Detail,8751030,B,070617-412527,0517201,"1","CS","7.8 OZ","NATCHC","CEREAL BAR,BLBRY,MULTIGRN","3.95",,"2.259","18.07",".00","2.259",54835,"","1",0,"N","N",".00","","",54835,51720,7190093,7/31/2010,8,
Detail,8751030,B,070617-412596,0517219,"1","CS","7.8 OZ","NATCHC","CEREAL BAR,CHRY,MULTIGRN","3.95",,"2.259","18.07",".00","2.259",54835,"","1",0,"N","N",".00","","",54835,51721,7190093,7/31/2010,8,
Detail,8751030,B,070617-412541,0517227,"1","CS","7.8 OZ","NATCHC","CEREAL BAR,RSBRY,MULTIGRN","3.95",,"2.259","18.07",".00","2.259",54835,"","1",0,"N","N",".00","","",54835,51722,7190093,7/31/2010,8,
Detail,8751030,B,070617-412602,0517342,"1","CS","7.8 OZ","NATCHC","CEREAL BAR,TRPL BRY,MLTGR","3.95",,"2.259","18.07",".00","2.259",54835,"","1",0,"N","N",".00","","",54835,51734,7190093,7/31/2010,8,
Detail,8751030,B,665479-080603,0400564,"0","CS","14 OZ","KMBUCH","DRINK,OG,CHERRY CASSIS",".00",OUT,".000",".00",".00",".000",54835,"","1",0,"N","N",".00","","",54835,40056,7190093,7/31/2010,12,
RecType,InvNum,Type,NumGroceryItems,NumRefrigItems,NumRepackItems,NumFrozenItems,TotalPcs,TotalWt,TotalCubes,NonSpecial,Special,GrossTotal,VolDiscnt,Discount,NetTotal,TotalRetail,Deposits,Adjustments,ProfitAmnt,Profit%,InvDate,CorpCustID,OrderNumber,,,,,,,
Footer,8751030,C,"4","0","0","0","4","20",".19","72.28",".00","72.28","0",".00","72.28","126.40",".00",".00",".00",".00",7/31/2010,54835,7190093,,,,,,,
