RecType,InvNum,Type,OrderNumber,InvoiceDate,DBA,CustomerNumber,CustomerName,CustAddr1,CustAddr2,City,State,ZipCode,PhoneNumber,Whse,Trip,Terms,D/CFlag,TermsMsg,CorpCustID,CoverSheet,OrdEntryDate,ChainCode,ApplyTo#,PO#,,,,,,
Header,8751016,A,7189669,7/31/2010,1,54835,"WHOLE FDS COOP-DULUTH","610 EAST 4TH STREET","","DULUTH","MN","558050000","218-728-0884",8,"642",7,0,"NET 21 DAYS",54835,3829902,7/30/2010,"CMW",0,"LN2435284-02",,,,,,
RecType,InvNum,Type,UPC,ProductID,QuantityShipped,Unit,Size,Brand,Description,RegularSRP,Status,NetPricePerUnit,ExtendedPrice,SaleSRP,RegPricePerUnit,CustomerID,PriceOrigin,QuantityOrdered,Taxable,LB flag,CW flag,CW2,CNF_RegSRP,CNF_SpcSRP,CorpCustID,CorpProdID,OrderNumber,InvoiceDate,Servings,
Detail,8751016,B,026938-462734,0462739,"1","LB","5 #","BRUNKW","CHEDDAR,COLORED","6.49",,"3.400","17.27",".00","3.400",54835,"","1",0,"N","Y","5.08","","",54835,46273,7189669,7/31/2010,1,
Detail,8751016,B,026938-462895,0462895,"1","LB","5 #","BRUNKW","CHEDDR,MILD WHITE RM","6.79",,"3.550","18.11",".00","3.550",54835,"","1",0,"N","Y","5.10","","",54835,46289,7189669,7/31/2010,1,
Detail,8751016,B,026938-463014,0463018,"1","LB","5 #","BRUNKW","MONTEREY JACK RM","6.69",,"3.500","17.85",".00","3.500",54835,"","1",0,"N","Y","5.10","","",54835,46301,7189669,7/31/2010,1,
Detail,8751016,B,049568-530109,0476911,"1","CS","10 OZ","FOLLOW","CHEDDAR VEGAN CHEESE","5.15",,"2.685","32.22",".00","2.685",54835,"","1",0,"N","N",".00","","",54835,47691,7189669,7/31/2010,12,
Detail,8751016,B,049568-520100,0477091,"1","CS","10 OZ","FOLLOW","MOZZARELLA VEGAN CHEESE","5.15",,"2.685","32.22",".00","2.685",54835,"","1",0,"N","N",".00","","",54835,47709,7189669,7/31/2010,12,
Detail,8751016,B,045296-081319,0260851,"1","CS","8 OZ","LISANT","SOY SHREDDED CHS,CHEDDAR","4.35",,"1.980","23.76","4.35","2.275",54835,"M 15","1",0,"N","N",".00","","",54835,26085,7189669,7/31/2010,12,
Detail,8751016,B,045296-081326,0260877,"1","CS","8 OZ","LISANT","SOY SHREDDED CHS,MOZZAREL","4.35",,"1.980","23.76","4.35","2.275",54835,"M 15","1",0,"N","N",".00","","",54835,26087,7189669,7/31/2010,12,
Detail,8751016,B,093966-452709,0598086,"1","CS","6 OZ","OGVAL","MOZZ,OG,SHRED,PART SKIM","5.69",,"2.979","35.75",".00","2.979",54835,"","1",0,"N","N",".00","","",54835,59808,7189669,7/31/2010,12,
Detail,8751016,B,026938-468491,0468496,"0","CS","1 #","CEDARG","CHEDDAR,MLD,rBGH FREE,YEL",".00",OUT,".000",".00",".00",".000",54835,"","1",0,"N","N",".00","","",54835,46849,7189669,7/31/2010,8,
Detail,8751016,B,026938-468552,0468553,"0","CS","1 #","CEDARG","COLBY,MARBLE rBGH FREE",".00",OUT,".000",".00",".00",".000",54835,"","1",0,"N","N",".00","","",54835,46855,7189669,7/31/2010,8,
RecType,InvNum,Type,NumGroceryItems,NumRefrigItems,NumRepackItems,NumFrozenItems,TotalPcs,TotalWt,TotalCubes,NonSpecial,Special,GrossTotal,VolDiscnt,Discount,NetTotal,TotalRetail,Deposits,Adjustments,ProfitAmnt,Profit%,InvDate,CorpCustID,OrderNumber,,,,,,,
Footer,8751016,C,"0","8","0","0","8","51",".17","153.42","47.52","200.94","0",".00","200.94","398.00",".00",".00",".00",".00",7/31/2010,54835,7189669,,,,,,,
