RecType,InvNum,Type,OrderNumber,InvoiceDate,DBA,CustomerNumber,CustomerName,CustAddr1,CustAddr2,City,State,ZipCode,PhoneNumber,Whse,Trip,Terms,D/CFlag,TermsMsg,CorpCustID,CoverSheet,OrdEntryDate,ChainCode,ApplyTo#,PO#,,,,,,
Header,8875667,A,8875667,8/20/2010,1,54835,"WHOLE FDS COOP-DULUTH","610 EAST 4TH STREET","","DULUTH","MN","558050000","218-728-0884",8,"000",0,2,"",54835,3884298,8/20/2010,"CMW",8886514,"",,,,,,
RecType,InvNum,Type,UPC,ProductID,QuantityShipped,Unit,Size,Brand,Description,RegularSRP,Status,NetPricePerUnit,ExtendedPrice,SaleSRP,RegPricePerUnit,CustomerID,PriceOrigin,QuantityOrdered,Taxable,LB flag,CW flag,CW2,CNF_RegSRP,CNF_SpcSRP,CorpCustID,CorpProdID,OrderNumber,InvoiceDate,Servings,
Detail,8875667,B,013000-001014,0189415,"-2","CS","15 OZ","HEINZ","KETCHUP,OG",".00",,".000",".00",".00",".000",54835,"","-2",0,"N","N",".00","","",54835,18941,8875667,8/20/2010,12,
Detail,8875667,B,013000-001014,0189415,"-2","CS","15 OZ","HEINZ","KETCHUP,OG",".00",,".000",".00",".00",".000",54835,"","-2",0,"N","N",".00","","",54835,18941,8875667,8/20/2010,12,
Detail,8875667,B,651538-067036,0324459,"-1","CS","16 OZ","SWLEAF","TEA,BTL,RASPBERRY",".00",,".000",".00",".00",".000",54835,"","-1",0,"N","N",".00","","",54835,32445,8875667,8/20/2010,12,
Detail,8875667,B,092325-222250,0387316,"-2","CS","24 OZ","ANNIES","KETCHUP,OG",".00",,"2.103","-50.48",".00","2.103",54835,"","-2",0,"N","N",".00","","",54835,38731,8875667,8/20/2010,12,
Detail,8875667,B,894773-001049,0467522,"-2","CS","6/12 OZ","ZEVIA","SODA,NAT GIN RT BEER,DIET",".00",,"3.053","-24.42",".00","3.053",54835,"","-2",0,"N","N",".00","","",54835,46752,8875667,8/20/2010,4,
Detail,8875667,B,073230-008313,0798603,"-1","CS","1.5 OZ","CROWN","FLAT ANCHOVIES IN OIL",".00",,"1.422","-25.59",".00","1.422",54835,"","-1",0,"N","N",".00","","",54835,79860,8875667,8/20/2010,18,
Detail,8875667,B,651538-067081,0891952,"-1","CS","16 OZ","SWLEAF","TEA,OG,LMNADE HALF&HALF",".00",,".820","-9.84",".00",".820",54835,"","-1",0,"N","N",".00","","",54835,89195,8875667,8/20/2010,12,
RecType,InvNum,Type,NumGroceryItems,NumRefrigItems,NumRepackItems,NumFrozenItems,TotalPcs,TotalWt,TotalCubes,NonSpecial,Special,GrossTotal,VolDiscnt,Discount,NetTotal,TotalRetail,Deposits,Adjustments,ProfitAmnt,Profit%,InvDate,CorpCustID,OrderNumber,,,,,,,
Footer,8875667,C,"0","0","0","0","0","0",".00",".00",".00","-110.33","0",".00","-110.33",".00",".00",".00",".00",".00",8/20/2010,54835,8875667,,,,,,,
