RecType,InvNum,Type,OrderNumber,InvoiceDate,DBA,CustomerNumber,CustomerName,CustAddr1,CustAddr2,City,State,ZipCode,PhoneNumber,Whse,Trip,Terms,D/CFlag,TermsMsg,CorpCustID,CoverSheet,OrdEntryDate,ChainCode,ApplyTo#,PO#,,,,,,
Header,8875673,A,8875673,8/20/2010,1,54835,"WHOLE FDS COOP-DULUTH","610 EAST 4TH STREET","","DULUTH","MN","558050000","218-728-0884",8,"000",0,2,"",54835,3884298,8/20/2010,"CMW",8886514,"",,,,,,
RecType,InvNum,Type,UPC,ProductID,QuantityShipped,Unit,Size,Brand,Description,RegularSRP,Status,NetPricePerUnit,ExtendedPrice,SaleSRP,RegPricePerUnit,CustomerID,PriceOrigin,QuantityOrdered,Taxable,LB flag,CW flag,CW2,CNF_RegSRP,CNF_SpcSRP,CorpCustID,CorpProdID,OrderNumber,InvoiceDate,Servings,
Detail,8875673,B,074333-470014,0368340,"-1","CS","10 OZ","AM","SESAME TAHINI,OG",".00",,".000",".00",".00",".000",54835,"","-1",0,"N","N",".00","","",54835,36834,8875673,8/20/2010,12,
Detail,8875673,B,074333-470052,0894238,"-1","CS","16 OZ","AM","SESAME TAHINI,OG,ROASTED",".00",,"4.796","-57.55",".00","4.796",54835,"","-1",0,"N","N",".00","","",54835,89423,8875673,8/20/2010,12,
RecType,InvNum,Type,NumGroceryItems,NumRefrigItems,NumRepackItems,NumFrozenItems,TotalPcs,TotalWt,TotalCubes,NonSpecial,Special,GrossTotal,VolDiscnt,Discount,NetTotal,TotalRetail,Deposits,Adjustments,ProfitAmnt,Profit%,InvDate,CorpCustID,OrderNumber,,,,,,,
Footer,8875673,C,"0","0","0","0","0","0",".00",".00",".00","-57.55","0",".00","-57.55",".00",".00",".00",".00",".00",8/20/2010,54835,8875673,,,,,,,
