RecType,InvNum,Type,OrderNumber,InvoiceDate,DBA,CustomerNumber,CustomerName,CustAddr1,CustAddr2,City,State,ZipCode,PhoneNumber,Whse,Trip,Terms,D/CFlag,TermsMsg,CorpCustID,CoverSheet,OrdEntryDate,ChainCode,ApplyTo#,PO#,,,,,,
Header,8875680,A,8875680,8/20/2010,1,54835,"WHOLE FDS COOP-DULUTH","610 EAST 4TH STREET","","DULUTH","MN","558050000","218-728-0884",8,"000",0,2,"",54835,3884298,8/20/2010,"CMW",8886514,"",,,,,,
RecType,InvNum,Type,UPC,ProductID,QuantityShipped,Unit,Size,Brand,Description,RegularSRP,Status,NetPricePerUnit,ExtendedPrice,SaleSRP,RegPricePerUnit,CustomerID,PriceOrigin,QuantityOrdered,Taxable,LB flag,CW flag,CW2,CNF_RegSRP,CNF_SpcSRP,CorpCustID,CorpProdID,OrderNumber,InvoiceDate,Servings,
Detail,8875680,B,039978-006424,0137786,"-1","CS","22 OZ","BOB'S","FLOUR,SORGHUM,G/F",".00",,"2.203","-8.81",".00","2.203",54835,"","-1",0,"N","N",".00","","",54835,13778,8875680,8/20/2010,4,
Detail,8875680,B,759283-100579,0774554,"-1","CS","8/1 OZ","BACKTO","STICK COOKIES,HNY GRAHAM",".00",,".000",".00",".00",".000",54835,"","-1",0,"N","N",".00","","",54835,77455,8875680,8/20/2010,4,
Footer,8875680,C,"0","0","0","0","0","0",".00",".00",".00","-8.81","0",".00","-8.81",".00",".00",".00",".00",".00",8/20/2010,54835,8875680,,,,,,,
