RecType,InvNum,Type,OrderNumber,InvoiceDate,DBA,CustomerNumber,CustomerName,CustAddr1,CustAddr2,City,State,ZipCode,PhoneNumber,Whse,Trip,Terms,D/CFlag,TermsMsg,CorpCustID,CoverSheet,OrdEntryDate,ChainCode,ApplyTo#,PO#,,,,,,
Header,8520953,A,8520953,6/28/2010,1,54835,"WHOLE FDS COOP-DULUTH","610 EAST 4TH STREET","","DULUTH","MN","558050000","218-728-0884",8,"000",0,2,"",54835,3742781,6/28/2010,"CMW",8536578,"",,,,,,
RecType,InvNum,Type,UPC,ProductID,QuantityShipped,Unit,Size,Brand,Description,RegularSRP,Status,NetPricePerUnit,ExtendedPrice,SaleSRP,RegPricePerUnit,CustomerID,PriceOrigin,QuantityOrdered,Taxable,LB flag,CW flag,CW2,CNF_RegSRP,CNF_SpcSRP,CorpCustID,CorpProdID,OrderNumber,InvoiceDate,Servings,
Detail,8520953,B,689076-124959,0178970,"-3","1","16 OZ","HIGHCO","KOMBUCHA,OG,WILD ROOT",".00",,"1.710","-5.13",".00","1.710",54835,"","-3",0,"N","N",".00","","",54835,17897,8520953,6/28/2010,1,
Footer,8520953,C,"0","0","0","0","0","0",".00",".00",".00","-5.13","0",".00","-5.13",".00",".00",".00",".00",".00",6/28/2010,54835,8520953,,,,,,,
