RecType,InvNum,Type,OrderNumber,InvoiceDate,DBA,CustomerNumber,CustomerName,CustAddr1,CustAddr2,City,State,ZipCode,PhoneNumber,Whse,Trip,Terms,D/CFlag,TermsMsg,CorpCustID,CoverSheet,OrdEntryDate,ChainCode,ApplyTo#,PO#,,,,,,
Header,9071604,A,7481924,9/18/2010,1,54835,"WHOLE FDS COOP-DULUTH","610 EAST 4TH STREET","","DULUTH","MN","558050000","218-728-0884",8,"642",7,0,"NET 21 DAYS",54835,3959368,9/17/2010,"CMW",0,"LN2540425-03",,,,,,
RecType,InvNum,Type,UPC,ProductID,QuantityShipped,Unit,Size,Brand,Description,RegularSRP,Status,NetPricePerUnit,ExtendedPrice,SaleSRP,RegPricePerUnit,CustomerID,PriceOrigin,QuantityOrdered,Taxable,LB flag,CW flag,CW2,CNF_RegSRP,CNF_SpcSRP,CorpCustID,CorpProdID,OrderNumber,InvoiceDate,Servings,
Detail,9071604,B,018787-960011,0330589,"1","EA","24 OZ","DR B'S","BDY SOAP,OG,SHIKA,LVNDR","14.29",,"7.380","7.38",".00","7.380",54835,"","1",0,"N","N",".00","","",54835,33058,7481924,9/18/2010,1,
Detail,9071604,B,018787-960028,0330662,"1","EA","24 OZ","DR B'S","BDY SOAP,OG,SHIKA,SPRMNT","14.29",,"7.380","7.38",".00","7.380",54835,"","1",0,"N","N",".00","","",54835,33066,7481924,9/18/2010,1,
Detail,9071604,B,078522-015307,0184416,"6","EA","6 OZ","JASON","TPSTE,SEA FRESH,COQ10/FL","7.39",,"3.930","23.58",".00","3.930",54835,"","6",0,"N","N",".00","","",54835,18441,7481924,9/18/2010,1,
Detail,9071604,B,026938-899806,0899807,"1","","EA","","TOTES CHARGE",".00",,".000",".00",".00",".000",54835,"NO CHG","1",0,"","",".00","N","",54835,89980,7481924,9/18/2010,1,
RecType,InvNum,Type,NumGroceryItems,NumRefrigItems,NumRepackItems,NumFrozenItems,TotalPcs,TotalWt,TotalCubes,NonSpecial,Special,GrossTotal,VolDiscnt,Discount,NetTotal,TotalRetail,Deposits,Adjustments,ProfitAmnt,Profit%,InvDate,CorpCustID,OrderNumber,,,,,,,
Footer,9071604,C,"0","0","1","0","1","12",".15","38.34",".00","38.34","0",".00","38.34","72.92",".00",".00",".00",".00",9/18/2010,54835,7481924,,,,,,,
