RecType,InvNum,Type,OrderNumber,InvoiceDate,DBA,CustomerNumber,CustomerName,CustAddr1,CustAddr2,City,State,ZipCode,PhoneNumber,Whse,Trip,Terms,D/CFlag,TermsMsg,CorpCustID,CoverSheet,OrdEntryDate,ChainCode,ApplyTo#,PO#,,,,,,
Header,9071591,A,7481196,9/18/2010,1,54835,"WHOLE FDS COOP-DULUTH","610 EAST 4TH STREET","","DULUTH","MN","558050000","218-728-0884",8,"642",7,0,"NET 21 DAYS",54835,3959368,9/17/2010,"CMW",0,"LN2540344-05",,,,,,
RecType,InvNum,Type,UPC,ProductID,QuantityShipped,Unit,Size,Brand,Description,RegularSRP,Status,NetPricePerUnit,ExtendedPrice,SaleSRP,RegPricePerUnit,CustomerID,PriceOrigin,QuantityOrdered,Taxable,LB flag,CW flag,CW2,CNF_RegSRP,CNF_SpcSRP,CorpCustID,CorpProdID,OrderNumber,InvoiceDate,Servings,
Detail,9071591,B,081146-002202,0909358,"2","CS","6 OZ","CSCDFR","YGRT,FF,CHERRY VANILLA","1.05",,".599","14.38",".00",".599",54835,"","2",0,"N","N",".00","","",54835,90935,7481196,9/18/2010,12,
Detail,9071591,B,054319-000046,0431981,"1","CS","32 OZ","SEVEN","YOGURT,OG,PLAIN,LOWFT","4.35",,"2.567","15.40",".00","2.567",54835,"","1",0,"N","N",".00","","",54835,43198,7481196,9/18/2010,6,
Detail,9071591,B,052159-040055,0578880,"1","CS","6 OZ","STNFLD","YGRT,OG,LF,RASPBERRY","1.19",,".604","7.25","1.19",".700",54835,"M 15","1",0,"N","N",".00","","",54835,57888,7481196,9/18/2010,12,
Detail,9071591,B,035302-002162,0504175,"0","CS","12 OZ","SOYDLI","TOFU,OG,FIRM NIGARI,LF",".00",OUT,".000",".00",".00",".000",54835,"","2",0,"N","N",".00","","",54835,50417,7481196,9/18/2010,6,
RecType,InvNum,Type,NumGroceryItems,NumRefrigItems,NumRepackItems,NumFrozenItems,TotalPcs,TotalWt,TotalCubes,NonSpecial,Special,GrossTotal,VolDiscnt,Discount,NetTotal,TotalRetail,Deposits,Adjustments,ProfitAmnt,Profit%,InvDate,CorpCustID,OrderNumber,,,,,,,
Footer,9071591,C,"0","4","0","0","4","30",".11","29.78","7.25","37.03","0",".00","37.03","65.58",".00",".00",".00",".00",9/18/2010,54835,7481196,,,,,,,
