RecType,InvNum,Type,OrderNumber,InvoiceDate,DBA,CustomerNumber,CustomerName,CustAddr1,CustAddr2,City,State,ZipCode,PhoneNumber,Whse,Trip,Terms,D/CFlag,TermsMsg,CorpCustID,CoverSheet,OrdEntryDate,ChainCode,ApplyTo#,PO#,,,,,,
Header,8181200,A,8181200,5/5/2010,1,54835,"WHOLE FOODS COMMUNITY COO","610 EAST 4TH STREET","","DULUTH","MN","558050000","218-728-0884",8,"000",0,1,"",54835,3603223,5/5/2010,"CMW",8192616,"",,,,,,
RecType,InvNum,Type,UPC,ProductID,QuantityShipped,Unit,Size,Brand,Description,RegularSRP,Status,NetPricePerUnit,ExtendedPrice,SaleSRP,RegPricePerUnit,CustomerID,PriceOrigin,QuantityOrdered,Taxable,LB flag,CW flag,CW2,CNF_RegSRP,CNF_SpcSRP,CorpCustID,CorpProdID,OrderNumber,InvoiceDate,Servings,
Detail,8181200,B,187471-000026,0437806,"1","CS","1.6 OZ","GNUFDS","FLAVOR&FIBER,CINN RAISIN",".00",,"1.041","16.66",".00","1.041",54835,"","1",0,"N","N",".00","","",54835,43780,8181200,5/5/2010,16,
Footer,8181200,C,"0","0","0","0","0","0",".00",".00",".00","16.66","0",".00","16.66",".00",".00",".00",".00",".00",5/5/2010,54835,8181200,,,,,,,
