RecType,InvNum,Type,OrderNumber,InvoiceDate,DBA,CustomerNumber,CustomerName,CustAddr1,CustAddr2,City,State,ZipCode,PhoneNumber,Whse,Trip,Terms,D/CFlag,TermsMsg,CorpCustID,CoverSheet,OrdEntryDate,ChainCode,ApplyTo#,PO#,,,,,,
Header,8463716,A,6930588,6/17/2010,1,54835,"WHOLE FDS COOP-DULUTH","610 EAST 4TH STREET","","DULUTH","MN","558050000","218-728-0884",8,"412",7,0,"NET 21 DAYS",54835,3713442,6/16/2010,"CMW",0,"LN2353178-08",,,,,,
RecType,InvNum,Type,UPC,ProductID,QuantityShipped,Unit,Size,Brand,Description,RegularSRP,Status,NetPricePerUnit,ExtendedPrice,SaleSRP,RegPricePerUnit,CustomerID,PriceOrigin,QuantityOrdered,Taxable,LB flag,CW flag,CW2,CNF_RegSRP,CNF_SpcSRP,CorpCustID,CorpProdID,OrderNumber,InvoiceDate,Servings,
Detail,8463716,B,042272-000708,0188888,"1","CS","6 OZ","AMY'S","BURRITO,OG,BEANS&RICE","2.69",,"1.662","19.94",".00","1.662",54835,"","1",0,"N","N",".00","","",54835,18888,6930588,6/17/2010,12,
Detail,8463716,B,073472-001165,0243303,"1","CS","16 OZ","FDLIFE","ENG MUFFIN,OG,7 GRAIN","4.45",,"2.592","15.55",".00","2.592",54835,"","1",0,"N","N",".00","","",54835,24330,6930588,6/17/2010,6,
RecType,InvNum,Type,NumGroceryItems,NumRefrigItems,NumRepackItems,NumFrozenItems,TotalPcs,TotalWt,TotalCubes,NonSpecial,Special,GrossTotal,VolDiscnt,Discount,NetTotal,TotalRetail,Deposits,Adjustments,ProfitAmnt,Profit%,InvDate,CorpCustID,OrderNumber,,,,,,,
Footer,8463716,C,"0","0","0","2","2","14",".06","35.49",".00","35.49","0",".00","35.49","58.98",".00",".00",".00",".00",6/17/2010,54835,6930588,,,,,,,
