RecType,InvNum,Type,OrderNumber,InvoiceDate,DBA,CustomerNumber,CustomerName,CustAddr1,CustAddr2,City,State,ZipCode,PhoneNumber,Whse,Trip,Terms,D/CFlag,TermsMsg,CorpCustID,CoverSheet,OrdEntryDate,ChainCode,ApplyTo#,PO#,,,,,,
Header,8463730,A,6931337,6/17/2010,1,54835,"WHOLE FDS COOP-DULUTH","610 EAST 4TH STREET","","DULUTH","MN","558050000","218-728-0884",8,"412",7,0,"NET 21 DAYS",54835,3713442,6/16/2010,"CMW",0,"LN2353264-21",,,,,,
RecType,InvNum,Type,UPC,ProductID,QuantityShipped,Unit,Size,Brand,Description,RegularSRP,Status,NetPricePerUnit,ExtendedPrice,SaleSRP,RegPricePerUnit,CustomerID,PriceOrigin,QuantityOrdered,Taxable,LB flag,CW flag,CW2,CNF_RegSRP,CNF_SpcSRP,CorpCustID,CorpProdID,OrderNumber,InvoiceDate,Servings,
Detail,8463730,B,089836-003553,0116301,"1","EA","#","FRNTHB","BASIL LEAF,OG,SWEET,C/S","25.95",,"9.550","9.55",".00","9.550",54835,"","1",0,"N","N",".00","","",54835,11630,6931337,6/17/2010,1,
Detail,8463730,B,089836-003980,0124503,"1","EA","#","FRNTHB","CHAMOMILE FLOWER,OG,WHOLE","30.45",,"11.220","11.22",".00","11.220",54835,"","1",0,"N","N",".00","","",54835,12450,6931337,6/17/2010,1,
Detail,8463730,B,089836-025920,0448514,"1","EA","#","FRNTHB","CUMIN SEED,OG,GROUND","21.45",,"7.900","7.90",".00","7.900",54835,"","1",0,"N","N",".00","","",54835,44851,6931337,6/17/2010,1,
Detail,8463730,B,089836-003522,0298356,"1","EA","#","FRNTHB","GARLIC POWDER,OG","15.45",,"5.690","5.69",".00","5.690",54835,"","1",0,"N","N",".00","","",54835,29835,6931337,6/17/2010,1,
Detail,8463730,B,089836-027788,0498287,"1","EA","#","FRNTHB","TACO SEASONING,OG","26.49",,"9.760","9.76",".00","9.760",54835,"","1",0,"N","N",".00","","",54835,49828,6931337,6/17/2010,1,
Detail,8463730,B,026938-899806,0899807,"1","","EA","","TOTES CHARGE",".00",,".000",".00",".00",".000",54835,"NO CHG","1",0,"","",".00","N","",54835,89980,6931337,6/17/2010,1,
Detail,8463730,B,089836-003621,0311563,"0","EA","#","FRNTHB","DILL WEED,OG,C/S",".00",OUT,".000",".00",".00",".000",54835,"","1",0,"N","N",".00","","",54835,31156,6931337,6/17/2010,1,
Detail,8463730,B,089836-008633,0791673,"0","EA","#","FRNTHB","PSYLLIUM SD HUSK,OG,WHOLE",".00",OUT,".000",".00",".00",".000",54835,"","1",0,"N","N",".00","","",54835,79167,6931337,6/17/2010,1,
Detail,8463730,B,089836-026491,0546556,"0","EA","#","FRNTHB","ITALIAN SEASONING,OG,WHL",".00",OUT,".000",".00",".00",".000",54835,"","1",0,"N","N",".00","","",54835,54655,6931337,6/17/2010,1,
Footer,8463730,C,"0","0","1","0","1","12",".18","44.12",".00","44.12","0",".00","44.12","119.79",".00",".00",".00",".00",6/17/2010,54835,6931337,,,,,,,
