RecType,InvNum,Type,OrderNumber,InvoiceDate,DBA,CustomerNumber,CustomerName,CustAddr1,CustAddr2,City,State,ZipCode,PhoneNumber,Whse,Trip,Terms,D/CFlag,TermsMsg,CorpCustID,CoverSheet,OrdEntryDate,ChainCode,ApplyTo#,PO#,,,,,,
Header,8463724,A,6931311,6/17/2010,1,54835,"WHOLE FDS COOP-DULUTH","610 EAST 4TH STREET","","DULUTH","MN","558050000","218-728-0884",8,"412",7,0,"NET 21 DAYS",54835,3713442,6/16/2010,"CMW",0,"LN2353259-03",,,,,,
RecType,InvNum,Type,UPC,ProductID,QuantityShipped,Unit,Size,Brand,Description,RegularSRP,Status,NetPricePerUnit,ExtendedPrice,SaleSRP,RegPricePerUnit,CustomerID,PriceOrigin,QuantityOrdered,Taxable,LB flag,CW flag,CW2,CNF_RegSRP,CNF_SpcSRP,CorpCustID,CorpProdID,OrderNumber,InvoiceDate,Servings,
Detail,8463724,B,026938-462277,0462275,"1","LB","5 #","BRUNKW","CHEDDAR,YELLOW,MED","6.99",,"3.660","16.91",".00","3.660",54835,"","1",0,"N","Y","4.62","","",54835,46227,6931311,6/17/2010,1,
Detail,8463724,B,026938-462895,0462895,"1","LB","5 #","BRUNKW","CHEDDR,MILD WHITE RM","6.79",,"3.550","17.04",".00","3.550",54835,"","1",0,"N","Y","4.80","","",54835,46289,6931311,6/17/2010,1,
Detail,8463724,B,026938-463014,0463018,"1","LB","5 #","BRUNKW","MONTEREY JACK RM","6.69",,"3.500","17.71",".00","3.500",54835,"","1",0,"N","Y","5.06","","",54835,46301,6931311,6/17/2010,1,
Detail,8463724,B,026938-468491,0468496,"1","CS","1 #","CEDARG","CHEDDAR,MLD,rBGH FREE,YEL","8.25",,"4.326","34.61",".00","4.326",54835,"","1",0,"N","N",".00","","",54835,46849,6931311,6/17/2010,8,
Detail,8463724,B,026938-468514,0468512,"1","CS","1 #","CEDARG","CHEDDAR,OG,MILD WHITE","9.65",,"5.046","40.37",".00","5.046",54835,"","1",0,"N","N",".00","","",54835,46851,6931311,6/17/2010,8,
Detail,8463724,B,026938-468651,0468652,"1","CS","1 #","CEDARG","MONTEREY JACK,OG","9.65",,"5.046","40.37",".00","5.046",54835,"","1",0,"N","N",".00","","",54835,46865,6931311,6/17/2010,8,
Detail,8463724,B,049568-500102,0477059,"1","CS","10 OZ","FOLLOW","MONTEREY JACK VEGAN CHS","5.15",,"2.685","32.22",".00","2.685",54835,"","1",0,"N","N",".00","","",54835,47705,6931311,6/17/2010,12,
Detail,8463724,B,079004-100047,0163014,"1","CS","8 OZ","MTSTRL","MOZZARELLA GOAT CHEESE","7.05",,"3.694","44.33",".00","3.694",54835,"","1",0,"N","N",".00","","",54835,16301,6931311,6/17/2010,12,
Detail,8463724,B,093966-472080,0598284,"1","CS","6 OZ","OGVAL","4-CHS ITAL BLND,OG,SHRED","5.69",,"2.979","35.75",".00","2.979",54835,"","1",0,"N","N",".00","","",54835,59828,6931311,6/17/2010,12,
Detail,8463724,B,093966-211016,0431346,"1","CS","8 OZ","OGVAL","CREAM CHEESE,OG,BARS,PAST","3.95",,"2.048","24.58",".00","2.048",54835,"","1",0,"N","N",".00","","",54835,43134,6931311,6/17/2010,12,
Detail,8463724,B,093966-002270,0728840,"1","CS","6 OZ","OGVAL","MEXICAN CHEESE,OG,SHRED","5.69",,"2.979","35.75",".00","2.979",54835,"","1",0,"N","N",".00","","",54835,72884,6931311,6/17/2010,12,
Detail,8463724,B,093966-113303,0189704,"1","CS","8 OZ","OGVAL","MNTRY JACK,OG,RAW,UNPAST","6.15",,"3.223","38.67",".00","3.223",54835,"","1",0,"N","N",".00","","",54835,18970,6931311,6/17/2010,12,
Detail,8463724,B,093966-452709,0598086,"1","CS","6 OZ","OGVAL","MOZZ,OG,SHRED,PART SKIM","5.69",,"2.979","35.75",".00","2.979",54835,"","1",0,"N","N",".00","","",54835,59808,6931311,6/17/2010,12,
Detail,8463724,B,093966-002195,0728832,"1","CS","15 OZ","OGVAL","RICOTTA CHEESE,OG","7.55",,"3.943","23.66",".00","3.943",54835,"","1",0,"N","N",".00","","",54835,72883,6931311,6/17/2010,6,
Detail,8463724,B,093966-000054,0602441,"2","CS","1 OZ","OGVAL","STRINGLES,OG",".85",,".443","21.26",".00",".443",54835,"","2",0,"N","N",".00","","",54835,60244,6931311,6/17/2010,24,
Detail,8463724,B,026938-505998,0505990,"2","LB","7 #","SWSVAL","SWISS,GRADE A","4.95",,"2.600","40.98",".00","2.600",54835,"","2",0,"N","Y","15.76","","",54835,50599,6931311,6/17/2010,1,
RecType,InvNum,Type,NumGroceryItems,NumRefrigItems,NumRepackItems,NumFrozenItems,TotalPcs,TotalWt,TotalCubes,NonSpecial,Special,GrossTotal,VolDiscnt,Discount,NetTotal,TotalRetail,Deposits,Adjustments,ProfitAmnt,Profit%,InvDate,CorpCustID,OrderNumber,,,,,,,
Footer,8463724,C,"0","18","0","0","18","105",".33","499.96",".00","499.96","0",".00","499.96","955.68",".00",".00",".00",".00",6/17/2010,54835,6931311,,,,,,,
