RecType,InvNum,Type,OrderNumber,InvoiceDate,DBA,CustomerNumber,CustomerName,CustAddr1,CustAddr2,City,State,ZipCode,PhoneNumber,Whse,Trip,Terms,D/CFlag,TermsMsg,CorpCustID,CoverSheet,OrdEntryDate,ChainCode,ApplyTo#,PO#,,,,,,
Header,9130591,A,7536587,9/28/2010,1,54835,"WHOLE FDS COOP-DULUTH","610 EAST 4TH STREET","","DULUTH","MN","558050000","218-728-0884",8,"247",7,0,"NET 21 DAYS",54835,3983381,9/27/2010,"CMW",0,"LN2557937-21",,,,,,
RecType,InvNum,Type,UPC,ProductID,QuantityShipped,Unit,Size,Brand,Description,RegularSRP,Status,NetPricePerUnit,ExtendedPrice,SaleSRP,RegPricePerUnit,CustomerID,PriceOrigin,QuantityOrdered,Taxable,LB flag,CW flag,CW2,CNF_RegSRP,CNF_SpcSRP,CorpCustID,CorpProdID,OrderNumber,InvoiceDate,Servings,
Detail,9130591,B,089836-003553,0116301,"1","EA","#","FRNTHB","BASIL LEAF,OG,SWEET,C/S","25.85",,"9.430","9.43",".00","9.430",54835,"","1",0,"N","N",".00","","",54835,11630,7536587,9/28/2010,1,
Detail,9130591,B,089836-025920,0448514,"1","EA","#","FRNTHB","CUMIN SEED,OG,GROUND","21.35",,"7.790","7.79",".00","7.790",54835,"","1",0,"N","N",".00","","",54835,44851,7536587,9/28/2010,1,
Detail,9130591,B,089836-025241,0298331,"1","EA","#","FRNTHB","GARLIC GRANULES,OG","15.65",,"5.700","5.70",".00","5.700",54835,"","1",0,"N","N",".00","","",54835,29833,7536587,9/28/2010,1,
Detail,9130591,B,089836-003430,0311449,"1","EA","#","FRNTHB","MUSTARD SEED,OG,YEL,WHL","10.35",,"3.770","3.77",".00","3.770",54835,"","1",0,"N","N",".00","","",54835,31144,7536587,9/28/2010,1,
Detail,9130591,B,089836-001764,0397281,"1","EA","#","FRNTHB","PAPRIKA,HUNGARIAN,GROUND","18.55",,"6.760","6.76",".00","6.760",54835,"","1",0,"N","N",".00","","",54835,39728,7536587,9/28/2010,1,
Detail,9130591,B,089836-070012,0172866,"2","EA","#","FRNTHB","PEPPER,OG,BLK CRS GRND,FT","22.85",,"8.340","16.68",".00","8.340",54835,"","2",0,"N","N",".00","","",54835,17286,7536587,9/28/2010,1,
Detail,9130591,B,089836-001252,0379388,"1","EA","#","FRNTHB","CHILI POWDER FIESTA","14.85",,"5.410","5.41",".00","5.410",54835,"","1",0,"N","N",".00","","",54835,37938,7536587,9/28/2010,1,
Detail,9130591,B,089836-010797,0551796,"1","EA","#","FRNTHB","TEA,OG,FT,JASMINE","40.99",,"14.960","14.96",".00","14.960",54835,"","1",0,"N","N",".00","","",54835,55179,7536587,9/28/2010,1,
Detail,9130591,B,089836-028280,0684779,"1","EA","#","FRNTHB","TEA,OG,ROOIBOS","21.35",,"7.790","7.79",".00","7.790",54835,"","1",0,"N","N",".00","","",54835,68477,7536587,9/28/2010,1,
Detail,9130591,B,026938-899806,0899807,"2","","EA","","TOTES CHARGE",".00",,".000",".00",".00",".000",54835,"NO CHG","2",0,"","",".00","N","",54835,89980,7536587,9/28/2010,1,
Detail,9130591,B,089836-029881,0740407,"0","EA","#","FRNTHB","PAPRIKA,OG,SMOKED",".00",OUT,".000",".00",".00",".000",54835,"","2",0,"N","N",".00","","",54835,74040,7536587,9/28/2010,1,
RecType,InvNum,Type,NumGroceryItems,NumRefrigItems,NumRepackItems,NumFrozenItems,TotalPcs,TotalWt,TotalCubes,NonSpecial,Special,GrossTotal,VolDiscnt,Discount,NetTotal,TotalRetail,Deposits,Adjustments,ProfitAmnt,Profit%,InvDate,CorpCustID,OrderNumber,,,,,,,
Footer,9130591,C,"0","0","2","0","2","23",".44","78.29",".00","78.29","0",".00","78.29","214.64",".00",".00",".00",".00",9/28/2010,54835,7536587,,,,,,,
