RecType,InvNum,Type,OrderNumber,InvoiceDate,DBA,CustomerNumber,CustomerName,CustAddr1,CustAddr2,City,State,ZipCode,PhoneNumber,Whse,Trip,Terms,D/CFlag,TermsMsg,CorpCustID,CoverSheet,OrdEntryDate,ChainCode,ApplyTo#,PO#,,,,,,
Header,9130587,A,7536578,9/28/2010,1,54835,"WHOLE FDS COOP-DULUTH","610 EAST 4TH STREET","","DULUTH","MN","558050000","218-728-0884",8,"247",7,0,"NET 21 DAYS",54835,3983381,9/27/2010,"CMW",0,"LN2557937-15",,,,,,
RecType,InvNum,Type,UPC,ProductID,QuantityShipped,Unit,Size,Brand,Description,RegularSRP,Status,NetPricePerUnit,ExtendedPrice,SaleSRP,RegPricePerUnit,CustomerID,PriceOrigin,QuantityOrdered,Taxable,LB flag,CW flag,CW2,CNF_RegSRP,CNF_SpcSRP,CorpCustID,CorpProdID,OrderNumber,InvoiceDate,Servings,
Detail,9130587,B,026938-160029,0160028,"1","CS","#","BULK B","FIGS,OG,BLACK MISSION","4.95",,"2.734","82.03",".00","2.734",54835,"","1",0,"N","N",".00","","",54835,16002,7536578,9/28/2010,30,
Detail,9130587,B,026938-956448,0956441,"1","CS","#","BULK F","ALMONDS,OG,DICED(BTR STK)","8.29",,"4.568","91.35",".00","4.568",54835,"","1",0,"N","N",".00","","",54835,95644,7536578,9/28/2010,20,
Detail,9130587,B,026938-623708,0623702,"1","CS","#","BULK F","ALMONDS,OG,NP,RAW","7.89",,"4.354","108.86",".00","4.354",54835,"","1",0,"N","N",".00","","",54835,62370,7536578,9/28/2010,25,
Detail,9130587,B,026938-465650,0465658,"1","CS","#","BULK F","ALMONDS,SLICED","6.59",,"3.640","18.20",".00","3.640",54835,"","1",0,"N","N",".00","","",54835,46565,7536578,9/28/2010,5,
Detail,9130587,B,026938-522025,0522029,"2","CS","#","BULK F","PECAN,HLVS,FANCY,USA","10.79",,"5.948","59.48",".00","5.948",54835,"","2",0,"N","N",".00","","",54835,52202,7536578,9/28/2010,5,
Detail,9130587,B,026938-466237,0637843,"1","CS","#","BULK F","WALNUTS,OG,HVS/PCS","9.05",,"4.982","124.55",".00","4.982",54835,"","1",0,"N","N",".00","","",54835,63784,7536578,9/28/2010,25,
Detail,9130587,B,026938-022532,0225300,"1","CS","#","BULK K","SUNFLOWER SEED,R/S,SHD","2.05",,"1.106","27.65",".00","1.106",54835,"","1",0,"N","N",".00","","",54835,22530,7536578,9/28/2010,25,
Detail,9130587,B,769270-100079,0291419,"1","CS","#","CHUNKS","COCAO,GOJI,OG,RAW","7.99",,"4.415","44.15",".00","4.415",54835,"","1",0,"N","N",".00","","",54835,29141,7536578,9/28/2010,10,
Detail,9130587,B,079858-514274,0473694,"1","CS","#","EAST","PEANUT BUTTER,SMOOTH","2.85",,"1.624","8.12",".00","1.624",54835,"","1",0,"N","N",".00","","",54835,47369,7536578,9/28/2010,5,
Detail,9130587,B,079858-626243,0473850,"1","CS","#","EAST","TAHINI,OG,RST SESAME,NS","5.65",,"3.222","48.33",".00","3.222",54835,"","1",0,"N","N",".00","","",54835,47385,7536578,9/28/2010,15,
Detail,9130587,B,089836-029621,0172726,"1","EA","#","FRNTHB","CACAO NIBS,OG,FT","11.35",,"6.490","6.49",".00","6.490",54835,"","1",0,"N","N",".00","","",54835,17272,7536578,9/28/2010,1,
Detail,9130587,B,042563-003524,0192211,"1","CS","#","WODSTK","GUMMY CUBS,OG,VEGETARIAN","10.75",,"5.926","59.26",".00","5.926",54835,"","1",0,"N","N",".00","","",54835,19221,7536578,9/28/2010,10,
Detail,9130587,B,042563-003425,0191981,"1","CS","#","WODSTK","MILK CHOCOLATE MALT BALLS","8.79",,"4.859","72.89",".00","4.859",54835,"","1",0,"N","N",".00","","",54835,19198,7536578,9/28/2010,15,
Detail,9130587,B,026938-899806,0899807,"1","","EA","","TOTES CHARGE",".00",,".000",".00",".00",".000",54835,"NO CHG","1",0,"","",".00","N","",54835,89980,7536578,9/28/2010,1,
Detail,9130587,B,050596-008003,0593749,"0","CS","#","BRDSHP","ANIMAL COOKIES",".00",OUT,".000",".00",".00",".000",54835,"","1",0,"N","N",".00","","",54835,59374,7536578,9/28/2010,17,
Detail,9130587,B,026938-958060,0958066,"0","CS","#","BULK B","CURRANTS,ZANTE,OG",".00",OUT,".000",".00",".00",".000",54835,"","1",0,"N","N",".00","","",54835,95806,7536578,9/28/2010,30,
RecType,InvNum,Type,NumGroceryItems,NumRefrigItems,NumRepackItems,NumFrozenItems,TotalPcs,TotalWt,TotalCubes,NonSpecial,Special,GrossTotal,VolDiscnt,Discount,NetTotal,TotalRetail,Deposits,Adjustments,ProfitAmnt,Profit%,InvDate,CorpCustID,OrderNumber,,,,,,,
Footer,9130587,C,"3","9","1","0","13","213",".83","751.36",".00","751.36","0",".00","751.36","1,359.50",".00",".00",".00",".00",9/28/2010,54835,7536578,,,,,,,
