RecType,InvNum,Type,OrderNumber,InvoiceDate,DBA,CustomerNumber,CustomerName,CustAddr1,CustAddr2,City,State,ZipCode,PhoneNumber,Whse,Trip,Terms,D/CFlag,TermsMsg,CorpCustID,CoverSheet,OrdEntryDate,ChainCode,ApplyTo#,PO#,,,,,,
Header,9130572,A,7535357,9/28/2010,1,54835,"WHOLE FDS COOP-DULUTH","610 EAST 4TH STREET","","DULUTH","MN","558050000","218-728-0884",8,"247",7,0,"NET 21 DAYS",54835,3983381,9/27/2010,"CMW",0,"LN2557728-02",,,,,,
RecType,InvNum,Type,UPC,ProductID,QuantityShipped,Unit,Size,Brand,Description,RegularSRP,Status,NetPricePerUnit,ExtendedPrice,SaleSRP,RegPricePerUnit,CustomerID,PriceOrigin,QuantityOrdered,Taxable,LB flag,CW flag,CW2,CNF_RegSRP,CNF_SpcSRP,CorpCustID,CorpProdID,OrderNumber,InvoiceDate,Servings,
Detail,9130572,B,026938-462277,0462275,"1","LB","5 #","BRUNKW","CHEDDAR,YELLOW,MED","6.99",,"3.620","18.10",".00","3.620",54835,"","1",0,"N","Y","5.00","","",54835,46227,7535357,9/28/2010,1,
Detail,9130572,B,026938-462895,0462895,"1","LB","5 #","BRUNKW","CHEDDR,MILD WHITE RM","6.79",,"3.510","17.90",".00","3.510",54835,"","1",0,"N","Y","5.10","","",54835,46289,7535357,9/28/2010,1,
Detail,9130572,B,026938-463014,0463018,"1","LB","5 #","BRUNKW","MONTEREY JACK RM","6.69",,"3.460","18.51",".00","3.460",54835,"","1",0,"N","Y","5.35","","",54835,46301,7535357,9/28/2010,1,
Detail,9130572,B,026938-462437,0462432,"1","LB","5 #","BRUNKW","PEPPER JACK,JALAPENO","6.65",,"3.440","16.17",".00","3.440",54835,"","1",0,"N","Y","4.70","","",54835,46243,7535357,9/28/2010,1,
Detail,9130572,B,026938-468514,0468512,"1","CS","1 #","CEDARG","CHEDDAR,OG,MILD WHITE","9.65",,"4.980","39.84",".00","4.980",54835,"","1",0,"N","N",".00","","",54835,46851,7535357,9/28/2010,8,
Detail,9130572,B,026938-468552,0468553,"1","CS","1 #","CEDARG","COLBY,MARBLE rBGH FREE","8.25",,"4.270","34.16",".00","4.270",54835,"","1",0,"N","N",".00","","",54835,46855,7535357,9/28/2010,8,
Detail,9130572,B,079004-100023,0493551,"1","CS","8 OZ","MTSTRL","CHEDDAR,GOAT,RAW","6.59",,"3.403","40.83",".00","3.403",54835,"","1",0,"N","N",".00","","",54835,49355,7535357,9/28/2010,12,
Detail,9130572,B,093966-211016,0431346,"1","CS","8 OZ","OGVAL","CREAM CHEESE,OG,BARS,PAST","3.95",,"2.022","24.26",".00","2.022",54835,"","1",0,"N","N",".00","","",54835,43134,7535357,9/28/2010,12,
Detail,9130572,B,093966-221015,0431361,"1","CS","8 OZ","OGVAL","NEUFCHATEL,OG,BARS,PAST","3.95",,"2.022","24.26",".00","2.022",54835,"","1",0,"N","N",".00","","",54835,43136,7535357,9/28/2010,12,
Detail,9130572,B,093966-002287,0730135,"1","CS","4 OZ","OGVAL","PARMESAN,OG,SHRED(TUB)","5.15",,"2.645","31.74",".00","2.645",54835,"","1",0,"N","N",".00","","",54835,73013,7535357,9/28/2010,12,
Detail,9130572,B,093966-002195,0728832,"1","CS","15 OZ","OGVAL","RICOTTA CHEESE,OG","7.55",,"3.892","23.35",".00","3.892",54835,"","1",0,"N","N",".00","","",54835,72883,7535357,9/28/2010,6,
Detail,9130572,B,093966-000054,0602441,"2","CS","1 OZ","OGVAL","STRINGLES,OG",".85",,".437","20.98",".00",".437",54835,"","2",0,"N","N",".00","","",54835,60244,7535357,9/28/2010,24,
Detail,9130572,B,093966-002140,0728733,"1","CS","6 OZ","OGVAL","STRINGLES,OG,PART SKIM","6.05",,"2.631","31.57","6.05","3.126",54835,"PRO 15","1",0,"N","N",".00","","",54835,72873,7535357,9/28/2010,12,
Detail,9130572,B,020188-050253,0327270,"1","CS","8 OZ","TOFUTI","BTR THN CRM CHESE,NON-HYD","3.85",,"1.967","23.60",".00","1.967",54835,"","1",0,"N","N",".00","","",54835,32727,7535357,9/28/2010,12,
RecType,InvNum,Type,NumGroceryItems,NumRefrigItems,NumRepackItems,NumFrozenItems,TotalPcs,TotalWt,TotalCubes,NonSpecial,Special,GrossTotal,VolDiscnt,Discount,NetTotal,TotalRetail,Deposits,Adjustments,ProfitAmnt,Profit%,InvDate,CorpCustID,OrderNumber,,,,,,,
Footer,9130572,C,"0","15","0","0","15","79",".24","333.70","31.57","365.27","0",".00","365.27","720.41",".00",".00",".00",".00",9/28/2010,54835,7535357,,,,,,,
