RecType,InvNum,Type,OrderNumber,InvoiceDate,DBA,CustomerNumber,CustomerName,CustAddr1,CustAddr2,City,State,ZipCode,PhoneNumber,Whse,Trip,Terms,D/CFlag,TermsMsg,CorpCustID,CoverSheet,OrdEntryDate,ChainCode,ApplyTo#,PO#,,,,,,
Header,9130567,A,7535000,9/28/2010,1,54835,"WHOLE FDS COOP-DULUTH","610 EAST 4TH STREET","","DULUTH","MN","558050000","218-728-0884",8,"247",7,0,"NET 21 DAYS",54835,3983381,9/27/2010,"CMW",0,"LN2557693-06",,,,,,
RecType,InvNum,Type,UPC,ProductID,QuantityShipped,Unit,Size,Brand,Description,RegularSRP,Status,NetPricePerUnit,ExtendedPrice,SaleSRP,RegPricePerUnit,CustomerID,PriceOrigin,QuantityOrdered,Taxable,LB flag,CW flag,CW2,CNF_RegSRP,CNF_SpcSRP,CorpCustID,CorpProdID,OrderNumber,InvoiceDate,Servings,
Detail,9130567,B,881245-103646,0478057,"1","CS","64 OZ","FRMALL","MILK,OG,WHOLE,NON-HOMOGNZ","4.05",,"2.573","15.44","4.05","2.983",54835,"M 15","1",0,"N","N",".00","","",54835,47805,7535000,9/28/2010,6,
RecType,InvNum,Type,NumGroceryItems,NumRefrigItems,NumRepackItems,NumFrozenItems,TotalPcs,TotalWt,TotalCubes,NonSpecial,Special,GrossTotal,VolDiscnt,Discount,NetTotal,TotalRetail,Deposits,Adjustments,ProfitAmnt,Profit%,InvDate,CorpCustID,OrderNumber,,,,,,,
Footer,9130567,C,"0","1","0","0","1","28",".09",".00","15.44","15.44","0",".00","15.44","24.30",".00",".00",".00",".00",9/28/2010,54835,7535000,,,,,,,
