RecType,InvNum,Type,OrderNumber,InvoiceDate,DBA,CustomerNumber,CustomerName,CustAddr1,CustAddr2,City,State,ZipCode,PhoneNumber,Whse,Trip,Terms,D/CFlag,TermsMsg,CorpCustID,CoverSheet,OrdEntryDate,ChainCode,ApplyTo#,PO#,,,,,,
Header,9130584,A,7536574,9/28/2010,1,54835,"WHOLE FDS COOP-DULUTH","610 EAST 4TH STREET","","DULUTH","MN","558050000","218-728-0884",8,"247",7,0,"NET 21 DAYS",54835,3983381,9/27/2010,"CMW",0,"LN2557937-10",,,,,,
RecType,InvNum,Type,UPC,ProductID,QuantityShipped,Unit,Size,Brand,Description,RegularSRP,Status,NetPricePerUnit,ExtendedPrice,SaleSRP,RegPricePerUnit,CustomerID,PriceOrigin,QuantityOrdered,Taxable,LB flag,CW flag,CW2,CNF_RegSRP,CNF_SpcSRP,CorpCustID,CorpProdID,OrderNumber,InvoiceDate,Servings,
Detail,9130584,B,760702-290061,0460766,"2","CS","10-13","MAGGIE","SOCK,URBAN HIKER SHRT BLK","11.65",,"6.010","36.06",".00","6.010",54835,"","2",0,"N","N",".00","","",54835,46076,7536574,9/28/2010,3,
Detail,9130584,B,760702-290054,0460741,"2","CS","9-11","MAGGIE","SOCK,URBAN HIKER,SHRT BLK","11.65",,"6.010","36.06",".00","6.010",54835,"","2",0,"N","N",".00","","",54835,46074,7536574,9/28/2010,3,
Detail,9130584,B,760702-290160,0460840,"2","CS","10-13","MAGGIE","SOCK,URBAN HIKER,SHT SAND","11.65",,"6.010","36.06",".00","6.010",54835,"","2",0,"N","N",".00","","",54835,46084,7536574,9/28/2010,3,
Detail,9130584,B,760702-290368,0460881,"2","CS","10-13","MAGGIE","SOCK,URBAN HIKER,TALL BLK","13.35",,"6.887","41.32",".00","6.887",54835,"","2",0,"N","N",".00","","",54835,46088,7536574,9/28/2010,3,
Detail,9130584,B,760702-290351,0460865,"2","CS","9-11","MAGGIE","SOCK,URBAN HIKER,TALL BLK","13.35",,"6.887","41.32",".00","6.887",54835,"","2",0,"N","N",".00","","",54835,46086,7536574,9/28/2010,3,
Detail,9130584,B,760702-289966,0162529,"2","CS","10-13","MAGGIE","SOCK,HIKER,WOOL,BLACK","15.09",,"7.813","46.88",".00","7.813",54835,"","2",0,"N","N",".00","","",54835,16252,7536574,9/28/2010,3,
Detail,9130584,B,760702-289959,0162503,"2","CS","9-11","MAGGIE","SOCK,HIKER,WOOL,BLACK","15.09",,"7.813","46.88",".00","7.813",54835,"","2",0,"N","N",".00","","",54835,16250,7536574,9/28/2010,3,
Detail,9130584,B,760702-285562,0162545,"2","CS","10-13","MAGGIE","SOCK,HIKER,WOOL,OLIVE","15.09",,"7.813","46.88",".00","7.813",54835,"","2",0,"N","N",".00","","",54835,16254,7536574,9/28/2010,3,
Detail,9130584,B,760702-285555,0162537,"2","CS","9-11","MAGGIE","SOCK,HIKER,WOOL,OLIVE","15.09",,"7.813","46.88",".00","7.813",54835,"","2",0,"N","N",".00","","",54835,16253,7536574,9/28/2010,3,
Detail,9130584,B,026938-899806,0899807,"2","","EA","","TOTES CHARGE",".00",,".000",".00",".00",".000",54835,"NO CHG","2",0,"","",".00","N","",54835,89980,7536574,9/28/2010,1,
Detail,9130584,B,770009-050015,0808758,"0","EA","200 FT","IFYC","COOKING TWINE,NATURAL",".00",OUT,".000",".00",".00",".000",54835,"","3",0,"N","N",".00","","",54835,80875,7536574,9/28/2010,1,
Detail,9130584,B,760702-290153,0460824,"0","CS","9-11","MAGGIE","SOCK,URBAN HIKER,SHT SAND",".00",OUT,".000",".00",".00",".000",54835,"","2",0,"N","N",".00","","",54835,46082,7536574,9/28/2010,3,
RecType,InvNum,Type,NumGroceryItems,NumRefrigItems,NumRepackItems,NumFrozenItems,TotalPcs,TotalWt,TotalCubes,NonSpecial,Special,GrossTotal,VolDiscnt,Discount,NetTotal,TotalRetail,Deposits,Adjustments,ProfitAmnt,Profit%,InvDate,CorpCustID,OrderNumber,,,,,,,
Footer,9130584,C,"0","0","2","0","2","21",".93","378.34",".00","378.34","0",".00","378.34","732.06",".00",".00",".00",".00",9/28/2010,54835,7536574,,,,,,,
