RecType,InvNum,Type,OrderNumber,InvoiceDate,DBA,CustomerNumber,CustomerName,CustAddr1,CustAddr2,City,State,ZipCode,PhoneNumber,Whse,Trip,Terms,D/CFlag,TermsMsg,CorpCustID,CoverSheet,OrdEntryDate,ChainCode,ApplyTo#,PO#,,,,,,
Header,9130573,A,7535358,9/28/2010,1,54835,"WHOLE FDS COOP-DULUTH","610 EAST 4TH STREET","","DULUTH","MN","558050000","218-728-0884",8,"247",7,0,"NET 21 DAYS",54835,3983381,9/27/2010,"CMW",0,"LN2557728-03",,,,,,
RecType,InvNum,Type,UPC,ProductID,QuantityShipped,Unit,Size,Brand,Description,RegularSRP,Status,NetPricePerUnit,ExtendedPrice,SaleSRP,RegPricePerUnit,CustomerID,PriceOrigin,QuantityOrdered,Taxable,LB flag,CW flag,CW2,CNF_RegSRP,CNF_SpcSRP,CorpCustID,CorpProdID,OrderNumber,InvoiceDate,Servings,
Detail,9130573,B,031493-021609,0775759,"3","CS","22 OZ","RUDI'S","BRD,OG,100% WHOLE WHEAT","4.65",,"2.131","51.15","4.65","2.678",54835,"PRO 20","3",0,"N","N",".00","","",54835,77575,7535358,9/28/2010,8,
Detail,9130573,B,031493-543736,0940361,"1","CS","22 OZ","RUDI'S","BRD,OG,COLORADO CRKD WHT","4.65",,"2.131","17.05","4.65","2.678",54835,"PRO 20","1",0,"N","N",".00","","",54835,94036,7535358,9/28/2010,8,
Detail,9130573,B,031493-242424,0940387,"3","CS","22 OZ","RUDI'S","BRD,OG,HONEY SWT WHL WHT","4.65",,"2.131","51.15","4.65","2.678",54835,"PRO 20","3",0,"N","N",".00","","",54835,94038,7535358,9/28/2010,8,
Detail,9130573,B,031493-804899,0845420,"1","CS","22 OZ","RUDI'S","BRD,OG,RYE,JEWISH LIGHT","4.65",,"2.678","21.42",".00","2.678",54835,"","1",0,"N","N",".00","","",54835,84542,7535358,9/28/2010,8,
Detail,9130573,B,031493-317511,0940270,"1","CS","22 OZ","RUDI'S","BRD,OG,SOURDGH,ROCKY MTN","4.65",,"2.678","21.42",".00","2.678",54835,"","1",0,"N","N",".00","","",54835,94027,7535358,9/28/2010,8,
Detail,9130573,B,031493-071208,0342543,"1","CS","20 OZ","RUDI'S","BRD,OG,SPELT,ANCNT GRAIN","5.59",,"3.246","25.97",".00","3.246",54835,"","1",0,"N","N",".00","","",54835,34254,7535358,9/28/2010,8,
Detail,9130573,B,031493-023405,0723213,"1","CS","20 OZ","RUDI'S","BRD,OG,14 GRAIN","4.65",,"2.678","21.42",".00","2.678",54835,"","1",0,"N","N",".00","","",54835,72321,7535358,9/28/2010,8,
Detail,9130573,B,031493-023207,0543553,"1","CS","20 OZ","RUDI'S","BRD,OG,7 GRAIN & FLAX","4.65",,"2.678","21.42",".00","2.678",54835,"","1",0,"N","N",".00","","",54835,54355,7535358,9/28/2010,8,
Detail,9130573,B,075119-145713,0315200,"1","CS","16 OZ","ENER-G","LOAF,BROWN RICE","5.29",,"3.005","18.03",".00","3.005",54835,"","1",0,"N","N",".00","","",54835,31520,7535358,9/28/2010,6,
Detail,9130573,B,075119-040155,0494500,"1","CS","16 OZ","ENER-G","LOAF,TAPIOCA","5.29",,"3.005","18.03",".00","3.005",54835,"","1",0,"N","N",".00","","",54835,49450,7535358,9/28/2010,6,
Detail,9130573,B,075119-602216,0832055,"1","CS","12.35 OZ","ENER-G","ROLLS,TAPIOCA DINNER","5.69",,"3.225","19.35",".00","3.225",54835,"","1",0,"N","N",".00","","",54835,83205,7535358,9/28/2010,6,
RecType,InvNum,Type,NumGroceryItems,NumRefrigItems,NumRepackItems,NumFrozenItems,TotalPcs,TotalWt,TotalCubes,NonSpecial,Special,GrossTotal,VolDiscnt,Discount,NetTotal,TotalRetail,Deposits,Adjustments,ProfitAmnt,Profit%,InvDate,CorpCustID,OrderNumber,,,,,,,
Footer,9130573,C,"3","0","0","12","15","162","1.29","167.06","119.35","286.41","0",".00","286.41","551.54",".00",".00",".00",".00",9/28/2010,54835,7535358,,,,,,,
