RecType,InvNum,Type,OrderNumber,InvoiceDate,DBA,CustomerNumber,CustomerName,CustAddr1,CustAddr2,City,State,ZipCode,PhoneNumber,Whse,Trip,Terms,D/CFlag,TermsMsg,CorpCustID,CoverSheet,OrdEntryDate,ChainCode,ApplyTo#,PO#,,,,,,
Header,8658363,A,7106889,7/17/2010,1,54835,"WHOLE FDS COOP-DULUTH","610 EAST 4TH STREET","","DULUTH","MN","558050000","218-728-0884",8,"642",7,0,"NET 21 DAYS",54835,3792922,7/16/2010,"CMW",0,"LN2408753-01",,,,,,
RecType,InvNum,Type,UPC,ProductID,QuantityShipped,Unit,Size,Brand,Description,RegularSRP,Status,NetPricePerUnit,ExtendedPrice,SaleSRP,RegPricePerUnit,CustomerID,PriceOrigin,QuantityOrdered,Taxable,LB flag,CW flag,CW2,CNF_RegSRP,CNF_SpcSRP,CorpCustID,CorpProdID,OrderNumber,InvoiceDate,Servings,
Detail,8658363,B,799210-771021,0297259,"1","CS","#","BIONTR","PASTA,OG,PENNE RIGATE","3.09",,"1.612","17.73","3.09","1.772",54835,"OGD 10","1",0,"N","N",".00","","",54835,29725,7106889,7/17/2010,11,
Detail,8658363,B,042563-012687,0658427,"1","CS","#","BULK D","COUSCOUS,OG,FRNCH,WHL WHT","2.79",,"1.619","89.03",".00","1.619",54835,"","1",0,"N","N",".00","","",54835,65842,7106889,7/17/2010,55,
Detail,8658363,B,026938-271022,0271023,"1","CS","#","BULK F","CASHEWS,PCS,RAW","4.09",,"2.279","56.98",".00","2.279",54835,"","1",0,"N","N",".00","","",54835,27102,7106889,7/17/2010,25,
Detail,8658363,B,079858-618644,0473595,"1","CS","#","EAST","PEANUT BUTTER,OG,SMTH,NS","4.05",,"2.251","78.79",".00","2.251",54835,"","1",0,"N","N",".00","","",54835,47359,7106889,7/17/2010,35,
Detail,8658363,B,042563-006259,0593525,"1","CS","66.5 OZ","NATSEA","TUNA,YELLOWFIN,CHNK LT,NS","26.35",,"14.747","88.48",".00","14.747",54835,"","1",0,"N","N",".00","","",54835,59352,7106889,7/17/2010,6,
Detail,8658363,B,022506-800205,0300673,"1","CS","#","SPCTRM","CANOLA OIL,OG,REFINED","4.99",,"2.777","97.20",".00","2.777",54835,"","1",0,"N","N",".00","","",54835,30067,7106889,7/17/2010,35,
Detail,8658363,B,021908-525013,0242651,"1","CS","10 OZ","CSCADE","PEACHES,OG,SLICED","4.29",,"2.514","30.17",".00","2.514",54835,"","1",0,"N","N",".00","","",54835,24265,7106889,7/17/2010,12,
Detail,8658363,B,021908-530017,0613505,"1","CS","10 OZ","CSCADE","RASPBERRIES,OG","4.29",,"2.514","30.17",".00","2.514",54835,"","1",0,"N","N",".00","","",54835,61350,7106889,7/17/2010,12,
Detail,8658363,B,769123-600817,0793307,"2","CS","9.3 OZ","BORN F","EGGS,HARD BOILED,CAGE FR","3.69",,"2.230","53.52",".00","2.230",54835,"","2",0,"N","N",".00","","",54835,79330,7106889,7/17/2010,12,
Detail,8658363,B,074873-300567,0491589,"1","CS","5 LB","WESTSY","SEITAN,BULK","22.55",,"13.615","27.23",".00","13.615",54835,"","1",0,"N","N",".00","","",54835,49158,7106889,7/17/2010,2,
Detail,8658363,B,074873-000108,0491332,"1","CS","8 OZ","WESTSY","TEMPEH,SOY ORIGINAL","2.35",,"1.128","13.53","2.35","1.398",54835,"PRO 20","1",0,"N","N",".00","","",54835,49133,7106889,7/17/2010,12,
Detail,8658363,B,074873-550016,0491548,"2","EA","12/13.6Z","WESTSY","TOFU,OG,FRM-FOOD SERV PKG","24.85",,"15.000","30.00",".00","15.000",54835,"","2",0,"N","N",".00","","",54835,49154,7106889,7/17/2010,1,
Detail,8658363,B,022506-800069,0551846,"1","CS","6 OZ","SPCTRM","SPRY,EX VIRGIN OLIVE OIL","7.25",,"4.158","24.95",".00","4.158",54835,"","1",0,"N","N",".00","","",54835,55184,7106889,7/17/2010,6,
Detail,8658363,B,022506-316928,0282236,"1","CS","16 OZ","SPCTRM","SPRY,SUPER CANOLA OIL","9.25",,"5.297","31.78",".00","5.297",54835,"","1",0,"N","N",".00","","",54835,28223,7106889,7/17/2010,6,
RecType,InvNum,Type,NumGroceryItems,NumRefrigItems,NumRepackItems,NumFrozenItems,TotalPcs,TotalWt,TotalCubes,NonSpecial,Special,GrossTotal,VolDiscnt,Discount,NetTotal,TotalRetail,Deposits,Adjustments,ProfitAmnt,Profit%,InvDate,CorpCustID,OrderNumber,,,,,,,
Footer,8658363,C,"7","7","0","2","16","282",".89","638.30","31.26","669.56","0",".00","669.56","1,177.71",".00",".00",".00",".00",7/17/2010,54835,7106889,,,,,,,
