RecType,InvNum,Type,OrderNumber,InvoiceDate,DBA,CustomerNumber,CustomerName,CustAddr1,CustAddr2,City,State,ZipCode,PhoneNumber,Whse,Trip,Terms,D/CFlag,TermsMsg,CorpCustID,CoverSheet,OrdEntryDate,ChainCode,ApplyTo#,PO#,,,,,,
Header,8658370,A,7107158,7/17/2010,1,54835,"WHOLE FDS COOP-DULUTH","610 EAST 4TH STREET","","DULUTH","MN","558050000","218-728-0884",8,"642",7,0,"NET 21 DAYS",54835,3792922,7/16/2010,"CMW",0,"LN2408774-21",,,,,,
RecType,InvNum,Type,UPC,ProductID,QuantityShipped,Unit,Size,Brand,Description,RegularSRP,Status,NetPricePerUnit,ExtendedPrice,SaleSRP,RegPricePerUnit,CustomerID,PriceOrigin,QuantityOrdered,Taxable,LB flag,CW flag,CW2,CNF_RegSRP,CNF_SpcSRP,CorpCustID,CorpProdID,OrderNumber,InvoiceDate,Servings,
Detail,8658370,B,089836-021946,0448324,"1","EA","#","FRNTHB","BENTONITE CLAY POWDER","18.05",,"6.650","6.65",".00","6.650",54835,"","1",0,"N","N",".00","","",54835,44832,7107158,7/17/2010,1,
Detail,8658370,B,089836-025241,0298331,"1","EA","#","FRNTHB","GARLIC GRANULES,OG","15.69",,"5.770","5.77",".00","5.770",54835,"","1",0,"N","N",".00","","",54835,29833,7107158,7/17/2010,1,
Detail,8658370,B,089836-003713,0298372,"1","EA","#","FRNTHB","ONION POWDER,OG","16.05",,"5.900","5.90",".00","5.900",54835,"","1",0,"N","N",".00","","",54835,29837,7107158,7/17/2010,1,
Detail,8658370,B,026938-899806,0899807,"1","","EA","","TOTES CHARGE",".00",,".000",".00",".00",".000",54835,"NO CHG","1",0,"","",".00","N","",54835,89980,7107158,7/17/2010,1,
RecType,InvNum,Type,NumGroceryItems,NumRefrigItems,NumRepackItems,NumFrozenItems,TotalPcs,TotalWt,TotalCubes,NonSpecial,Special,GrossTotal,VolDiscnt,Discount,NetTotal,TotalRetail,Deposits,Adjustments,ProfitAmnt,Profit%,InvDate,CorpCustID,OrderNumber,,,,,,,
Footer,8658370,C,"0","0","1","0","1","10",".15","18.32",".00","18.32","0",".00","18.32","49.79",".00",".00",".00",".00",7/17/2010,54835,7107158,,,,,,,
