RecType,InvNum,Type,OrderNumber,InvoiceDate,DBA,CustomerNumber,CustomerName,CustAddr1,CustAddr2,City,State,ZipCode,PhoneNumber,Whse,Trip,Terms,D/CFlag,TermsMsg,CorpCustID,CoverSheet,OrdEntryDate,ChainCode,ApplyTo#,PO#,,,,,,
Header,8658358,A,7106710,7/17/2010,1,54835,"WHOLE FDS COOP-DULUTH","610 EAST 4TH STREET","","DULUTH","MN","558050000","218-728-0884",8,"642",7,0,"NET 21 DAYS",54835,3792922,7/16/2010,"CMW",0,"LN2408737-03",,,,,,
RecType,InvNum,Type,UPC,ProductID,QuantityShipped,Unit,Size,Brand,Description,RegularSRP,Status,NetPricePerUnit,ExtendedPrice,SaleSRP,RegPricePerUnit,CustomerID,PriceOrigin,QuantityOrdered,Taxable,LB flag,CW flag,CW2,CNF_RegSRP,CNF_SpcSRP,CorpCustID,CorpProdID,OrderNumber,InvoiceDate,Servings,
Detail,8658358,B,093966-330007,0213645,"1","CS","16 OZ","OGVAL","BUTTER,OG,SLTD,STICKS","7.09",,"4.275","64.12",".00","4.275",54835,"","1",0,"N","N",".00","","",54835,21364,7106710,7/17/2010,15,
Detail,8658358,B,750388-201017,0537803,"1","CS","1 LB","WESTBY","BUTTER,rBGH FREE","4.15",,"2.489","89.60",".00","2.489",54835,"","1",0,"N","N",".00","","",54835,53780,7106710,7/17/2010,36,
Detail,8658358,B,026938-683092,0683094,"1","EA","EA","UNFI","UNFI FUEL SURCHARGE","15.00",,"15.000","15.00","22.15","22.150",54835,"PRO 32","1",0,"N","N",".00","","",54835,68309,7106710,7/17/2010,1,
RecType,InvNum,Type,NumGroceryItems,NumRefrigItems,NumRepackItems,NumFrozenItems,TotalPcs,TotalWt,TotalCubes,NonSpecial,Special,GrossTotal,VolDiscnt,Discount,NetTotal,TotalRetail,Deposits,Adjustments,ProfitAmnt,Profit%,InvDate,CorpCustID,OrderNumber,,,,,,,
Footer,8658358,C,"0","2","0","0","2","53",".12","153.72","15.00","168.72","0",".00","168.72","270.75",".00",".00",".00",".00",7/17/2010,54835,7106710,,,,,,,
