RecType,InvNum,Type,OrderNumber,InvoiceDate,DBA,CustomerNumber,CustomerName,CustAddr1,CustAddr2,City,State,ZipCode,PhoneNumber,Whse,Trip,Terms,D/CFlag,TermsMsg,CorpCustID,CoverSheet,OrdEntryDate,ChainCode,ApplyTo#,PO#,,,,,,
Header,8658380,A,7107755,7/17/2010,1,54835,"WHOLE FDS COOP-DULUTH","610 EAST 4TH STREET","","DULUTH","MN","558050000","218-728-0884",8,"642",7,0,"NET 21 DAYS",54835,3792922,7/16/2010,"CMW",0,"",,,,,,
RecType,InvNum,Type,UPC,ProductID,QuantityShipped,Unit,Size,Brand,Description,RegularSRP,Status,NetPricePerUnit,ExtendedPrice,SaleSRP,RegPricePerUnit,CustomerID,PriceOrigin,QuantityOrdered,Taxable,LB flag,CW flag,CW2,CNF_RegSRP,CNF_SpcSRP,CorpCustID,CorpProdID,OrderNumber,InvoiceDate,Servings,
Detail,8658380,B,025317-530002,0274159,"2","CS","12 OZ","APLEGT","HOT DOG,BEEF,ANTIBTC FREE","4.85",,"2.477","59.44","4.85","2.852",54835,"M 15","2",0,"N","N",".00","","",54835,27415,7107755,7/17/2010,12,
Detail,8658380,B,786791-010007,0460576,"1","CS","16 OZ","BEELER","BRATWURST","5.79",,"2.959","47.35","5.79","3.394",54835,"M 15","1",0,"N","N",".00","","",54835,46057,7107755,7/17/2010,16,
Detail,8658380,B,025293-600072,0194183,"1","CS","32 OZ","SILK","SILK SOY YGRT,PLAIN","3.45",,"2.087","12.52",".00","2.087",54835,"","1",0,"N","N",".00","","",54835,19418,7107755,7/17/2010,6,
Detail,8658380,B,025293-600171,0647883,"2","CS","32 OZ","SILK","SILK SOY YGRT,VANILLA","3.45",,"2.087","25.04",".00","2.087",54835,"","2",0,"N","N",".00","","",54835,64788,7107755,7/17/2010,6,
Footer,8658380,C,"0","3","0","3","6","69",".25","37.56","106.79","144.35","0",".00","144.35","271.14",".00",".00",".00",".00",7/17/2010,54835,7107755,,,,,,,
