RecType,InvNum,Type,OrderNumber,InvoiceDate,DBA,CustomerNumber,CustomerName,CustAddr1,CustAddr2,City,State,ZipCode,PhoneNumber,Whse,Trip,Terms,D/CFlag,TermsMsg,CorpCustID,CoverSheet,OrdEntryDate,ChainCode,ApplyTo#,PO#,,,,,,
Header,8523535,A,6986696,6/26/2010,1,54835,"WHOLE FDS COOP-DULUTH","610 EAST 4TH STREET","","DULUTH","MN","558050000","218-728-0884",8,"642",7,0,"NET 21 DAYS",54835,3738227,6/25/2010,"CMW",0,"LN2370119-13",,,,,,
RecType,InvNum,Type,UPC,ProductID,QuantityShipped,Unit,Size,Brand,Description,RegularSRP,Status,NetPricePerUnit,ExtendedPrice,SaleSRP,RegPricePerUnit,CustomerID,PriceOrigin,QuantityOrdered,Taxable,LB flag,CW flag,CW2,CNF_RegSRP,CNF_SpcSRP,CorpCustID,CorpProdID,OrderNumber,InvoiceDate,Servings,
Detail,8523535,B,895591-001259,0695742,"1","CS","24 OZ","ECOSMA","GARDEN INSECT KILLER","7.75",,"4.005","24.03","7.75","4.632",54835,"M 15","1",0,"N","N",".00","","",54835,69574,6986696,6/26/2010,6,
Detail,8523535,B,770009-050046,0714394,"4","EA","2 SQ YDS","IFYC","CHEESECLOTH","2.75",,"1.630","6.52",".00","1.630",54835,"","4",0,"N","N",".00","","",54835,71439,6986696,6/26/2010,1,
Detail,8523535,B,026938-899806,0899807,"1","","EA","","TOTES CHARGE",".00",,".000",".00",".00",".000",54835,"NO CHG","1",0,"","",".00","N","",54835,89980,6986696,6/26/2010,1,
RecType,InvNum,Type,NumGroceryItems,NumRefrigItems,NumRepackItems,NumFrozenItems,TotalPcs,TotalWt,TotalCubes,NonSpecial,Special,GrossTotal,VolDiscnt,Discount,NetTotal,TotalRetail,Deposits,Adjustments,ProfitAmnt,Profit%,InvDate,CorpCustID,OrderNumber,,,,,,,
Footer,8523535,C,"1","0","1","0","2","19",".16","6.52","24.03","30.55","0",".00","30.55","57.50",".00",".00",".00",".00",6/26/2010,54835,6986696,,,,,,,
