RecType,InvNum,Type,OrderNumber,InvoiceDate,DBA,CustomerNumber,CustomerName,CustAddr1,CustAddr2,City,State,ZipCode,PhoneNumber,Whse,Trip,Terms,D/CFlag,TermsMsg,CorpCustID,CoverSheet,OrdEntryDate,ChainCode,ApplyTo#,PO#,,,,,,
Header,8523540,A,6986701,6/26/2010,1,54835,"WHOLE FDS COOP-DULUTH","610 EAST 4TH STREET","","DULUTH","MN","558050000","218-728-0884",8,"642",7,0,"NET 21 DAYS",54835,3738227,6/25/2010,"CMW",0,"LN2370119-16",,,,,,
RecType,InvNum,Type,UPC,ProductID,QuantityShipped,Unit,Size,Brand,Description,RegularSRP,Status,NetPricePerUnit,ExtendedPrice,SaleSRP,RegPricePerUnit,CustomerID,PriceOrigin,QuantityOrdered,Taxable,LB flag,CW flag,CW2,CNF_RegSRP,CNF_SpcSRP,CorpCustID,CorpProdID,OrderNumber,InvoiceDate,Servings,
Detail,8523540,B,074333-458487,0112540,"1","CS","#","AM","FLOUR,OG,UNBLCHD,WHITE","1.45",,".811","20.27",".00",".811",54835,"","1",0,"N","N",".00","","",54835,11254,6986701,6/26/2010,25,
Detail,8523540,B,026938-464912,0464917,"1","CS","#","BULK D","OATS,OG,ROLLED,REG",".99",,".576","14.40",".00",".576",54835,"","1",0,"N","N",".00","","",54835,46491,6986701,6/26/2010,25,
Detail,8523540,B,026938-324445,0324442,"1","CS","#","BULK D","RICE,BASMATI,WHITE,INDIAN","3.69",,"2.138","21.38",".00","2.138",54835,"","1",0,"N","N",".00","","",54835,32444,6986701,6/26/2010,10,
Detail,8523540,B,026938-779276,0779272,"1","CS","#","BULK H","BEANS,OG,PINTO","2.89",,"1.664","8.32",".00","1.664",54835,"","1",0,"N","N",".00","","",54835,77927,6986701,6/26/2010,5,
Detail,8523540,B,026938-779238,0779231,"1","CS","#","BULK H","LENTILS,OG,GREEN,LAIRD,LG","2.45",,"1.420","7.10",".00","1.420",54835,"","1",0,"N","N",".00","","",54835,77923,6986701,6/26/2010,5,
Detail,8523540,B,026938-551322,0551325,"1","CS","#","GIUSTO","FLOUR,OG,BAKERS CHOICE","1.05",,".610","30.49",".00",".610",54835,"","1",0,"N","N",".00","","",54835,55132,6986701,6/26/2010,50,
Detail,8523540,B,011933-642250,0484576,"1","CS","#","HLAND","FLOUR,OG,GOLDEN BUFFALO","1.05",,".607","15.17",".00",".607",54835,"","1",0,"N","N",".00","","",54835,48457,6986701,6/26/2010,25,
Detail,8523540,B,073416-401327,0506741,"1","CS","#","LUNDBG","RICE,OG,BROWN,LONG","1.89",,"1.095","27.38",".00","1.095",54835,"","1",0,"N","N",".00","","",54835,50674,6986701,6/26/2010,25,
Detail,8523540,B,026938-779214,0779215,"0","CS","#","BULK D","BARLEY,OG,PEARLED","2.35",,".000",".00",".00",".000",54835,"","0",0,"N","N",".00","","",54835,77921,6986701,6/26/2010,5,
RecType,InvNum,Type,NumGroceryItems,NumRefrigItems,NumRepackItems,NumFrozenItems,TotalPcs,TotalWt,TotalCubes,NonSpecial,Special,GrossTotal,VolDiscnt,Discount,NetTotal,TotalRetail,Deposits,Adjustments,ProfitAmnt,Profit%,InvDate,CorpCustID,OrderNumber,,,,,,,
Footer,8523540,C,"8","0","0","0","8","175",".51","144.51",".00","144.51","0",".00","144.51","250.60",".00",".00",".00",".00",6/26/2010,54835,6986701,,,,,,,
