RecType,InvNum,Type,OrderNumber,InvoiceDate,DBA,CustomerNumber,CustomerName,CustAddr1,CustAddr2,City,State,ZipCode,PhoneNumber,Whse,Trip,Terms,D/CFlag,TermsMsg,CorpCustID,CoverSheet,OrdEntryDate,ChainCode,ApplyTo#,PO#,,,,,,
Header,8523527,A,6986490,6/26/2010,1,54835,"WHOLE FDS COOP-DULUTH","610 EAST 4TH STREET","","DULUTH","MN","558050000","218-728-0884",8,"642",7,0,"NET 21 DAYS",54835,3738227,6/25/2010,"CMW",0,"LN2370103-04",,,,,,
RecType,InvNum,Type,UPC,ProductID,QuantityShipped,Unit,Size,Brand,Description,RegularSRP,Status,NetPricePerUnit,ExtendedPrice,SaleSRP,RegPricePerUnit,CustomerID,PriceOrigin,QuantityOrdered,Taxable,LB flag,CW flag,CW2,CNF_RegSRP,CNF_SpcSRP,CorpCustID,CorpProdID,OrderNumber,InvoiceDate,Servings,
Detail,8523527,B,031493-242424,0940387,"1","CS","22 OZ","RUDI'S","BRD,OG,HONEY SWT WHL WHT","4.65",,"2.156","17.25","4.65","2.714",54835,"PRO 20","1",0,"N","N",".00","","",54835,94038,6986490,6/26/2010,8,
Detail,8523527,B,031493-828888,0940338,"1","CS","22 OZ","RUDI'S","BRD,OG,OAT,MULTIGRAIN","4.65",,"2.156","17.25","4.65","2.714",54835,"PRO 20","1",0,"N","N",".00","","",54835,94033,6986490,6/26/2010,8,
Detail,8523527,B,075119-040155,0494500,"1","CS","16 OZ","ENER-G","LOAF,TAPIOCA","5.35",,"2.633","15.80","5.35","3.047",54835,"M 15","1",0,"N","N",".00","","",54835,49450,6986490,6/26/2010,6,
Detail,8523527,B,075119-145706,0315408,"1","CS","16 OZ","ENER-G","LOAF,WHITE RICE","5.35",,"2.633","15.80","5.35","3.047",54835,"M 15","1",0,"N","N",".00","","",54835,31540,6986490,6/26/2010,6,
RecType,InvNum,Type,NumGroceryItems,NumRefrigItems,NumRepackItems,NumFrozenItems,TotalPcs,TotalWt,TotalCubes,NonSpecial,Special,GrossTotal,VolDiscnt,Discount,NetTotal,TotalRetail,Deposits,Adjustments,ProfitAmnt,Profit%,InvDate,CorpCustID,OrderNumber,,,,,,,
Footer,8523527,C,"2","0","0","2","4","39",".31",".00","66.10","66.10","0",".00","66.10","138.60",".00",".00",".00",".00",6/26/2010,54835,6986490,,,,,,,
