RecType,InvNum,Type,OrderNumber,InvoiceDate,DBA,CustomerNumber,CustomerName,CustAddr1,CustAddr2,City,State,ZipCode,PhoneNumber,Whse,Trip,Terms,D/CFlag,TermsMsg,CorpCustID,CoverSheet,OrdEntryDate,ChainCode,ApplyTo#,PO#,,,,,,
Header,8523543,A,6986931,6/26/2010,1,54835,"WHOLE FDS COOP-DULUTH","610 EAST 4TH STREET","","DULUTH","MN","558050000","218-728-0884",8,"642",7,0,"NET 21 DAYS",54835,3738227,6/25/2010,"CMW",0,"",,,,,,
RecType,InvNum,Type,UPC,ProductID,QuantityShipped,Unit,Size,Brand,Description,RegularSRP,Status,NetPricePerUnit,ExtendedPrice,SaleSRP,RegPricePerUnit,CustomerID,PriceOrigin,QuantityOrdered,Taxable,LB flag,CW flag,CW2,CNF_RegSRP,CNF_SpcSRP,CorpCustID,CorpProdID,OrderNumber,InvoiceDate,Servings,
Detail,8523543,B,031493-811323,0392365,"1","CS","12 OZ","RUDI'S","TORTS,OG,WHITE SPELT","4.65",,"2.713","32.56",".00","2.713",54835,"","1",0,"N","N",".00","","",54835,39236,6986931,6/26/2010,12,
Detail,8523543,B,033776-011710,0363556,"1","CS","13 OZ","ERTHBL","BUTTERY SPREAD,OG,WHIPPED","4.75",,"2.869","34.43",".00","2.869",54835,"","1",0,"N","N",".00","","",54835,36355,6986931,6/26/2010,12,
RecType,InvNum,Type,NumGroceryItems,NumRefrigItems,NumRepackItems,NumFrozenItems,TotalPcs,TotalWt,TotalCubes,NonSpecial,Special,GrossTotal,VolDiscnt,Discount,NetTotal,TotalRetail,Deposits,Adjustments,ProfitAmnt,Profit%,InvDate,CorpCustID,OrderNumber,,,,,,,
Footer,8523543,C,"0","1","0","1","2","22",".11","66.99",".00","66.99","0",".00","66.99","112.80",".00",".00",".00",".00",6/26/2010,54835,6986931,,,,,,,
