RecType,InvNum,Type,OrderNumber,InvoiceDate,DBA,CustomerNumber,CustomerName,CustAddr1,CustAddr2,City,State,ZipCode,PhoneNumber,Whse,Trip,Terms,D/CFlag,TermsMsg,CorpCustID,CoverSheet,OrdEntryDate,ChainCode,ApplyTo#,PO#,,,,,,
Header,8523520,A,6985821,6/26/2010,1,54835,"WHOLE FDS COOP-DULUTH","610 EAST 4TH STREET","","DULUTH","MN","558050000","218-728-0884",8,"642",7,0,"NET 21 DAYS",54835,3738227,6/25/2010,"CMW",0,"LN2370020-05",,,,,,
RecType,InvNum,Type,UPC,ProductID,QuantityShipped,Unit,Size,Brand,Description,RegularSRP,Status,NetPricePerUnit,ExtendedPrice,SaleSRP,RegPricePerUnit,CustomerID,PriceOrigin,QuantityOrdered,Taxable,LB flag,CW flag,CW2,CNF_RegSRP,CNF_SpcSRP,CorpCustID,CorpProdID,OrderNumber,InvoiceDate,Servings,
Detail,8523520,B,043454-100100,0454603,"1","CS","12 OZ","LTLIFE","TOFU PUPS","4.25",,"1.932","23.18","4.25","2.548",54835,"PRO 25","1",0,"N","N",".00","","",54835,45460,6985821,6/26/2010,12,
Detail,8523520,B,054319-000046,0431981,"1","CS","32 OZ","SEVEN","YOGURT,OG,PLAIN,LOWFT","4.35",,"2.602","15.61",".00","2.602",54835,"","1",0,"N","N",".00","","",54835,43198,6985821,6/26/2010,6,
Detail,8523520,B,035302-002148,0955880,"1","CS","8 OZ","SOYDLI","BAKED TOFU,HICKRY SMKD,OG","4.59",,"2.763","16.58",".00","2.763",54835,"","1",0,"N","N",".00","","",54835,95588,6985821,6/26/2010,6,
Detail,8523520,B,795709-040012,0719336,"1","CS","27 OZ","WALABY","YOGURT,OG,NF,VANILLA BEAN","3.89",,"2.340","14.04",".00","2.340",54835,"","1",0,"N","N",".00","","",54835,71933,6985821,6/26/2010,6,
RecType,InvNum,Type,NumGroceryItems,NumRefrigItems,NumRepackItems,NumFrozenItems,TotalPcs,TotalWt,TotalCubes,NonSpecial,Special,GrossTotal,VolDiscnt,Discount,NetTotal,TotalRetail,Deposits,Adjustments,ProfitAmnt,Profit%,InvDate,CorpCustID,OrderNumber,,,,,,,
Footer,8523520,C,"0","4","0","0","4","36",".13","46.23","23.18","69.41","0",".00","69.41","127.98",".00",".00",".00",".00",6/26/2010,54835,6985821,,,,,,,
