RecType,InvNum,Type,OrderNumber,InvoiceDate,DBA,CustomerNumber,CustomerName,CustAddr1,CustAddr2,City,State,ZipCode,PhoneNumber,Whse,Trip,Terms,D/CFlag,TermsMsg,CorpCustID,CoverSheet,OrdEntryDate,ChainCode,ApplyTo#,PO#,,,,,,
Header,8523545,A,6987970,6/26/2010,1,54835,"WHOLE FDS COOP-DULUTH","610 EAST 4TH STREET","","DULUTH","MN","558050000","218-728-0884",8,"642",7,0,"NET 21 DAYS",54835,3738227,6/25/2010,"CMW",0,"",,,,,,
RecType,InvNum,Type,UPC,ProductID,QuantityShipped,Unit,Size,Brand,Description,RegularSRP,Status,NetPricePerUnit,ExtendedPrice,SaleSRP,RegPricePerUnit,CustomerID,PriceOrigin,QuantityOrdered,Taxable,LB flag,CW flag,CW2,CNF_RegSRP,CNF_SpcSRP,CorpCustID,CorpProdID,OrderNumber,InvoiceDate,Servings,
Detail,8523545,B,025583-006010,0306373,"1","CS","14 OZ","TOFURK","TOFURKY BEER BRATS","4.75",,"2.342","28.10","4.75","2.853",54835,"PRO 20","1",0,"N","N",".00","","",54835,30637,6987970,6/26/2010,12,
Detail,8523545,B,089125-290008,0838722,"1","CS","8 OZ","QUINOA","PASTA,OG,VEGGIE CURLS,GF","2.65",,".433","5.20","2.65","1.522",54835,"POV 85","1",0,"N","N",".00","","",54835,83872,6987970,6/26/2010,12,
Detail,8523545,B,092325-333192,0602284,"1","CS","8 OZ","ANNIES","VINGRT,HONEY MUSTARD,LF","3.69",,"1.875","11.25","3.69","2.110",54835,"PRO 10","1",0,"N","N",".00","","",54835,60228,6987970,6/26/2010,6,
Detail,8523545,B,041570-068373,0933978,"1","CS","32 OZ","BLUE-D","ALMOND BREEZE,CHOCOLATE","2.79",,".000",".00",".00","1.588",54835,"NO CHG","1",0,"N","N",".00","","",54835,93397,6987970,6/26/2010,12,
Detail,8523545,B,037014-242263,0105619,"1","CS","3 OZ","ENDANG","CHOC BR,DRK/MNT,RNFRST","2.95",,".000",".00",".00","1.673",54835,"NO CHG","1",0,"N","N",".00","","",54835,10561,6987970,6/26/2010,12,
Detail,8523545,B,042608-460022,0223057,"1","CS","32 OZ","LAKEWD","LEMONADE,OG,CRANBERRY","3.69",,"1.733","20.80","3.69","2.182",54835,"PRO 20","1",0,"N","N",".00","","",54835,22305,6987970,6/26/2010,12,
Detail,8523545,B,026938-899806,0899807,"1","","EA","","TOTES CHARGE",".00",,".000",".00",".00",".000",54835,"NO CHG","1",0,"","",".00","N","",54835,89980,6987970,6/26/2010,1,
Footer,8523545,C,"4","1","1","0","6","103",".39",".00","65.35","65.35","0",".00","65.35","224.10",".00",".00",".00",".00",6/26/2010,54835,6987970,,,,,,,
