RecType,InvNum,Type,OrderNumber,InvoiceDate,DBA,CustomerNumber,CustomerName,CustAddr1,CustAddr2,City,State,ZipCode,PhoneNumber,Whse,Trip,Terms,D/CFlag,TermsMsg,CorpCustID,CoverSheet,OrdEntryDate,ChainCode,ApplyTo#,PO#,,,,,,
Header,8523542,A,6986820,6/26/2010,1,54835,"WHOLE FDS COOP-DULUTH","610 EAST 4TH STREET","","DULUTH","MN","558050000","218-728-0884",8,"642",7,0,"NET 21 DAYS",54835,3738227,6/25/2010,"CMW",0,"",,,,,,
RecType,InvNum,Type,UPC,ProductID,QuantityShipped,Unit,Size,Brand,Description,RegularSRP,Status,NetPricePerUnit,ExtendedPrice,SaleSRP,RegPricePerUnit,CustomerID,PriceOrigin,QuantityOrdered,Taxable,LB flag,CW flag,CW2,CNF_RegSRP,CNF_SpcSRP,CorpCustID,CorpProdID,OrderNumber,InvoiceDate,Servings,
Detail,8523542,B,084114-032386,0654269,"1","CS","14 OZ","KETTLE","KRINKLE CHIPS,SEA SALT","5.25",,"2.552","25.52","5.25","3.117",54835,"PRO 20","1",0,"N","N",".00","","",54835,65426,6986820,6/26/2010,10,
Detail,8523542,B,075940-383520,0168450,"1","CS","14.4 OZ","NWMORN","GRAHAMS,OG,WW,HONEY","4.69",,"2.149","25.79","4.69","2.686",54835,"PRO 20","1",0,"N","N",".00","","",54835,16845,6986820,6/26/2010,12,
RecType,InvNum,Type,NumGroceryItems,NumRefrigItems,NumRepackItems,NumFrozenItems,TotalPcs,TotalWt,TotalCubes,NonSpecial,Special,GrossTotal,VolDiscnt,Discount,NetTotal,TotalRetail,Deposits,Adjustments,ProfitAmnt,Profit%,InvDate,CorpCustID,OrderNumber,,,,,,,
Footer,8523542,C,"2","0","0","0","2","25",".38",".00","51.31","51.31","0",".00","51.31","108.78",".00",".00",".00",".00",6/26/2010,54835,6986820,,,,,,,
