RecType,InvNum,Type,OrderNumber,InvoiceDate,DBA,CustomerNumber,CustomerName,CustAddr1,CustAddr2,City,State,ZipCode,PhoneNumber,Whse,Trip,Terms,D/CFlag,TermsMsg,CorpCustID,CoverSheet,OrdEntryDate,ChainCode,ApplyTo#,PO#,,,,,,
Header,8523532,A,6986693,6/26/2010,1,54835,"WHOLE FDS COOP-DULUTH","610 EAST 4TH STREET","","DULUTH","MN","558050000","218-728-0884",8,"642",7,0,"NET 21 DAYS",54835,3738227,6/25/2010,"CMW",0,"LN2370119-03",,,,,,
RecType,InvNum,Type,UPC,ProductID,QuantityShipped,Unit,Size,Brand,Description,RegularSRP,Status,NetPricePerUnit,ExtendedPrice,SaleSRP,RegPricePerUnit,CustomerID,PriceOrigin,QuantityOrdered,Taxable,LB flag,CW flag,CW2,CNF_RegSRP,CNF_SpcSRP,CorpCustID,CorpProdID,OrderNumber,InvoiceDate,Servings,
Detail,8523532,B,654749-353059,0156133,"1","EA","7 OZ","AVALON","CLEANSING GEL,LAVENDER","11.35",,"5.960","5.96",".00","5.960",54835,"","1",0,"N","N",".00","","",54835,15613,6986693,6/26/2010,1,
Detail,8523532,B,078522-050728,0467860,"1","EA","4 OZ","JASON","TEA TIME GREEN TEA MOIST","13.29",,"6.960","6.96",".00","6.960",54835,"","1",0,"N","N",".00","","",54835,46786,6986693,6/26/2010,1,
Detail,8523532,B,078347-023013,0919902,"3","EA","18 OZ","NGATE","SHAMPOO,TEA TREE CALMING","8.85",,"4.630","13.89",".00","4.630",54835,"","3",0,"N","N",".00","","",54835,91990,6986693,6/26/2010,1,
Detail,8523532,B,026938-899806,0899807,"1","","EA","","TOTES CHARGE",".00",,".000",".00",".00",".000",54835,"NO CHG","1",0,"","",".00","N","",54835,89980,6986693,6/26/2010,1,
RecType,InvNum,Type,NumGroceryItems,NumRefrigItems,NumRepackItems,NumFrozenItems,TotalPcs,TotalWt,TotalCubes,NonSpecial,Special,GrossTotal,VolDiscnt,Discount,NetTotal,TotalRetail,Deposits,Adjustments,ProfitAmnt,Profit%,InvDate,CorpCustID,OrderNumber,,,,,,,
Footer,8523532,C,"0","0","1","0","1","11",".15","26.81",".00","26.81","0",".00","26.81","51.19",".00",".00",".00",".00",6/26/2010,54835,6986693,,,,,,,
