RecType,InvNum,Type,OrderNumber,InvoiceDate,DBA,CustomerNumber,CustomerName,CustAddr1,CustAddr2,City,State,ZipCode,PhoneNumber,Whse,Trip,Terms,D/CFlag,TermsMsg,CorpCustID,CoverSheet,OrdEntryDate,ChainCode,ApplyTo#,PO#,,,,,,
Header,8523541,A,6986702,6/26/2010,1,54835,"WHOLE FDS COOP-DULUTH","610 EAST 4TH STREET","","DULUTH","MN","558050000","218-728-0884",8,"642",7,0,"NET 21 DAYS",54835,3738227,6/25/2010,"CMW",0,"LN2370119-21",,,,,,
RecType,InvNum,Type,UPC,ProductID,QuantityShipped,Unit,Size,Brand,Description,RegularSRP,Status,NetPricePerUnit,ExtendedPrice,SaleSRP,RegPricePerUnit,CustomerID,PriceOrigin,QuantityOrdered,Taxable,LB flag,CW flag,CW2,CNF_RegSRP,CNF_SpcSRP,CorpCustID,CorpProdID,OrderNumber,InvoiceDate,Servings,
Detail,8523541,B,089836-020093,0311423,"1","EA","#","FRNTHB","BROTH POWDER,BEEF FLAVOR","15.15",,"5.570","5.57",".00","5.570",54835,"","1",0,"N","N",".00","","",54835,31142,6986702,6/26/2010,1,
Detail,8523541,B,089836-003553,0116301,"1","EA","#","FRNTHB","BASIL LEAF,OG,SWEET,C/S","25.95",,"9.550","9.55",".00","9.550",54835,"","1",0,"N","N",".00","","",54835,11630,6986702,6/26/2010,1,
Detail,8523541,B,089836-007957,0735621,"1","EA","#","FRNTHB","CAYENNE,OG,30000 HU","20.19",,"7.430","7.43",".00","7.430",54835,"","1",0,"N","N",".00","","",54835,73562,6986702,6/26/2010,1,
Detail,8523541,B,089836-029720,0498808,"5","EA","#","FRNTHB","CINNAMON PWDR,OG,CEYLON","28.85",,"10.630","53.15",".00","10.630",54835,"","5",0,"N","N",".00","","",54835,49880,6986702,6/26/2010,1,
Detail,8523541,B,089836-025920,0448514,"1","EA","#","FRNTHB","CUMIN SEED,OG,GROUND","21.45",,"7.900","7.90",".00","7.900",54835,"","1",0,"N","N",".00","","",54835,44851,6986702,6/26/2010,1,
Detail,8523541,B,089836-003621,0311563,"1","EA","#","FRNTHB","DILL WEED,OG,C/S","33.69",,"12.410","12.41",".00","12.410",54835,"","1",0,"N","N",".00","","",54835,31156,6986702,6/26/2010,1,
Detail,8523541,B,089836-025241,0298331,"1","EA","#","FRNTHB","GARLIC GRANULES,OG","15.69",,"5.770","5.77",".00","5.770",54835,"","1",0,"N","N",".00","","",54835,29833,6986702,6/26/2010,1,
Detail,8523541,B,089836-003522,0298356,"1","EA","#","FRNTHB","GARLIC POWDER,OG","15.45",,"5.690","5.69",".00","5.690",54835,"","1",0,"N","N",".00","","",54835,29835,6986702,6/26/2010,1,
Detail,8523541,B,089836-008633,0791673,"1","EA","#","FRNTHB","PSYLLIUM SD HUSK,OG,WHOLE","21.45",,"7.900","7.90",".00","7.900",54835,"","1",0,"N","N",".00","","",54835,79167,6986702,6/26/2010,1,
Detail,8523541,B,089836-003799,0448613,"1","EA","#","FRNTHB","ROSEMARY LEAF,OG,WHOLE","15.55",,"5.730","5.73",".00","5.730",54835,"","1",0,"N","N",".00","","",54835,44861,6986702,6/26/2010,1,
Detail,8523541,B,026938-899806,0899807,"1","","EA","","TOTES CHARGE",".00",,".000",".00",".00",".000",54835,"NO CHG","1",0,"","",".00","N","",54835,89980,6986702,6/26/2010,1,
Detail,8523541,B,089836-026491,0546556,"0","EA","#","FRNTHB","ITALIAN SEASONING,OG,WHL",".00",OUT,".000",".00",".00",".000",54835,"","1",0,"N","N",".00","","",54835,54655,6986702,6/26/2010,1,
RecType,InvNum,Type,NumGroceryItems,NumRefrigItems,NumRepackItems,NumFrozenItems,TotalPcs,TotalWt,TotalCubes,NonSpecial,Special,GrossTotal,VolDiscnt,Discount,NetTotal,TotalRetail,Deposits,Adjustments,ProfitAmnt,Profit%,InvDate,CorpCustID,OrderNumber,,,,,,,
Footer,8523541,C,"0","0","1","0","1","22",".22","121.10",".00","121.10","0",".00","121.10","328.82",".00",".00",".00",".00",6/26/2010,54835,6986702,,,,,,,
