RecType,InvNum,Type,OrderNumber,InvoiceDate,DBA,CustomerNumber,CustomerName,CustAddr1,CustAddr2,City,State,ZipCode,PhoneNumber,Whse,Trip,Terms,D/CFlag,TermsMsg,CorpCustID,CoverSheet,OrdEntryDate,ChainCode,ApplyTo#,PO#,,,,,,
Header,8870346,A,7299380,8/19/2010,1,54835,"WHOLE FDS COOP-DULUTH","610 EAST 4TH STREET","","DULUTH","MN","558050000","218-728-0884",8,"412",7,0,"NET 21 DAYS",54835,3878052,8/18/2010,"CMW",0,"",,,,,,
RecType,InvNum,Type,UPC,ProductID,QuantityShipped,Unit,Size,Brand,Description,RegularSRP,Status,NetPricePerUnit,ExtendedPrice,SaleSRP,RegPricePerUnit,CustomerID,PriceOrigin,QuantityOrdered,Taxable,LB flag,CW flag,CW2,CNF_RegSRP,CNF_SpcSRP,CorpCustID,CorpProdID,OrderNumber,InvoiceDate,Servings,
Detail,8870346,B,012511-450687,0302513,"2","CS","#","WHLSOM","SUGAR,OG,EVAP CANE JUICE","1.65",,".927","92.70",".00",".927",54835,"","2",0,"N","N",".00","","",54835,30251,7299380,8/19/2010,50,
Detail,8870346,B,026938-689292,0689299,"0","CS","#","BULK F","PINENUTS,OG",".00",OUT,".000",".00",".00",".000",54835,"","1",0,"N","N",".00","","",54835,68929,7299380,8/19/2010,5,
Footer,8870346,C,"2","0","0","0","2","104",".25","92.70",".00","92.70","0",".00","92.70","165.00",".00",".00",".00",".00",8/19/2010,54835,7299380,,,,,,,
