RecType,InvNum,Type,OrderNumber,InvoiceDate,DBA,CustomerNumber,CustomerName,CustAddr1,CustAddr2,City,State,ZipCode,PhoneNumber,Whse,Trip,Terms,D/CFlag,TermsMsg,CorpCustID,CoverSheet,OrdEntryDate,ChainCode,ApplyTo#,PO#,,,,,,
Header,8870327,A,7298399,8/19/2010,1,54835,"WHOLE FDS COOP-DULUTH","610 EAST 4TH STREET","","DULUTH","MN","558050000","218-728-0884",8,"412",7,0,"NET 21 DAYS",54835,3878052,8/18/2010,"CMW",0,"LN2470723-08",,,,,,
RecType,InvNum,Type,UPC,ProductID,QuantityShipped,Unit,Size,Brand,Description,RegularSRP,Status,NetPricePerUnit,ExtendedPrice,SaleSRP,RegPricePerUnit,CustomerID,PriceOrigin,QuantityOrdered,Taxable,LB flag,CW flag,CW2,CNF_RegSRP,CNF_SpcSRP,CorpCustID,CorpProdID,OrderNumber,InvoiceDate,Servings,
Detail,8870327,B,042272-000708,0188888,"2","CS","6 OZ","AMY'S","BURRITO,OG,BEANS&RICE","2.65",,"1.383","33.20","2.65","1.639",54835,"PRO 15","2",0,"N","N",".00","","",54835,18888,7298399,8/19/2010,12,
Detail,8870327,B,896767-001172,0463521,"1","CS","PINT","LUNABL","COCONUT ICRM,OG,CAPPUCCIN","5.79",,"2.978","23.82","5.79","3.410",54835,"M 15","1",0,"N","N",".00","","",54835,46352,7298399,8/19/2010,8,
Detail,8870327,B,896767-001011,0463406,"1","CS","PINT","LUNABL","COCONUT ICRM,OG,DK CHOC","5.79",,"2.978","23.82","5.79","3.410",54835,"M 15","1",0,"N","N",".00","","",54835,46340,7298399,8/19/2010,8,
Detail,8870327,B,896767-001035,0463463,"1","CS","PINT","LUNABL","COCONUT ICRM,OG,MNT GALCT","5.79",,"2.978","23.82","5.79","3.410",54835,"M 15","1",0,"N","N",".00","","",54835,46346,7298399,8/19/2010,8,
RecType,InvNum,Type,NumGroceryItems,NumRefrigItems,NumRepackItems,NumFrozenItems,TotalPcs,TotalWt,TotalCubes,NonSpecial,Special,GrossTotal,VolDiscnt,Discount,NetTotal,TotalRetail,Deposits,Adjustments,ProfitAmnt,Profit%,InvDate,CorpCustID,OrderNumber,,,,,,,
Footer,8870327,C,"0","0","0","5","5","33",".13",".00","104.66","104.66","0",".00","104.66","202.56",".00",".00",".00",".00",8/19/2010,54835,7298399,,,,,,,
