RecType,InvNum,Type,OrderNumber,InvoiceDate,DBA,CustomerNumber,CustomerName,CustAddr1,CustAddr2,City,State,ZipCode,PhoneNumber,Whse,Trip,Terms,D/CFlag,TermsMsg,CorpCustID,CoverSheet,OrdEntryDate,ChainCode,ApplyTo#,PO#,,,,,,
Header,8870340,A,7299024,8/19/2010,1,54835,"WHOLE FDS COOP-DULUTH","610 EAST 4TH STREET","","DULUTH","MN","558050000","218-728-0884",8,"412",7,0,"NET 21 DAYS",54835,3878052,8/18/2010,"CMW",0,"LN2470806-17",,,,,,
RecType,InvNum,Type,UPC,ProductID,QuantityShipped,Unit,Size,Brand,Description,RegularSRP,Status,NetPricePerUnit,ExtendedPrice,SaleSRP,RegPricePerUnit,CustomerID,PriceOrigin,QuantityOrdered,Taxable,LB flag,CW flag,CW2,CNF_RegSRP,CNF_SpcSRP,CorpCustID,CorpProdID,OrderNumber,InvoiceDate,Servings,
Detail,8870340,B,026938-626907,0626903,"1","CS","#","BULK B","PRUNES,OG,PITTED","5.09",,"2.835","85.06",".00","2.835",54835,"","1",0,"N","N",".00","","",54835,62690,7299024,8/19/2010,30,
Detail,8870340,B,026938-017880,0178806,"1","CS","#","BULK F","ALMONDS,NPS,RAW","5.75",,"3.208","80.19",".00","3.208",54835,"","1",0,"N","N",".00","","",54835,17880,7299024,8/19/2010,25,
Detail,8870340,B,079858-518470,0473330,"3","CS","#","EAST","PEANUT BUTTER,CRUNCHY","2.59",,"1.433","150.45",".00","1.433",54835,"","3",0,"N","N",".00","","",54835,47333,7299024,8/19/2010,35,
Detail,8870340,B,077241-871300,0258210,"1","CS","#","SUNSPR","SUNDROPS,PLAIN CHOC","7.59",,"4.249","106.22",".00","4.249",54835,"","1",0,"N","N",".00","","",54835,25821,7299024,8/19/2010,25,
RecType,InvNum,Type,NumGroceryItems,NumRefrigItems,NumRepackItems,NumFrozenItems,TotalPcs,TotalWt,TotalCubes,NonSpecial,Special,GrossTotal,VolDiscnt,Discount,NetTotal,TotalRetail,Deposits,Adjustments,ProfitAmnt,Profit%,InvDate,CorpCustID,OrderNumber,,,,,,,
Footer,8870340,C,"3","3","0","0","6","194",".50","421.92",".00","421.92","0",".00","421.92","758.15",".00",".00",".00",".00",8/19/2010,54835,7299024,,,,,,,
