RecType,InvNum,Type,OrderNumber,InvoiceDate,DBA,CustomerNumber,CustomerName,CustAddr1,CustAddr2,City,State,ZipCode,PhoneNumber,Whse,Trip,Terms,D/CFlag,TermsMsg,CorpCustID,CoverSheet,OrdEntryDate,ChainCode,ApplyTo#,PO#,,,,,,
Header,8870334,A,7298920,8/19/2010,1,54835,"WHOLE FDS COOP-DULUTH","610 EAST 4TH STREET","","DULUTH","MN","558050000","218-728-0884",8,"412",7,0,"NET 21 DAYS",54835,3878052,8/18/2010,"CMW",0,"LN2470791-04",,,,,,
RecType,InvNum,Type,UPC,ProductID,QuantityShipped,Unit,Size,Brand,Description,RegularSRP,Status,NetPricePerUnit,ExtendedPrice,SaleSRP,RegPricePerUnit,CustomerID,PriceOrigin,QuantityOrdered,Taxable,LB flag,CW flag,CW2,CNF_RegSRP,CNF_SpcSRP,CorpCustID,CorpProdID,OrderNumber,InvoiceDate,Servings,
Detail,8870334,B,031493-776370,0161521,"1","CS","8 PK","RUDI'S","BUNS,OG,HAMBURGER,WHEAT","4.55",,"2.677","18.74",".00","2.677",54835,"","1",0,"N","N",".00","","",54835,16152,7298920,8/19/2010,7,
Detail,8870334,B,031493-021609,0775759,"1","CS","22 OZ","RUDI'S","BRD,OG,100% WHOLE WHEAT","4.55",,"2.131","17.05","4.55","2.678",54835,"PRO 20","1",0,"N","N",".00","","",54835,77575,7298920,8/19/2010,8,
Detail,8870334,B,031493-828888,0940338,"1","CS","22 OZ","RUDI'S","BRD,OG,OAT,MULTIGRAIN","4.55",,"2.131","17.05","4.55","2.678",54835,"PRO 20","1",0,"N","N",".00","","",54835,94033,7298920,8/19/2010,8,
RecType,InvNum,Type,NumGroceryItems,NumRefrigItems,NumRepackItems,NumFrozenItems,TotalPcs,TotalWt,TotalCubes,NonSpecial,Special,GrossTotal,VolDiscnt,Discount,NetTotal,TotalRetail,Deposits,Adjustments,ProfitAmnt,Profit%,InvDate,CorpCustID,OrderNumber,,,,,,,
Footer,8870334,C,"0","0","0","3","3","33",".31","18.74","34.10","52.84","0",".00","52.84","104.65",".00",".00",".00",".00",8/19/2010,54835,7298920,,,,,,,
