RecType,InvNum,Type,OrderNumber,InvoiceDate,DBA,CustomerNumber,CustomerName,CustAddr1,CustAddr2,City,State,ZipCode,PhoneNumber,Whse,Trip,Terms,D/CFlag,TermsMsg,CorpCustID,CoverSheet,OrdEntryDate,ChainCode,ApplyTo#,PO#,,,,,,
Header,8870326,A,7298398,8/19/2010,1,54835,"WHOLE FDS COOP-DULUTH","610 EAST 4TH STREET","","DULUTH","MN","558050000","218-728-0884",8,"412",7,0,"NET 21 DAYS",54835,3878052,8/18/2010,"CMW",0,"LN2470723-05",,,,,,
RecType,InvNum,Type,UPC,ProductID,QuantityShipped,Unit,Size,Brand,Description,RegularSRP,Status,NetPricePerUnit,ExtendedPrice,SaleSRP,RegPricePerUnit,CustomerID,PriceOrigin,QuantityOrdered,Taxable,LB flag,CW flag,CW2,CNF_RegSRP,CNF_SpcSRP,CorpCustID,CorpProdID,OrderNumber,InvoiceDate,Servings,
Detail,8870326,B,043192-315507,0280636,"1","CS","16 OZ","NANCYS","COTTAGE CHEESE,OG,LF","5.29",,"2.767","16.60",".00","2.767",54835,"","1",0,"N","N",".00","","",54835,28063,7298398,8/19/2010,6,
Detail,8870326,B,054319-000046,0431981,"1","CS","32 OZ","SEVEN","YOGURT,OG,PLAIN,LOWFT","4.25",,"2.567","15.40",".00","2.567",54835,"","1",0,"N","N",".00","","",54835,43198,7298398,8/19/2010,6,
RecType,InvNum,Type,NumGroceryItems,NumRefrigItems,NumRepackItems,NumFrozenItems,TotalPcs,TotalWt,TotalCubes,NonSpecial,Special,GrossTotal,VolDiscnt,Discount,NetTotal,TotalRetail,Deposits,Adjustments,ProfitAmnt,Profit%,InvDate,CorpCustID,OrderNumber,,,,,,,
Footer,8870326,C,"0","2","0","0","2","20",".07","32.00",".00","32.00","0",".00","32.00","57.24",".00",".00",".00",".00",8/19/2010,54835,7298398,,,,,,,
