RecType,InvNum,Type,OrderNumber,InvoiceDate,DBA,CustomerNumber,CustomerName,CustAddr1,CustAddr2,City,State,ZipCode,PhoneNumber,Whse,Trip,Terms,D/CFlag,TermsMsg,CorpCustID,CoverSheet,OrdEntryDate,ChainCode,ApplyTo#,PO#,,,,,,
Header,8870336,A,7299019,8/19/2010,1,54835,"WHOLE FDS COOP-DULUTH","610 EAST 4TH STREET","","DULUTH","MN","558050000","218-728-0884",8,"412",7,0,"NET 21 DAYS",54835,3878052,8/18/2010,"CMW",0,"LN2470806-16",,,,,,
RecType,InvNum,Type,UPC,ProductID,QuantityShipped,Unit,Size,Brand,Description,RegularSRP,Status,NetPricePerUnit,ExtendedPrice,SaleSRP,RegPricePerUnit,CustomerID,PriceOrigin,QuantityOrdered,Taxable,LB flag,CW flag,CW2,CNF_RegSRP,CNF_SpcSRP,CorpCustID,CorpProdID,OrderNumber,InvoiceDate,Servings,
Detail,8870336,B,026938-483333,0483339,"1","CS","#","BULK D","WHTBERRIES,OG,HD/RD,SPRG","1.29",,".736","18.40",".00",".736",54835,"","1",0,"N","N",".00","","",54835,48333,7299019,8/19/2010,25,
Detail,8870336,B,026938-574000,0574004,"1","CS","#","BULK H","BEANS,OG,ADZUKI","2.75",,"1.570","39.24",".00","1.570",54835,"","1",0,"N","N",".00","","",54835,57400,7299019,8/19/2010,25,
Detail,8870336,B,026938-482831,0482836,"1","CS","#","GREATR","FLOUR,OG,SPELT,WHOLE GRN","1.89",,"1.085","27.12",".00","1.085",54835,"","1",0,"N","N",".00","","",54835,48283,7299019,8/19/2010,25,
Detail,8870336,B,026938-326296,0326298,"0","CS","#","BULK H","BEANS,OG,BLACK,TURTLE,USA",".00",OUT,".000",".00",".00",".000",54835,"PRO  6","2",0,"N","N",".00","","",54835,32629,7299019,8/19/2010,25,
Detail,8870336,B,075779-368255,0936872,"0","CS","#","FLCYSL","SUGAR,NATURAL CANE",".00",OUT,".000",".00",".00",".000",54835,"","2",0,"N","N",".00","","",54835,93687,7299019,8/19/2010,25,
Detail,8870336,B,026938-768096,0768093,"0","CS","#","WHLSOM","SUGAR,OG,FT,CANE",".00",OUT,".000",".00",".00",".000",54835,"","1",0,"N","N",".00","","",54835,76809,7299019,8/19/2010,25,
RecType,InvNum,Type,NumGroceryItems,NumRefrigItems,NumRepackItems,NumFrozenItems,TotalPcs,TotalWt,TotalCubes,NonSpecial,Special,GrossTotal,VolDiscnt,Discount,NetTotal,TotalRetail,Deposits,Adjustments,ProfitAmnt,Profit%,InvDate,CorpCustID,OrderNumber,,,,,,,
Footer,8870336,C,"3","0","0","0","3","76",".21","84.76",".00","84.76","0",".00","84.76","148.25",".00",".00",".00",".00",8/19/2010,54835,7299019,,,,,,,
