RecType,InvNum,Type,OrderNumber,InvoiceDate,DBA,CustomerNumber,CustomerName,CustAddr1,CustAddr2,City,State,ZipCode,PhoneNumber,Whse,Trip,Terms,D/CFlag,TermsMsg,CorpCustID,CoverSheet,OrdEntryDate,ChainCode,ApplyTo#,PO#,,,,,,
Header,8207041,A,6700716,5/8/2010,1,54835,"WHOLE FOODS COMMUNITY COO","610 EAST 4TH STREET","","DULUTH","MN","558050000","218-728-0884",8,"642",7,0,"NET 21 DAYS",54835,3608993,5/7/2010,"CMW",0,"LN2279156-03",,,,,,
RecType,InvNum,Type,UPC,ProductID,QuantityShipped,Unit,Size,Brand,Description,RegularSRP,Status,NetPricePerUnit,ExtendedPrice,SaleSRP,RegPricePerUnit,CustomerID,PriceOrigin,QuantityOrdered,Taxable,LB flag,CW flag,CW2,CNF_RegSRP,CNF_SpcSRP,CorpCustID,CorpProdID,OrderNumber,InvoiceDate,Servings,
Detail,8207041,B,026938-462734,0462739,"1","LB","5 #","BRUNKW","CHEDDAR,COLORED","6.49",,"3.400","16.83",".00","3.400",54835,"","1",0,"N","Y","4.95","","",54835,46273,6700716,5/8/2010,1,
Detail,8207041,B,026938-462277,0462275,"2","LB","5 #","BRUNKW","CHEDDAR,YELLOW,MED","6.99",,"3.660","36.97",".00","3.660",54835,"","2",0,"N","Y","10.10","","",54835,46227,6700716,5/8/2010,1,
Detail,8207041,B,026938-462895,0462895,"1","LB","5 #","BRUNKW","CHEDDR,MILD WHITE RM","6.79",,"3.550","17.75",".00","3.550",54835,"","1",0,"N","Y","5.00","","",54835,46289,6700716,5/8/2010,1,
Detail,8207041,B,026938-468514,0468512,"1","CS","1 #","CEDARG","CHEDDAR,OG,MILD WHITE","9.65",,"5.046","40.37",".00","5.046",54835,"","1",0,"N","N",".00","","",54835,46851,6700716,5/8/2010,8,
Detail,8207041,B,045296-191018,0260596,"1","CS","8 OZ","LISANT","ALMOND CHEESE,CHEDDAR","4.35",,"2.275","27.30",".00","2.275",54835,"","1",0,"N","N",".00","","",54835,26059,6700716,5/8/2010,12,
Detail,8207041,B,079004-100023,0493551,"1","CS","8 OZ","MTSTRL","CHEDDAR,GOAT,RAW","6.59",,"3.447","41.36",".00","3.447",54835,"","1",0,"N","N",".00","","",54835,49355,6700716,5/8/2010,12,
Detail,8207041,B,093966-472080,0598284,"1","CS","6 OZ","OGVAL","4-CHS ITAL BLND,OG,SHRED","5.69",,"2.555","30.66","5.69","2.979",54835,"PRO 13","1",0,"N","N",".00","","",54835,59828,6700716,5/8/2010,12,
Detail,8207041,B,093966-113204,0198408,"1","CS","8 OZ","OGVAL","CHEDDAR,OG,SHARP,RAW","6.35",,"3.333","40.00",".00","3.333",54835,"","1",0,"N","N",".00","","",54835,19840,6700716,5/8/2010,12,
Detail,8207041,B,093966-002270,0728840,"2","CS","6 OZ","OGVAL","MEXICAN CHEESE,OG,SHRED","5.69",,"2.555","61.32","5.69","2.979",54835,"PRO 13","2",0,"N","N",".00","","",54835,72884,6700716,5/8/2010,12,
Detail,8207041,B,093966-253702,0122705,"1","CS","8 OZ","OGVAL","MOZZARELLA,OG,PART SKIM","6.15",,"3.223","38.67",".00","3.223",54835,"","1",0,"N","N",".00","","",54835,12270,6700716,5/8/2010,12,
Detail,8207041,B,093966-000054,0602441,"2","CS","1 OZ","OGVAL","STRINGLES,OG",".85",,".443","21.26",".00",".443",54835,"","2",0,"N","N",".00","","",54835,60244,6700716,5/8/2010,24,
Detail,8207041,B,026938-505998,0505990,"1","LB","7 #","SWSVAL","SWISS,GRADE A","5.35",,"2.800","19.71",".00","2.800",54835,"","1",0,"N","Y","7.04","","",54835,50599,6700716,5/8/2010,1,
Detail,8207041,B,020188-050253,0327270,"1","CS","8 OZ","TOFUTI","BTR THN CRM CHESE,NON-HYD","3.85",,"1.494","17.93","3.85","1.993",54835,"PRO 25","1",0,"N","N",".00","","",54835,32727,6700716,5/8/2010,12,
RecType,InvNum,Type,NumGroceryItems,NumRefrigItems,NumRepackItems,NumFrozenItems,TotalPcs,TotalWt,TotalCubes,NonSpecial,Special,GrossTotal,VolDiscnt,Discount,NetTotal,TotalRetail,Deposits,Adjustments,ProfitAmnt,Profit%,InvDate,CorpCustID,OrderNumber,,,,,,,
Footer,8207041,C,"0","16","0","0","16","86",".29","300.22","109.91","410.13","0",".00","410.13","824.66",".00",".00",".00",".00",5/8/2010,54835,6700716,,,,,,,
