RecType,InvNum,Type,OrderNumber,InvoiceDate,DBA,CustomerNumber,CustomerName,CustAddr1,CustAddr2,City,State,ZipCode,PhoneNumber,Whse,Trip,Terms,D/CFlag,TermsMsg,CorpCustID,CoverSheet,OrdEntryDate,ChainCode,ApplyTo#,PO#,,,,,,
Header,8207059,A,6701892,5/8/2010,1,54835,"WHOLE FOODS COMMUNITY COO","610 EAST 4TH STREET","","DULUTH","MN","558050000","218-728-0884",8,"642",7,0,"NET 21 DAYS",54835,3608993,5/7/2010,"CMW",0,"",,,,,,
RecType,InvNum,Type,UPC,ProductID,QuantityShipped,Unit,Size,Brand,Description,RegularSRP,Status,NetPricePerUnit,ExtendedPrice,SaleSRP,RegPricePerUnit,CustomerID,PriceOrigin,QuantityOrdered,Taxable,LB flag,CW flag,CW2,CNF_RegSRP,CNF_SpcSRP,CorpCustID,CorpProdID,OrderNumber,InvoiceDate,Servings,
Detail,8207059,B,089836-002815,0298398,"1","EA","#","FRNTHB","OREGANO LEAF C/S,OG","24.69",,"9.090","9.09",".00","9.090",54835,"","1",0,"N","N",".00","","",54835,29839,6701892,5/8/2010,1,
Detail,8207059,B,026938-899806,0899807,"1","","EA","","TOTES CHARGE",".00",,".000",".00",".00",".000",54835,"NO CHG","1",0,"","",".00","N","",54835,89980,6701892,5/8/2010,1,
Footer,8207059,C,"0","0","1","0","1","7",".15","9.09",".00","9.09","0",".00","9.09","24.69",".00",".00",".00",".00",5/8/2010,54835,6701892,,,,,,,
