RecType,InvNum,Type,OrderNumber,InvoiceDate,DBA,CustomerNumber,CustomerName,CustAddr1,CustAddr2,City,State,ZipCode,PhoneNumber,Whse,Trip,Terms,D/CFlag,TermsMsg,CorpCustID,CoverSheet,OrdEntryDate,ChainCode,ApplyTo#,PO#,,,,,,
Header,8207056,A,6701081,5/8/2010,1,54835,"WHOLE FOODS COMMUNITY COO","610 EAST 4TH STREET","","DULUTH","MN","558050000","218-728-0884",8,"642",7,0,"NET 21 DAYS",54835,3608993,5/7/2010,"CMW",0,"LN2279212-21",,,,,,
RecType,InvNum,Type,UPC,ProductID,QuantityShipped,Unit,Size,Brand,Description,RegularSRP,Status,NetPricePerUnit,ExtendedPrice,SaleSRP,RegPricePerUnit,CustomerID,PriceOrigin,QuantityOrdered,Taxable,LB flag,CW flag,CW2,CNF_RegSRP,CNF_SpcSRP,CorpCustID,CorpProdID,OrderNumber,InvoiceDate,Servings,
Detail,8207056,B,089836-008107,0311829,"1","EA","#","FRNTHB","BURDOCK ROOT,OG,C/S","21.99",,"8.090","8.09",".00","8.090",54835,"","1",0,"N","N",".00","","",54835,31182,6701081,5/8/2010,1,
Detail,8207056,B,089836-026507,0478271,"1","EA","#","FRNTHB","CURRY POWDER,OG","19.75",,"7.270","7.27",".00","7.270",54835,"","1",0,"N","N",".00","","",54835,47827,6701081,5/8/2010,1,
Detail,8207056,B,089836-003522,0298356,"1","EA","#","FRNTHB","GARLIC POWDER,OG","15.45",,"5.690","5.69",".00","5.690",54835,"","1",0,"N","N",".00","","",54835,29835,6701081,5/8/2010,1,
Detail,8207056,B,089836-005946,0311928,"1","EA","#","FRNTHB","LAVENDER FLOWERS WHOLE","31.45",,"11.580","11.58",".00","11.580",54835,"","1",0,"N","N",".00","","",54835,31192,6701081,5/8/2010,1,
Detail,8207056,B,089836-002945,0311548,"1","EA","#","FRNTHB","MUSTARD SEED,OG,YEL,GRND","11.15",,"4.110","4.11",".00","4.110",54835,"","1",0,"N","N",".00","","",54835,31154,6701081,5/8/2010,1,
Detail,8207056,B,089836-003430,0311449,"1","EA","#","FRNTHB","MUSTARD SEED,OG,YEL,WHL","10.39",,"3.820","3.82",".00","3.820",54835,"","1",0,"N","N",".00","","",54835,31144,6701081,5/8/2010,1,
Detail,8207056,B,089836-001764,0397281,"1","EA","#","FRNTHB","PAPRIKA,HUNGARIAN,GROUND","18.59",,"6.850","6.85",".00","6.850",54835,"","1",0,"N","N",".00","","",54835,39728,6701081,5/8/2010,1,
Detail,8207056,B,089836-029881,0740407,"1","EA","#","FRNTHB","PAPRIKA,OG,SMOKED","26.85",,"9.890","9.89",".00","9.890",54835,"","1",0,"N","N",".00","","",54835,74040,6701081,5/8/2010,1,
Detail,8207056,B,089836-003331,0491464,"1","CS","#","FRNTHB","SEA SALT,COARSE","2.19",,"1.272","6.36",".00","1.272",54835,"","1",0,"N","N",".00","","",54835,49146,6701081,5/8/2010,5,
Detail,8207056,B,089836-001252,0379388,"1","EA","#","FRNTHB","CHILI POWDER FIESTA","14.95",,"5.490","5.49",".00","5.490",54835,"","1",0,"N","N",".00","","",54835,37938,6701081,5/8/2010,1,
Detail,8207056,B,089836-010674,0551713,"1","EA","#","FRNTHB","TEA,OG,FT,CEYLON","33.69",,"12.410","12.41",".00","12.410",54835,"","1",0,"N","N",".00","","",54835,55171,6701081,5/8/2010,1,
Detail,8207056,B,026938-899806,0899807,"1","","EA","","TOTES CHARGE",".00",,".000",".00",".00",".000",54835,"NO CHG","1",0,"","",".00","N","",54835,89980,6701081,5/8/2010,1,
Detail,8207056,B,089836-026491,0546556,"0","EA","#","FRNTHB","ITALIAN SEASONING,OG,WHL",".00",OUT,".000",".00",".00",".000",54835,"","1",0,"N","N",".00","","",54835,54655,6701081,5/8/2010,1,
RecType,InvNum,Type,NumGroceryItems,NumRefrigItems,NumRepackItems,NumFrozenItems,TotalPcs,TotalWt,TotalCubes,NonSpecial,Special,GrossTotal,VolDiscnt,Discount,NetTotal,TotalRetail,Deposits,Adjustments,ProfitAmnt,Profit%,InvDate,CorpCustID,OrderNumber,,,,,,,
Footer,8207056,C,"0","0","1","0","1","22",".21","81.56",".00","81.56","0",".00","81.56","215.21",".00",".00",".00",".00",5/8/2010,54835,6701081,,,,,,,
