RecType,InvNum,Type,OrderNumber,InvoiceDate,DBA,CustomerNumber,CustomerName,CustAddr1,CustAddr2,City,State,ZipCode,PhoneNumber,Whse,Trip,Terms,D/CFlag,TermsMsg,CorpCustID,CoverSheet,OrdEntryDate,ChainCode,ApplyTo#,PO#,,,,,,
Header,8491503,A,6955706,6/22/2010,1,54835,"WHOLE FDS COOP-DULUTH","610 EAST 4TH STREET","","DULUTH","MN","558050000","218-728-0884",8,"247",7,0,"NET 21 DAYS",54835,3724510,6/21/2010,"CMW",0,"LN2360861-12",,,,,,
RecType,InvNum,Type,UPC,ProductID,QuantityShipped,Unit,Size,Brand,Description,RegularSRP,Status,NetPricePerUnit,ExtendedPrice,SaleSRP,RegPricePerUnit,CustomerID,PriceOrigin,QuantityOrdered,Taxable,LB flag,CW flag,CW2,CNF_RegSRP,CNF_SpcSRP,CorpCustID,CorpProdID,OrderNumber,InvoiceDate,Servings,
Detail,8491503,B,025317-530002,0274159,"1","CS","12 OZ","APLEGT","HOT DOG,BEEF,ANTIBTC FREE","4.85",,"2.852","34.22",".00","2.852",54835,"","1",0,"N","N",".00","","",54835,27415,6955706,6/22/2010,12,
Detail,8491503,B,025317-005968,0818419,"1","CS","8 OZ","APLEGT","SAUSAGE,CHKN/MPL ABF RTE","5.99",,"3.523","42.27",".00","3.523",54835,"","1",0,"N","N",".00","","",54835,81841,6955706,6/22/2010,12,
Detail,8491503,B,754570-252504,0917237,"1","CS","1 #","ARCTIC","POLLOCK,ALASKAN FILLETS","3.05",,"1.772","21.26",".00","1.772",54835,"","1",0,"N","N",".00","","",54835,91723,6955706,6/22/2010,12,
Detail,8491503,B,048481-009815,0273102,"1","CS","12 OZ","SHLTON","TURKEY BREAKFAST SAUSAGE","5.75",,"3.380","20.28",".00","3.380",54835,"","1",0,"N","N",".00","","",54835,27310,6955706,6/22/2010,6,
Detail,8491503,B,048481-009907,0511089,"0","CS","12 OZ","SHLTON","TURKEY FRANKS,SMOKED",".00",OUT,".000",".00",".00",".000",54835,"","1",0,"N","N",".00","","",54835,51108,6955706,6/22/2010,6,
RecType,InvNum,Type,NumGroceryItems,NumRefrigItems,NumRepackItems,NumFrozenItems,TotalPcs,TotalWt,TotalCubes,NonSpecial,Special,GrossTotal,VolDiscnt,Discount,NetTotal,TotalRetail,Deposits,Adjustments,ProfitAmnt,Profit%,InvDate,CorpCustID,OrderNumber,,,,,,,
Footer,8491503,C,"0","0","0","4","4","33",".18","118.03",".00","118.03","0",".00","118.03","201.18",".00",".00",".00",".00",6/22/2010,54835,6955706,,,,,,,
