RecType,InvNum,Type,OrderNumber,InvoiceDate,DBA,CustomerNumber,CustomerName,CustAddr1,CustAddr2,City,State,ZipCode,PhoneNumber,Whse,Trip,Terms,D/CFlag,TermsMsg,CorpCustID,CoverSheet,OrdEntryDate,ChainCode,ApplyTo#,PO#,,,,,,
Header,8491501,A,6955704,6/22/2010,1,54835,"WHOLE FDS COOP-DULUTH","610 EAST 4TH STREET","","DULUTH","MN","558050000","218-728-0884",8,"247",7,0,"NET 21 DAYS",54835,3724510,6/21/2010,"CMW",0,"LN2360861-08",,,,,,
RecType,InvNum,Type,UPC,ProductID,QuantityShipped,Unit,Size,Brand,Description,RegularSRP,Status,NetPricePerUnit,ExtendedPrice,SaleSRP,RegPricePerUnit,CustomerID,PriceOrigin,QuantityOrdered,Taxable,LB flag,CW flag,CW2,CNF_RegSRP,CNF_SpcSRP,CorpCustID,CorpProdID,OrderNumber,InvoiceDate,Servings,
Detail,8491501,B,042272-000715,0188862,"2","CS","6 OZ","AMY'S","BURRITO,OG,BEAN/RICE/CHS","2.69",,"1.662","39.88",".00","1.662",54835,"","2",0,"N","N",".00","","",54835,18886,6955704,6/22/2010,12,
Detail,8491501,B,021908-965161,0223545,"1","CS","12 OZ","CSCADE","FRZN JCE,OG,ORANGE","4.29",,"2.668","32.02",".00","2.668",54835,"","1",0,"N","N",".00","","",54835,22354,6955704,6/22/2010,12,
Detail,8491501,B,073472-003701,0763151,"1","CS","10 OZ","FDLIFE","TORTILLAS,OG,SPRT CRN,G/F","3.15",,"1.606","19.27","3.15","1.837",54835,"M 15","1",0,"N","N",".00","","",54835,76315,6955704,6/22/2010,12,
RecType,InvNum,Type,NumGroceryItems,NumRefrigItems,NumRepackItems,NumFrozenItems,TotalPcs,TotalWt,TotalCubes,NonSpecial,Special,GrossTotal,VolDiscnt,Discount,NetTotal,TotalRetail,Deposits,Adjustments,ProfitAmnt,Profit%,InvDate,CorpCustID,OrderNumber,,,,,,,
Footer,8491501,C,"0","0","0","4","4","34",".10","71.90","19.27","91.17","0",".00","91.17","153.84",".00",".00",".00",".00",6/22/2010,54835,6955704,,,,,,,
