RecType,InvNum,Type,OrderNumber,InvoiceDate,DBA,CustomerNumber,CustomerName,CustAddr1,CustAddr2,City,State,ZipCode,PhoneNumber,Whse,Trip,Terms,D/CFlag,TermsMsg,CorpCustID,CoverSheet,OrdEntryDate,ChainCode,ApplyTo#,PO#,,,,,,
Header,8491500,A,6955703,6/22/2010,1,54835,"WHOLE FDS COOP-DULUTH","610 EAST 4TH STREET","","DULUTH","MN","558050000","218-728-0884",8,"247",7,0,"NET 21 DAYS",54835,3724510,6/21/2010,"CMW",0,"LN2360861-06",,,,,,
RecType,InvNum,Type,UPC,ProductID,QuantityShipped,Unit,Size,Brand,Description,RegularSRP,Status,NetPricePerUnit,ExtendedPrice,SaleSRP,RegPricePerUnit,CustomerID,PriceOrigin,QuantityOrdered,Taxable,LB flag,CW flag,CW2,CNF_RegSRP,CNF_SpcSRP,CorpCustID,CorpProdID,OrderNumber,InvoiceDate,Servings,
Detail,8491500,B,041570-056257,0540591,"5","CS","64 OZ","BLUE-D","ALMOND BREEZE,CHOCOLATE","3.49",,"2.075","62.25","3.49","2.600",54835,"PRO 20","5",0,"N","N",".00","","",54835,54059,6955703,6/22/2010,6,
Detail,8491500,B,041570-056172,0540617,"1","CS","64 OZ","BLUE-D","ALMOND BREEZE,ORIGINAL","3.49",,"2.075","12.45","3.49","2.600",54835,"PRO 20","1",0,"N","N",".00","","",54835,54061,6955703,6/22/2010,6,
Detail,8491500,B,041570-056219,0540658,"6","CS","64 OZ","BLUE-D","ALMOND BREEZE,VANILLA","3.49",,"2.075","74.70","3.49","2.600",54835,"PRO 20","6",0,"N","N",".00","","",54835,54065,6955703,6/22/2010,6,
RecType,InvNum,Type,NumGroceryItems,NumRefrigItems,NumRepackItems,NumFrozenItems,TotalPcs,TotalWt,TotalCubes,NonSpecial,Special,GrossTotal,VolDiscnt,Discount,NetTotal,TotalRetail,Deposits,Adjustments,ProfitAmnt,Profit%,InvDate,CorpCustID,OrderNumber,,,,,,,
Footer,8491500,C,"0","12","0","0","12","330",".70",".00","149.40","149.40","0",".00","149.40","251.28",".00",".00",".00",".00",6/22/2010,54835,6955703,,,,,,,
