RecType,InvNum,Type,OrderNumber,InvoiceDate,DBA,CustomerNumber,CustomerName,CustAddr1,CustAddr2,City,State,ZipCode,PhoneNumber,Whse,Trip,Terms,D/CFlag,TermsMsg,CorpCustID,CoverSheet,OrdEntryDate,ChainCode,ApplyTo#,PO#,,,,,,
Header,8491506,A,6956288,6/22/2010,1,54835,"WHOLE FDS COOP-DULUTH","610 EAST 4TH STREET","","DULUTH","MN","558050000","218-728-0884",8,"247",7,0,"NET 21 DAYS",54835,3724510,6/21/2010,"CMW",0,"LN2360920-01",,,,,,
RecType,InvNum,Type,UPC,ProductID,QuantityShipped,Unit,Size,Brand,Description,RegularSRP,Status,NetPricePerUnit,ExtendedPrice,SaleSRP,RegPricePerUnit,CustomerID,PriceOrigin,QuantityOrdered,Taxable,LB flag,CW flag,CW2,CNF_RegSRP,CNF_SpcSRP,CorpCustID,CorpProdID,OrderNumber,InvoiceDate,Servings,
Detail,8491506,B,026938-468651,0468652,"1","CS","1 #","CEDARG","MONTEREY JACK,OG","9.65",,"5.046","40.37",".00","5.046",54835,"","1",0,"N","N",".00","","",54835,46865,6956288,6/22/2010,8,
Detail,8491506,B,871459-000015,0194357,"1","CS","8 OZ","DAIYA","SHREDS,MOZZARELLA STYLE","5.75",,"2.586","31.03","5.75","2.991",54835,"M 15","1",0,"N","N",".00","","",54835,19435,6956288,6/22/2010,12,
Detail,8491506,B,049568-520100,0477091,"1","CS","10 OZ","FOLLOW","MOZZARELLA VEGAN CHEESE","5.15",,"2.685","32.22",".00","2.685",54835,"","1",0,"N","N",".00","","",54835,47709,6956288,6/22/2010,12,
Detail,8491506,B,079004-100023,0493551,"1","CS","8 OZ","MTSTRL","CHEDDAR,GOAT,RAW","6.59",,"3.447","41.36",".00","3.447",54835,"","1",0,"N","N",".00","","",54835,49355,6956288,6/22/2010,12,
Detail,8491506,B,079004-100030,0493619,"1","EA","8 OZ","MTSTRL","MONTEREY JACK","6.55",,"3.414","40.97",".00","3.414",54835,"","1",0,"N","N",".00","","",54835,49361,6956288,6/22/2010,12,
Detail,8491506,B,026938-505998,0505990,"1","LB","7 #","SWSVAL","SWISS,GRADE A","4.95",,"2.600","20.02",".00","2.600",54835,"","1",0,"N","Y","7.70","","",54835,50599,6956288,6/22/2010,1,
RecType,InvNum,Type,NumGroceryItems,NumRefrigItems,NumRepackItems,NumFrozenItems,TotalPcs,TotalWt,TotalCubes,NonSpecial,Special,GrossTotal,VolDiscnt,Discount,NetTotal,TotalRetail,Deposits,Adjustments,ProfitAmnt,Profit%,InvDate,CorpCustID,OrderNumber,,,,,,,
Footer,8491506,C,"0","6","0","0","6","42",".11","174.94","31.03","205.97","0",".00","205.97","403.80",".00",".00",".00",".00",6/22/2010,54835,6956288,,,,,,,
