RecType,InvNum,Type,OrderNumber,InvoiceDate,DBA,CustomerNumber,CustomerName,CustAddr1,CustAddr2,City,State,ZipCode,PhoneNumber,Whse,Trip,Terms,D/CFlag,TermsMsg,CorpCustID,CoverSheet,OrdEntryDate,ChainCode,ApplyTo#,PO#,,,,,,
Header,8146325,A,6644228,4/29/2010,1,54835,"WHOLE FOODS COMMUNITY COO","610 EAST 4TH STREET","","DULUTH","MN","558050000","218-728-0884",8,"412",7,0,"NET 21 DAYS",54835,3583555,4/28/2010,"CMW",0,"LN2261306-03",,,,,,
RecType,InvNum,Type,UPC,ProductID,QuantityShipped,Unit,Size,Brand,Description,RegularSRP,Status,NetPricePerUnit,ExtendedPrice,SaleSRP,RegPricePerUnit,CustomerID,PriceOrigin,QuantityOrdered,Taxable,LB flag,CW flag,CW2,CNF_RegSRP,CNF_SpcSRP,CorpCustID,CorpProdID,OrderNumber,InvoiceDate,Servings,
Detail,8146325,B,018787-762653,0300897,"1","EA","GAL","DR B'S","CASTILE LIQ SP,OG,MILD","49.85",,"26.160","26.16",".00","26.160",54835,"","1",0,"N","N",".00","","",54835,30089,6644228,4/29/2010,1,
Detail,8146325,B,046985-018104,0773218,"6","EA","4 OZ","QUANTM","BUZZ AWAY EXTREME SPRAY","9.49",,"4.180","25.08","9.49","4.970",54835,"PRO 15","6",0,"N","N",".00","","",54835,77321,6644228,4/29/2010,1,
Detail,8146325,B,046985-016216,0899823,"6","EA","2 OZ","QUANTM","BUZZ AWAY EXTREME SQUEEZE","6.65",,"2.920","17.52","6.65","3.480",54835,"PRO 15","6",0,"N","N",".00","","",54835,89982,6644228,4/29/2010,1,
Detail,8146325,B,046985-016575,0398933,"6","EA","2.6 OZ","QUANTM","BUZZ AWAY EXTRM TOWELETTE","9.49",,"4.520","27.12","9.49","4.970",54835,"M 10","6",0,"N","N",".00","","",54835,39893,6644228,4/29/2010,1,
Detail,8146325,B,026938-899806,0899807,"1","","EA","","TOTES CHARGE",".00",,".000",".00",".00",".000",54835,"NO CHG","1",0,"","",".00","N","",54835,89980,6644228,4/29/2010,1,
Detail,8146325,B,018787-772324,0329318,"0","EA","32 OZ","DR B'S","CASTILE SOAP,OG,BABY MILD",".00",OUT,".000",".00",".00",".000",54835,"PRO 20","1",0,"N","N",".00","","",54835,32931,6644228,4/29/2010,1,
Detail,8146325,B,028367-828235,0227801,"0","EA","4 OZ","KISS","BAR SOAP,OLIVE & HONEY",".00",OUT,".000",".00",".00",".000",54835,"","8",0,"N","N",".00","","",54835,22780,6644228,4/29/2010,1,
RecType,InvNum,Type,NumGroceryItems,NumRefrigItems,NumRepackItems,NumFrozenItems,TotalPcs,TotalWt,TotalCubes,NonSpecial,Special,GrossTotal,VolDiscnt,Discount,NetTotal,TotalRetail,Deposits,Adjustments,ProfitAmnt,Profit%,InvDate,CorpCustID,OrderNumber,,,,,,,
Footer,8146325,C,"0","0","1","0","1","21",".19","26.16","69.72","95.88","0",".00","95.88","203.63",".00",".00",".00",".00",4/29/2010,54835,6644228,,,,,,,
