RecType,InvNum,Type,OrderNumber,InvoiceDate,DBA,CustomerNumber,CustomerName,CustAddr1,CustAddr2,City,State,ZipCode,PhoneNumber,Whse,Trip,Terms,D/CFlag,TermsMsg,CorpCustID,CoverSheet,OrdEntryDate,ChainCode,ApplyTo#,PO#,,,,,,
Header,8146316,A,6643824,4/29/2010,1,54835,"WHOLE FOODS COMMUNITY COO","610 EAST 4TH STREET","","DULUTH","MN","558050000","218-728-0884",8,"412",7,0,"NET 21 DAYS",54835,3583555,4/28/2010,"CMW",0,"LN2261263-03",,,,,,
RecType,InvNum,Type,UPC,ProductID,QuantityShipped,Unit,Size,Brand,Description,RegularSRP,Status,NetPricePerUnit,ExtendedPrice,SaleSRP,RegPricePerUnit,CustomerID,PriceOrigin,QuantityOrdered,Taxable,LB flag,CW flag,CW2,CNF_RegSRP,CNF_SpcSRP,CorpCustID,CorpProdID,OrderNumber,InvoiceDate,Servings,
Detail,8146316,B,093966-130003,0187286,"1","CS","16 OZ","OGVAL","BUTTER,OG,N/S,CULT,STICKS","7.09",,"3.397","50.95","7.09","4.275",54835,"PRO 20","1",0,"N","N",".00","","",54835,18728,6643824,4/29/2010,15,
Detail,8146316,B,093966-330007,0213645,"1","CS","16 OZ","OGVAL","BUTTER,OG,SLTD,STICKS","7.09",,"3.397","50.95","7.09","4.275",54835,"PRO 20","1",0,"N","N",".00","","",54835,21364,6643824,4/29/2010,15,
Detail,8146316,B,750388-201017,0537803,"1","CS","1 LB","WESTBY","BUTTER,rBGH FREE","3.69",,"2.232","80.35",".00","2.232",54835,"","1",0,"N","N",".00","","",54835,53780,6643824,4/29/2010,36,
Detail,8146316,B,026938-683092,0683094,"1","EA","EA","UNFI","UNFI FUEL SURCHARGE","15.09",,"15.000","15.00","16.61","16.610",54835,"PRO  8","1",0,"N","N",".00","","",54835,68309,6643824,4/29/2010,1,
RecType,InvNum,Type,NumGroceryItems,NumRefrigItems,NumRepackItems,NumFrozenItems,TotalPcs,TotalWt,TotalCubes,NonSpecial,Special,GrossTotal,VolDiscnt,Discount,NetTotal,TotalRetail,Deposits,Adjustments,ProfitAmnt,Profit%,InvDate,CorpCustID,OrderNumber,,,,,,,
Footer,8146316,C,"0","3","0","0","3","68",".16","80.35","116.90","197.25","0",".00","197.25","360.63",".00",".00",".00",".00",4/29/2010,54835,6643824,,,,,,,
