RecType,InvNum,Type,OrderNumber,InvoiceDate,DBA,CustomerNumber,CustomerName,CustAddr1,CustAddr2,City,State,ZipCode,PhoneNumber,Whse,Trip,Terms,D/CFlag,TermsMsg,CorpCustID,CoverSheet,OrdEntryDate,ChainCode,ApplyTo#,PO#,,,,,,
Header,8146322,A,6643830,4/29/2010,1,54835,"WHOLE FOODS COMMUNITY COO","610 EAST 4TH STREET","","DULUTH","MN","558050000","218-728-0884",8,"412",7,0,"NET 21 DAYS",54835,3583555,4/28/2010,"CMW",0,"LN2261263-12",,,,,,
RecType,InvNum,Type,UPC,ProductID,QuantityShipped,Unit,Size,Brand,Description,RegularSRP,Status,NetPricePerUnit,ExtendedPrice,SaleSRP,RegPricePerUnit,CustomerID,PriceOrigin,QuantityOrdered,Taxable,LB flag,CW flag,CW2,CNF_RegSRP,CNF_SpcSRP,CorpCustID,CorpProdID,OrderNumber,InvoiceDate,Servings,
Detail,8146322,B,025317-120005,0608687,"1","CS","8 OZ","APLEGT","BACON,TURKEY SLICED,ANTIB","4.29",,"2.523","30.28",".00","2.523",54835,"","1",0,"N","N",".00","","",54835,60868,6643830,4/29/2010,12,
Detail,8146322,B,025317-530002,0274159,"2","CS","12 OZ","APLEGT","HOT DOG,BEEF,ANTIBTC FREE","4.85",,"2.281","54.74","4.85","2.852",54835,"PRO 20","2",0,"N","N",".00","","",54835,27415,6643830,4/29/2010,12,
Detail,8146322,B,812410-000149,0375212,"1","CS","9 OZ","H&LSEA","FILLET,SALMON,W/MARINADE","7.95",,"4.665","27.99",".00","4.665",54835,"","1",0,"N","N",".00","","",54835,37521,6643830,4/29/2010,6,
Detail,8146322,B,048481-009914,0273003,"1","CS","12 OZ","SHLTON","TURKEY FRANKS","3.85",,"2.252","13.51",".00","2.252",54835,"","1",0,"N","N",".00","","",54835,27300,6643830,4/29/2010,6,
Detail,8146322,B,048481-009907,0511089,"1","CS","12 OZ","SHLTON","TURKEY FRANKS,SMOKED","3.79",,"2.232","13.39",".00","2.232",54835,"","1",0,"N","N",".00","","",54835,51108,6643830,4/29/2010,6,
RecType,InvNum,Type,NumGroceryItems,NumRefrigItems,NumRepackItems,NumFrozenItems,TotalPcs,TotalWt,TotalCubes,NonSpecial,Special,GrossTotal,VolDiscnt,Discount,NetTotal,TotalRetail,Deposits,Adjustments,ProfitAmnt,Profit%,InvDate,CorpCustID,OrderNumber,,,,,,,
Footer,8146322,C,"0","0","0","6","6","40",".18","85.17","54.74","139.91","0",".00","139.91","261.42",".00",".00",".00",".00",4/29/2010,54835,6643830,,,,,,,
