RecType,InvNum,Type,OrderNumber,InvoiceDate,DBA,CustomerNumber,CustomerName,CustAddr1,CustAddr2,City,State,ZipCode,PhoneNumber,Whse,Trip,Terms,D/CFlag,TermsMsg,CorpCustID,CoverSheet,OrdEntryDate,ChainCode,ApplyTo#,PO#,,,,,,
Header,8146318,A,6643826,4/29/2010,1,54835,"WHOLE FOODS COMMUNITY COO","610 EAST 4TH STREET","","DULUTH","MN","558050000","218-728-0884",8,"412",7,0,"NET 21 DAYS",54835,3583555,4/28/2010,"CMW",0,"LN2261263-05",,,,,,
RecType,InvNum,Type,UPC,ProductID,QuantityShipped,Unit,Size,Brand,Description,RegularSRP,Status,NetPricePerUnit,ExtendedPrice,SaleSRP,RegPricePerUnit,CustomerID,PriceOrigin,QuantityOrdered,Taxable,LB flag,CW flag,CW2,CNF_RegSRP,CNF_SpcSRP,CorpCustID,CorpProdID,OrderNumber,InvoiceDate,Servings,
Detail,8146318,B,093966-002065,0515577,"1","CS","16 OZ","OGVAL","SOUR CREAM,OG,LOW FAT","3.79",,"2.270","13.62",".00","2.270",54835,"","1",0,"N","N",".00","","",54835,51557,6643826,4/29/2010,6,
Detail,8146318,B,054319-000046,0431981,"1","CS","32 OZ","SEVEN","YOGURT,OG,PLAIN,LOWFT","4.35",,"2.602","15.61",".00","2.602",54835,"","1",0,"N","N",".00","","",54835,43198,6643826,4/29/2010,6,
Detail,8146318,B,795709-030099,0689232,"1","CS","6 OZ","WALABY","YOGURT,OG,NF,STWBRY GUAVA","1.15",,".598","7.18","1.15",".687",54835,"M 15","1",0,"N","N",".00","","",54835,68923,6643826,4/29/2010,12,
RecType,InvNum,Type,NumGroceryItems,NumRefrigItems,NumRepackItems,NumFrozenItems,TotalPcs,TotalWt,TotalCubes,NonSpecial,Special,GrossTotal,VolDiscnt,Discount,NetTotal,TotalRetail,Deposits,Adjustments,ProfitAmnt,Profit%,InvDate,CorpCustID,OrderNumber,,,,,,,
Footer,8146318,C,"0","3","0","0","3","24",".09","29.23","7.18","36.41","0",".00","36.41","62.64",".00",".00",".00",".00",4/29/2010,54835,6643826,,,,,,,
