RecType,InvNum,Type,OrderNumber,InvoiceDate,DBA,CustomerNumber,CustomerName,CustAddr1,CustAddr2,City,State,ZipCode,PhoneNumber,Whse,Trip,Terms,D/CFlag,TermsMsg,CorpCustID,CoverSheet,OrdEntryDate,ChainCode,ApplyTo#,PO#,,,,,,
Header,8146320,A,6643828,4/29/2010,1,54835,"WHOLE FOODS COMMUNITY COO","610 EAST 4TH STREET","","DULUTH","MN","558050000","218-728-0884",8,"412",7,0,"NET 21 DAYS",54835,3583555,4/28/2010,"CMW",0,"LN2261263-08",,,,,,
RecType,InvNum,Type,UPC,ProductID,QuantityShipped,Unit,Size,Brand,Description,RegularSRP,Status,NetPricePerUnit,ExtendedPrice,SaleSRP,RegPricePerUnit,CustomerID,PriceOrigin,QuantityOrdered,Taxable,LB flag,CW flag,CW2,CNF_RegSRP,CNF_SpcSRP,CorpCustID,CorpProdID,OrderNumber,InvoiceDate,Servings,
Detail,8146320,B,021908-504193,0542688,"1","CS","10 OZ","CSCADE","STIR FRY,OG,CHINESE","2.95",,"1.382","16.58","2.95","1.739",54835,"PRO 20","1",0,"N","N",".00","","",54835,54268,6643828,4/29/2010,12,
Detail,8146320,B,895543-001023,0100636,"2","CS","6 CT","SNOMAW","WRAPS,OG,FLOUR W/EVOO","5.05",,"2.590","62.16","5.05","2.956",54835,"M 15","2",0,"N","N",".00","","",54835,10063,6643828,4/29/2010,12,
RecType,InvNum,Type,NumGroceryItems,NumRefrigItems,NumRepackItems,NumFrozenItems,TotalPcs,TotalWt,TotalCubes,NonSpecial,Special,GrossTotal,VolDiscnt,Discount,NetTotal,TotalRetail,Deposits,Adjustments,ProfitAmnt,Profit%,InvDate,CorpCustID,OrderNumber,,,,,,,
Footer,8146320,C,"0","0","0","3","3","31",".14",".00","78.74","78.74","0",".00","78.74","156.60",".00",".00",".00",".00",4/29/2010,54835,6643828,,,,,,,
