RecType,InvNum,Type,OrderNumber,InvoiceDate,DBA,CustomerNumber,CustomerName,CustAddr1,CustAddr2,City,State,ZipCode,PhoneNumber,Whse,Trip,Terms,D/CFlag,TermsMsg,CorpCustID,CoverSheet,OrdEntryDate,ChainCode,ApplyTo#,PO#,,,,,,
Header,8447176,A,6915296,6/15/2010,1,54835,"WHOLE FDS COOP-DULUTH","610 EAST 4TH STREET","","DULUTH","MN","558050000","218-728-0884",8,"247",7,0,"NET 21 DAYS",54835,3706204,6/14/2010,"CMW",0,"LN2348171-05",,,,,,
RecType,InvNum,Type,UPC,ProductID,QuantityShipped,Unit,Size,Brand,Description,RegularSRP,Status,NetPricePerUnit,ExtendedPrice,SaleSRP,RegPricePerUnit,CustomerID,PriceOrigin,QuantityOrdered,Taxable,LB flag,CW flag,CW2,CNF_RegSRP,CNF_SpcSRP,CorpCustID,CorpProdID,OrderNumber,InvoiceDate,Servings,
Detail,8447176,B,854906-000066,0675991,"2","CS","10 OZ","BOSSA","JUICE,ORIGINAL ACAI","2.89",,"2.160","51.84",".00","2.160",54835,"","2",0,"N","N",".00","","",54835,67599,6915296,6/15/2010,12,
Detail,8447176,B,795709-030099,0689232,"1","CS","6 OZ","WALABY","YOGURT,OG,NF,STWBRY GUAVA","1.15",,".687","8.24",".00",".687",54835,"","1",0,"N","N",".00","","",54835,68923,6915296,6/15/2010,12,
RecType,InvNum,Type,NumGroceryItems,NumRefrigItems,NumRepackItems,NumFrozenItems,TotalPcs,TotalWt,TotalCubes,NonSpecial,Special,GrossTotal,VolDiscnt,Discount,NetTotal,TotalRetail,Deposits,Adjustments,ProfitAmnt,Profit%,InvDate,CorpCustID,OrderNumber,,,,,,,
Footer,8447176,C,"0","3","0","0","3","32",".09","60.08",".00","60.08","0",".00","60.08","83.16",".00",".00",".00",".00",6/15/2010,54835,6915296,,,,,,,
