RecType,InvNum,Type,OrderNumber,InvoiceDate,DBA,CustomerNumber,CustomerName,CustAddr1,CustAddr2,City,State,ZipCode,PhoneNumber,Whse,Trip,Terms,D/CFlag,TermsMsg,CorpCustID,CoverSheet,OrdEntryDate,ChainCode,ApplyTo#,PO#,,,,,,
Header,8447185,A,6916364,6/15/2010,1,54835,"WHOLE FDS COOP-DULUTH","610 EAST 4TH STREET","","DULUTH","MN","558050000","218-728-0884",8,"247",7,0,"NET 21 DAYS",54835,3706204,6/14/2010,"CMW",0,"LN2348335-04",,,,,,
RecType,InvNum,Type,UPC,ProductID,QuantityShipped,Unit,Size,Brand,Description,RegularSRP,Status,NetPricePerUnit,ExtendedPrice,SaleSRP,RegPricePerUnit,CustomerID,PriceOrigin,QuantityOrdered,Taxable,LB flag,CW flag,CW2,CNF_RegSRP,CNF_SpcSRP,CorpCustID,CorpProdID,OrderNumber,InvoiceDate,Servings,
Detail,8447185,B,635992-041702,0570564,"3","EA","22.2 OZ","GENSOY","PROTEIN SHAKE,CHOCOLATE","19.65",,"8.840","26.52",".00","8.840",54835,"","3",0,"N","N",".00","","",54835,57056,6916364,6/15/2010,1,
Detail,8447185,B,023542-100434,0541227,"1","EA","300 CAP","KYOLIC","#100 KYOLIC FORMULA","35.85",,"13.950","13.95","35.85","16.130",54835,"M 15","1",0,"N","N",".00","","",54835,54122,6916364,6/15/2010,1,
Detail,8447185,B,026938-899806,0899807,"1","","EA","","TOTES CHARGE",".00",,".000",".00",".00",".000",54835,"NO CHG","1",0,"","",".00","N","",54835,89980,6916364,6/15/2010,1,
RecType,InvNum,Type,NumGroceryItems,NumRefrigItems,NumRepackItems,NumFrozenItems,TotalPcs,TotalWt,TotalCubes,NonSpecial,Special,GrossTotal,VolDiscnt,Discount,NetTotal,TotalRetail,Deposits,Adjustments,ProfitAmnt,Profit%,InvDate,CorpCustID,OrderNumber,,,,,,,
Footer,8447185,C,"0","0","1","0","1","12",".16","26.52","13.95","40.47","0",".00","40.47","94.80",".00",".00",".00",".00",6/15/2010,54835,6916364,,,,,,,
