RecType,InvNum,Type,OrderNumber,InvoiceDate,DBA,CustomerNumber,CustomerName,CustAddr1,CustAddr2,City,State,ZipCode,PhoneNumber,Whse,Trip,Terms,D/CFlag,TermsMsg,CorpCustID,CoverSheet,OrdEntryDate,ChainCode,ApplyTo#,PO#,,,,,,
Header,8433475,A,8433475,6/15/2010,1,54835,"WHOLE FDS COOP-DULUTH","610 EAST 4TH STREET","","DULUTH","MN","558050000","218-728-0884",8,"000",0,2,"",54835,3706204,6/15/2010,"CMW",8447172,"",,,,,,
RecType,InvNum,Type,UPC,ProductID,QuantityShipped,Unit,Size,Brand,Description,RegularSRP,Status,NetPricePerUnit,ExtendedPrice,SaleSRP,RegPricePerUnit,CustomerID,PriceOrigin,QuantityOrdered,Taxable,LB flag,CW flag,CW2,CNF_RegSRP,CNF_SpcSRP,CorpCustID,CorpProdID,OrderNumber,InvoiceDate,Servings,
Detail,8433475,B,042272-002788,0354043,"-1","CS","10.5 OZ","AMY'S","TAMALE VERDE,OG,CHEESE",".00",,".000",".00",".00",".000",54835,"","-1",0,"N","N",".00","","",54835,35404,8433475,6/15/2010,12,
Detail,8433475,B,891627-002412,0959940,"-1","CS","8 OZ","EVOL","BURRITO,SHREDDED BEEF",".00",,"1.993","-23.92",".00","1.993",54835,"","-1",0,"N","N",".00","","",54835,95994,8433475,6/15/2010,12,
RecType,InvNum,Type,NumGroceryItems,NumRefrigItems,NumRepackItems,NumFrozenItems,TotalPcs,TotalWt,TotalCubes,NonSpecial,Special,GrossTotal,VolDiscnt,Discount,NetTotal,TotalRetail,Deposits,Adjustments,ProfitAmnt,Profit%,InvDate,CorpCustID,OrderNumber,,,,,,,
Footer,8433475,C,"0","0","0","0","0","0",".00",".00",".00","-23.92","0",".00","-23.92",".00",".00",".00",".00",".00",6/15/2010,54835,8433475,,,,,,,
