RecType,InvNum,Type,OrderNumber,InvoiceDate,DBA,CustomerNumber,CustomerName,CustAddr1,CustAddr2,City,State,ZipCode,PhoneNumber,Whse,Trip,Terms,D/CFlag,TermsMsg,CorpCustID,CoverSheet,OrdEntryDate,ChainCode,ApplyTo#,PO#,,,,,,
Header,8447194,A,6916453,6/15/2010,1,54835,"WHOLE FDS COOP-DULUTH","610 EAST 4TH STREET","","DULUTH","MN","558050000","218-728-0884",8,"247",7,0,"NET 21 DAYS",54835,3706204,6/14/2010,"CMW",0,"LN2348353-08",,,,,,
RecType,InvNum,Type,UPC,ProductID,QuantityShipped,Unit,Size,Brand,Description,RegularSRP,Status,NetPricePerUnit,ExtendedPrice,SaleSRP,RegPricePerUnit,CustomerID,PriceOrigin,QuantityOrdered,Taxable,LB flag,CW flag,CW2,CNF_RegSRP,CNF_SpcSRP,CorpCustID,CorpProdID,OrderNumber,InvoiceDate,Servings,
Detail,8447194,B,092325-000063,0167270,"1","CS","6.5 OZ","ANNIES","WORCESTERSHIRE SAUCE,OG","3.95",,"2.258","27.09",".00","2.258",54835,"","1",0,"N","N",".00","","",54835,16727,6916453,6/15/2010,12,
Detail,8447194,B,759283-100500,0279133,"1","CS","7.5 OZ","BACKTO","CRACKERS,CRISPY CHEDDARS","3.55",,"2.033","12.20",".00","2.033",54835,"","1",0,"N","N",".00","","",54835,27913,6916453,6/15/2010,6,
Detail,8447194,B,759283-100043,0276584,"1","CS","8 OZ","BACKTO","CRACKERS,CRISPY WHEAT","3.55",,"2.033","12.20",".00","2.033",54835,"","1",0,"N","N",".00","","",54835,27658,6916453,6/15/2010,6,
Detail,8447194,B,074682-102017,0423269,"1","CS","64 OZ","KNDSN","JUICE,OG,APPLE,1/2 GALLON","5.95",,"3.515","21.09",".00","3.515",54835,"","1",0,"N","N",".00","","",54835,42326,6916453,6/15/2010,6,
Detail,8447194,B,036192-122251,0374488,"2","CS","32 OZ","SANCRZ","LEMONADE,OG,MANGO","3.15",,"1.409","33.82","3.15","1.845",54835,"PRO 25","2",0,"N","N",".00","","",54835,37448,6916453,6/15/2010,12,
Detail,8447194,B,042563-013653,0242685,"2","CS","24 OZ","WODSTK","PICKLES,OG,BABY,KSHR DILL","5.75",,"3.275","39.30",".00","3.275",54835,"","2",0,"N","N",".00","","",54835,24268,6916453,6/15/2010,6,
RecType,InvNum,Type,NumGroceryItems,NumRefrigItems,NumRepackItems,NumFrozenItems,TotalPcs,TotalWt,TotalCubes,NonSpecial,Special,GrossTotal,VolDiscnt,Discount,NetTotal,TotalRetail,Deposits,Adjustments,ProfitAmnt,Profit%,InvDate,CorpCustID,OrderNumber,,,,,,,
Footer,8447194,C,"8","0","0","0","8","169",".43","111.88","33.82","145.70","0",".00","145.70","270.30",".00",".00",".00",".00",6/15/2010,54835,6916453,,,,,,,
