RecType,InvNum,Type,OrderNumber,InvoiceDate,DBA,CustomerNumber,CustomerName,CustAddr1,CustAddr2,City,State,ZipCode,PhoneNumber,Whse,Trip,Terms,D/CFlag,TermsMsg,CorpCustID,CoverSheet,OrdEntryDate,ChainCode,ApplyTo#,PO#,,,,,,
Header,8447181,A,6916168,6/15/2010,1,54835,"WHOLE FDS COOP-DULUTH","610 EAST 4TH STREET","","DULUTH","MN","558050000","218-728-0884",8,"247",7,0,"NET 21 DAYS",54835,3706204,6/14/2010,"CMW",0,"LN2348308-02",,,,,,
RecType,InvNum,Type,UPC,ProductID,QuantityShipped,Unit,Size,Brand,Description,RegularSRP,Status,NetPricePerUnit,ExtendedPrice,SaleSRP,RegPricePerUnit,CustomerID,PriceOrigin,QuantityOrdered,Taxable,LB flag,CW flag,CW2,CNF_RegSRP,CNF_SpcSRP,CorpCustID,CorpProdID,OrderNumber,InvoiceDate,Servings,
Detail,8447181,B,031493-776370,0161521,"2","CS","8 PK","RUDI'S","BUNS,OG,HAMBURGER,WHEAT","4.65",,"2.713","37.98",".00","2.713",54835,"","2",0,"N","N",".00","","",54835,16152,6916168,6/15/2010,7,
Detail,8447181,B,031493-060653,0821918,"1","CS","12 OZ","RUDI'S","ENG MUFFIN,OG,WHEAT","3.95",,"2.315","18.52",".00","2.315",54835,"","1",0,"N","N",".00","","",54835,82191,6916168,6/15/2010,8,
Detail,8447181,B,031493-021609,0775759,"1","CS","22 OZ","RUDI'S","BRD,OG,100% WHOLE WHEAT","4.65",,"2.714","21.71",".00","2.714",54835,"","1",0,"N","N",".00","","",54835,77575,6916168,6/15/2010,8,
Detail,8447181,B,031493-242424,0940387,"3","CS","22 OZ","RUDI'S","BRD,OG,HONEY SWT WHL WHT","4.65",,"2.156","51.75","4.65","2.714",54835,"PRO 20","3",0,"N","N",".00","","",54835,94038,6916168,6/15/2010,8,
Detail,8447181,B,031493-828888,0940338,"5","CS","22 OZ","RUDI'S","BRD,OG,OAT,MULTIGRAIN","4.65",,"2.156","86.25","4.65","2.714",54835,"PRO 20","5",0,"N","N",".00","","",54835,94033,6916168,6/15/2010,8,
Detail,8447181,B,031493-071208,0342543,"4","CS","20 OZ","RUDI'S","BRD,OG,SPELT,ANCNT GRAIN","5.59",,"2.614","83.64","5.59","3.289",54835,"PRO 20","4",0,"N","N",".00","","",54835,34254,6916168,6/15/2010,8,
Detail,8447181,B,031493-023405,0723213,"1","CS","20 OZ","RUDI'S","BRD,OG,14 GRAIN","4.65",,"2.714","21.71",".00","2.714",54835,"","1",0,"N","N",".00","","",54835,72321,6916168,6/15/2010,8,
Detail,8447181,B,031493-023207,0543553,"4","CS","20 OZ","RUDI'S","BRD,OG,7 GRAIN & FLAX","4.65",,"2.156","69.00","4.65","2.714",54835,"PRO 20","4",0,"N","N",".00","","",54835,54355,6916168,6/15/2010,8,
Detail,8447181,B,075119-145713,0315200,"1","CS","16 OZ","ENER-G","LOAF,BROWN RICE","5.35",,"2.633","15.80","5.35","3.047",54835,"M 15","1",0,"N","N",".00","","",54835,31520,6916168,6/15/2010,6,
RecType,InvNum,Type,NumGroceryItems,NumRefrigItems,NumRepackItems,NumFrozenItems,TotalPcs,TotalWt,TotalCubes,NonSpecial,Special,GrossTotal,VolDiscnt,Discount,NetTotal,TotalRetail,Deposits,Adjustments,ProfitAmnt,Profit%,InvDate,CorpCustID,OrderNumber,,,,,,,
Footer,8447181,C,"1","0","0","21","22","240","1.95","99.92","306.44","406.36","0",".00","406.36","828.48",".00",".00",".00",".00",6/15/2010,54835,6916168,,,,,,,
