RecType,InvNum,Type,OrderNumber,InvoiceDate,DBA,CustomerNumber,CustomerName,CustAddr1,CustAddr2,City,State,ZipCode,PhoneNumber,Whse,Trip,Terms,D/CFlag,TermsMsg,CorpCustID,CoverSheet,OrdEntryDate,ChainCode,ApplyTo#,PO#,,,,,,
Header,8447193,A,6916372,6/15/2010,1,54835,"WHOLE FDS COOP-DULUTH","610 EAST 4TH STREET","","DULUTH","MN","558050000","218-728-0884",8,"247",7,0,"NET 21 DAYS",54835,3706204,6/14/2010,"CMW",0,"LN2348335-21",,,,,,
RecType,InvNum,Type,UPC,ProductID,QuantityShipped,Unit,Size,Brand,Description,RegularSRP,Status,NetPricePerUnit,ExtendedPrice,SaleSRP,RegPricePerUnit,CustomerID,PriceOrigin,QuantityOrdered,Taxable,LB flag,CW flag,CW2,CNF_RegSRP,CNF_SpcSRP,CorpCustID,CorpProdID,OrderNumber,InvoiceDate,Servings,
Detail,8447193,B,089836-023056,0310748,"1","EA","#","FRNTHB","CREAM OF TARTAR POWDER","17.15",,"6.310","6.31",".00","6.310",54835,"","1",0,"N","N",".00","","",54835,31074,6916372,6/15/2010,1,
Detail,8447193,B,089836-026149,0448399,"1","EA","#","FRNTHB","CARAWAY SEED,OG,WHOLE","11.55",,"4.240","4.24",".00","4.240",54835,"","1",0,"N","N",".00","","",54835,44839,6916372,6/15/2010,1,
Detail,8447193,B,089836-003966,0311183,"6","EA","#","FRNTHB","CINNAMON PWDR,OG,3%","9.75",,"3.580","21.48",".00","3.580",54835,"","6",0,"N","N",".00","","",54835,31118,6916372,6/15/2010,1,
Detail,8447193,B,089836-001375,0310888,"1","EA","#","FRNTHB","CUMIN SEED,WHOLE","14.25",,"5.240","5.24",".00","5.240",54835,"","1",0,"N","N",".00","","",54835,31088,6916372,6/15/2010,1,
Detail,8447193,B,089836-027047,0448357,"1","EA","#","FRNTHB","KELP POWDER,OG","11.15",,"4.110","4.11",".00","4.110",54835,"","1",0,"N","N",".00","","",54835,44835,6916372,6/15/2010,1,
Detail,8447193,B,089836-003720,0478370,"1","EA","#","FRNTHB","ONION FLAKES,OG,WHITE","17.15",,"6.310","6.31",".00","6.310",54835,"","1",0,"N","N",".00","","",54835,47837,6916372,6/15/2010,1,
Detail,8447193,B,089836-003508,0298414,"1","EA","#","FRNTHB","PARSLEY LEAF FLAKES,OG","28.25",,"10.390","10.39",".00","10.390",54835,"","1",0,"N","N",".00","","",54835,29841,6916372,6/15/2010,1,
Detail,8447193,B,089836-026002,0546671,"1","EA","#","FRNTHB","PEPPER,BLACK,OG,MED,GRIND","22.35",,"8.230","8.23",".00","8.230",54835,"","1",0,"N","N",".00","","",54835,54667,6916372,6/15/2010,1,
Detail,8447193,B,089836-010674,0551713,"1","EA","#","FRNTHB","TEA,OG,FT,CEYLON","33.69",,"12.410","12.41",".00","12.410",54835,"","1",0,"N","N",".00","","",54835,55171,6916372,6/15/2010,1,
Detail,8447193,B,089836-028266,0684498,"1","EA","#","FRNTHB","TEA,OG,FT,EARL GREY","34.85",,"12.830","12.83",".00","12.830",54835,"","1",0,"N","N",".00","","",54835,68449,6916372,6/15/2010,1,
Detail,8447193,B,089836-028730,0551770,"1","EA","#","FRNTHB","TEA,OG,FT,GUNPOWDER GREEN","32.75",,"12.050","12.05",".00","12.050",54835,"","1",0,"N","N",".00","","",54835,55177,6916372,6/15/2010,1,
Detail,8447193,B,089836-010797,0551796,"1","EA","#","FRNTHB","TEA,OG,FT,JASMINE","41.15",,"15.160","15.16",".00","15.160",54835,"","1",0,"N","N",".00","","",54835,55179,6916372,6/15/2010,1,
Detail,8447193,B,026938-899806,0899807,"2","","EA","","TOTES CHARGE",".00",,".000",".00",".00",".000",54835,"NO CHG","2",0,"","",".00","N","",54835,89980,6916372,6/15/2010,1,
Detail,8447193,B,089836-008633,0791673,"0","EA","#","FRNTHB","PSYLLIUM SD HUSK,OG,WHOLE",".00",OUT,".000",".00",".00",".000",54835,"","1",0,"N","N",".00","","",54835,79167,6916372,6/15/2010,1,
Detail,8447193,B,089836-026491,0546556,"0","EA","#","FRNTHB","ITALIAN SEASONING,OG,WHL",".00",OUT,".000",".00",".00",".000",54835,"","1",0,"N","N",".00","","",54835,54655,6916372,6/15/2010,1,
RecType,InvNum,Type,NumGroceryItems,NumRefrigItems,NumRepackItems,NumFrozenItems,TotalPcs,TotalWt,TotalCubes,NonSpecial,Special,GrossTotal,VolDiscnt,Discount,NetTotal,TotalRetail,Deposits,Adjustments,ProfitAmnt,Profit%,InvDate,CorpCustID,OrderNumber,,,,,,,
Footer,8447193,C,"0","0","2","0","2","31",".40","118.76",".00","118.76","0",".00","118.76","322.79",".00",".00",".00",".00",6/15/2010,54835,6916372,,,,,,,
