RecType,InvNum,Type,OrderNumber,InvoiceDate,DBA,CustomerNumber,CustomerName,CustAddr1,CustAddr2,City,State,ZipCode,PhoneNumber,Whse,Trip,Terms,D/CFlag,TermsMsg,CorpCustID,CoverSheet,OrdEntryDate,ChainCode,ApplyTo#,PO#,,,,,,
Header,8642565,A,7092476,7/15/2010,1,54835,"WHOLE FDS COOP-DULUTH","610 EAST 4TH STREET","","DULUTH","MN","558050000","218-728-0884",8,"412",7,0,"NET 21 DAYS",54835,3786415,7/14/2010,"CMW",0,"LN2404237-08",,,,,,
RecType,InvNum,Type,UPC,ProductID,QuantityShipped,Unit,Size,Brand,Description,RegularSRP,Status,NetPricePerUnit,ExtendedPrice,SaleSRP,RegPricePerUnit,CustomerID,PriceOrigin,QuantityOrdered,Taxable,LB flag,CW flag,CW2,CNF_RegSRP,CNF_SpcSRP,CorpCustID,CorpProdID,OrderNumber,InvoiceDate,Servings,
Detail,8642565,B,042272-003501,0204412,"1","CS","6 OZ","AMY'S","BURRITO,OG,BEAN & RICE,LS","2.69",,"1.440","17.28","2.69","1.662",54835,"M 15","1",0,"N","N",".00","","",54835,20441,7092476,7/15/2010,12,
Detail,8642565,B,053423-000096,0491662,"1","CS","22 OZ","FRENCH","BREAD,OG,YF,DF,BROWN RICE","6.35",,"3.738","22.43",".00","3.738",54835,"","1",0,"N","N",".00","","",54835,49166,7092476,7/15/2010,6,
Detail,8642565,B,698997-809166,0183970,"1","CS","12 OZ","UDI'S","BREAD,WHOLE GRAIN,GF","5.19",,"3.046","24.37",".00","3.046",54835,"","1",0,"N","N",".00","","",54835,18397,7092476,7/15/2010,8,
RecType,InvNum,Type,NumGroceryItems,NumRefrigItems,NumRepackItems,NumFrozenItems,TotalPcs,TotalWt,TotalCubes,NonSpecial,Special,GrossTotal,VolDiscnt,Discount,NetTotal,TotalRetail,Deposits,Adjustments,ProfitAmnt,Profit%,InvDate,CorpCustID,OrderNumber,,,,,,,
Footer,8642565,C,"0","0","0","3","3","21",".13","46.80","17.28","64.08","0",".00","64.08","111.90",".00",".00",".00",".00",7/15/2010,54835,7092476,,,,,,,
