RecType,InvNum,Type,OrderNumber,InvoiceDate,DBA,CustomerNumber,CustomerName,CustAddr1,CustAddr2,City,State,ZipCode,PhoneNumber,Whse,Trip,Terms,D/CFlag,TermsMsg,CorpCustID,CoverSheet,OrdEntryDate,ChainCode,ApplyTo#,PO#,,,,,,
Header,8642586,A,7093547,7/15/2010,1,54835,"WHOLE FDS COOP-DULUTH","610 EAST 4TH STREET","","DULUTH","MN","558050000","218-728-0884",8,"412",7,0,"NET 21 DAYS",54835,3786415,7/14/2010,"CMW",0,"",,,,,,
RecType,InvNum,Type,UPC,ProductID,QuantityShipped,Unit,Size,Brand,Description,RegularSRP,Status,NetPricePerUnit,ExtendedPrice,SaleSRP,RegPricePerUnit,CustomerID,PriceOrigin,QuantityOrdered,Taxable,LB flag,CW flag,CW2,CNF_RegSRP,CNF_SpcSRP,CorpCustID,CorpProdID,OrderNumber,InvoiceDate,Servings,
Detail,8642586,B,678523-375488,0782615,"1","CS","17.1 OZ","GLUTIN","MUFFINS,ENGLISH","6.59",,"3.867","23.20",".00","3.867",54835,"","1",0,"N","N",".00","","",54835,78261,7093547,7/15/2010,6,
Footer,8642586,C,"0","0","0","1","1","8",".06","23.20",".00","23.20","0",".00","23.20","39.54",".00",".00",".00",".00",7/15/2010,54835,7093547,,,,,,,
