RecType,InvNum,Type,OrderNumber,InvoiceDate,DBA,CustomerNumber,CustomerName,CustAddr1,CustAddr2,City,State,ZipCode,PhoneNumber,Whse,Trip,Terms,D/CFlag,TermsMsg,CorpCustID,CoverSheet,OrdEntryDate,ChainCode,ApplyTo#,PO#,,,,,,
Header,8479290,A,6945465,6/19/2010,1,54835,"WHOLE FDS COOP-DULUTH","610 EAST 4TH STREET","","DULUTH","MN","558050000","218-728-0884",8,"642",7,0,"NET 21 DAYS",54835,3719899,6/18/2010,"CMW",0,"LN2357438-02",,,,,,
RecType,InvNum,Type,UPC,ProductID,QuantityShipped,Unit,Size,Brand,Description,RegularSRP,Status,NetPricePerUnit,ExtendedPrice,SaleSRP,RegPricePerUnit,CustomerID,PriceOrigin,QuantityOrdered,Taxable,LB flag,CW flag,CW2,CNF_RegSRP,CNF_SpcSRP,CorpCustID,CorpProdID,OrderNumber,InvoiceDate,Servings,
Detail,8479290,B,031493-776370,0161521,"2","CS","8 PK","RUDI'S","BUNS,OG,HAMBURGER,WHEAT","4.65",,"2.713","37.98",".00","2.713",54835,"","2",0,"N","N",".00","","",54835,16152,6945465,6/19/2010,7,
Detail,8479290,B,031493-060851,0821934,"1","CS","12 OZ","RUDI'S","ENG MUFFIN,OG,MULTIGRAIN","3.95",,"2.315","18.52",".00","2.315",54835,"","1",0,"N","N",".00","","",54835,82193,6945465,6/19/2010,8,
Detail,8479290,B,031493-021609,0775759,"4","CS","22 OZ","RUDI'S","BRD,OG,100% WHOLE WHEAT","4.65",,"2.714","86.84",".00","2.714",54835,"","4",0,"N","N",".00","","",54835,77575,6945465,6/19/2010,8,
Detail,8479290,B,031493-921831,0733147,"1","CS","24 OZ","RUDI'S","BRD,OG,CINNAMON RAISIN","4.95",,"2.888","34.65",".00","2.888",54835,"","1",0,"N","N",".00","","",54835,73314,6945465,6/19/2010,12,
Detail,8479290,B,031493-543736,0940361,"10","CS","22 OZ","RUDI'S","BRD,OG,COLORADO CRKD WHT","4.65",,"2.156","172.50","4.65","2.714",54835,"PRO 20","10",0,"N","N",".00","","",54835,94036,6945465,6/19/2010,8,
Detail,8479290,B,031493-242424,0940387,"4","CS","22 OZ","RUDI'S","BRD,OG,HONEY SWT WHL WHT","4.65",,"2.156","69.00","4.65","2.714",54835,"PRO 20","4",0,"N","N",".00","","",54835,94038,6945465,6/19/2010,8,
Detail,8479290,B,031493-828888,0940338,"5","CS","22 OZ","RUDI'S","BRD,OG,OAT,MULTIGRAIN","4.65",,"2.156","86.25","4.65","2.714",54835,"PRO 20","5",0,"N","N",".00","","",54835,94033,6945465,6/19/2010,8,
Detail,8479290,B,031493-804899,0845420,"1","CS","22 OZ","RUDI'S","BRD,OG,RYE,JEWISH LIGHT","4.65",,"2.714","21.71",".00","2.714",54835,"","1",0,"N","N",".00","","",54835,84542,6945465,6/19/2010,8,
Detail,8479290,B,031493-317511,0940270,"1","CS","22 OZ","RUDI'S","BRD,OG,SOURDGH,ROCKY MTN","4.65",,"2.714","21.71",".00","2.714",54835,"","1",0,"N","N",".00","","",54835,94027,6945465,6/19/2010,8,
Detail,8479290,B,031493-071208,0342543,"1","CS","20 OZ","RUDI'S","BRD,OG,SPELT,ANCNT GRAIN","5.59",,"2.614","20.91","5.59","3.289",54835,"PRO 20","1",0,"N","N",".00","","",54835,34254,6945465,6/19/2010,8,
Detail,8479290,B,031493-023405,0723213,"1","CS","20 OZ","RUDI'S","BRD,OG,14 GRAIN","4.65",,"2.714","21.71",".00","2.714",54835,"","1",0,"N","N",".00","","",54835,72321,6945465,6/19/2010,8,
Detail,8479290,B,031493-023207,0543553,"4","CS","20 OZ","RUDI'S","BRD,OG,7 GRAIN & FLAX","4.65",,"2.156","69.00","4.65","2.714",54835,"PRO 20","4",0,"N","N",".00","","",54835,54355,6945465,6/19/2010,8,
RecType,InvNum,Type,NumGroceryItems,NumRefrigItems,NumRepackItems,NumFrozenItems,TotalPcs,TotalWt,TotalCubes,NonSpecial,Special,GrossTotal,VolDiscnt,Discount,NetTotal,TotalRetail,Deposits,Adjustments,ProfitAmnt,Profit%,InvDate,CorpCustID,OrderNumber,,,,,,,
Footer,8479290,C,"0","0","0","35","35","411","3.30","243.12","417.66","660.78","0",".00","660.78","1,316.82",".00",".00",".00",".00",6/19/2010,54835,6945465,,,,,,,
