RecType,InvNum,Type,OrderNumber,InvoiceDate,DBA,CustomerNumber,CustomerName,CustAddr1,CustAddr2,City,State,ZipCode,PhoneNumber,Whse,Trip,Terms,D/CFlag,TermsMsg,CorpCustID,CoverSheet,OrdEntryDate,ChainCode,ApplyTo#,PO#,,,,,,
Header,8479287,A,6945419,6/19/2010,1,54835,"WHOLE FDS COOP-DULUTH","610 EAST 4TH STREET","","DULUTH","MN","558050000","218-728-0884",8,"642",7,0,"NET 21 DAYS",54835,3719899,6/18/2010,"CMW",0,"LN2357426-09",,,,,,
RecType,InvNum,Type,UPC,ProductID,QuantityShipped,Unit,Size,Brand,Description,RegularSRP,Status,NetPricePerUnit,ExtendedPrice,SaleSRP,RegPricePerUnit,CustomerID,PriceOrigin,QuantityOrdered,Taxable,LB flag,CW flag,CW2,CNF_RegSRP,CNF_SpcSRP,CorpCustID,CorpProdID,OrderNumber,InvoiceDate,Servings,
Detail,8479287,B,012344-020354,0932038,"1","EA","35 #","NATLIF","DRY DOG FOOD,ADULT","47.19",,"28.250","28.25",".00","28.250",54835,"","1",0,"N","N",".00","","",54835,93203,6945419,6/19/2010,1,
Detail,8479287,B,035883-005040,0926543,"1","CS","14 OZ","PETGRD","CAT,CHICKEN & WHEAT GERM","2.55",,"1.388","16.65","2.55","1.517",54835,"M 10","1",0,"N","N",".00","","",54835,92654,6945419,6/19/2010,12,
Detail,8479287,B,035883-005026,0926550,"1","CS","14 OZ","PETGRD","CAT,FISH/CHICKEN/LIVER","2.55",,"1.388","16.65","2.55","1.517",54835,"M 10","1",0,"N","N",".00","","",54835,92655,6945419,6/19/2010,12,
RecType,InvNum,Type,NumGroceryItems,NumRefrigItems,NumRepackItems,NumFrozenItems,TotalPcs,TotalWt,TotalCubes,NonSpecial,Special,GrossTotal,VolDiscnt,Discount,NetTotal,TotalRetail,Deposits,Adjustments,ProfitAmnt,Profit%,InvDate,CorpCustID,OrderNumber,,,,,,,
Footer,8479287,C,"3","0","0","0","3","61",".23","28.25","33.30","61.55","0",".00","61.55","108.39",".00",".00",".00",".00",6/19/2010,54835,6945419,,,,,,,
