RecType,InvNum,Type,OrderNumber,InvoiceDate,DBA,CustomerNumber,CustomerName,CustAddr1,CustAddr2,City,State,ZipCode,PhoneNumber,Whse,Trip,Terms,D/CFlag,TermsMsg,CorpCustID,CoverSheet,OrdEntryDate,ChainCode,ApplyTo#,PO#,,,,,,
Header,8479292,A,6945798,6/19/2010,1,54835,"WHOLE FDS COOP-DULUTH","610 EAST 4TH STREET","","DULUTH","MN","558050000","218-728-0884",8,"642",7,0,"NET 21 DAYS",54835,3719899,6/18/2010,"CMW",0,"",,,,,,
RecType,InvNum,Type,UPC,ProductID,QuantityShipped,Unit,Size,Brand,Description,RegularSRP,Status,NetPricePerUnit,ExtendedPrice,SaleSRP,RegPricePerUnit,CustomerID,PriceOrigin,QuantityOrdered,Taxable,LB flag,CW flag,CW2,CNF_RegSRP,CNF_SpcSRP,CorpCustID,CorpProdID,OrderNumber,InvoiceDate,Servings,
Detail,8479292,B,897463-001015,0313726,"1","CS","8 OZ","FLAMOS","FALAFEL CHIPS,ORIGINAL","5.05",,"3.004","36.05",".00","3.004",54835,"","1",0,"N","N",".00","","",54835,31372,6945798,6/19/2010,12,
Detail,8479292,B,897463-001169,0313619,"1","CS","8 OZ","FLAMOS","FALAFEL CHIPS,SPICY","5.05",,"3.004","36.05",".00","3.004",54835,"","1",0,"N","N",".00","","",54835,31361,6945798,6/19/2010,12,
Detail,8479292,B,084114-009999,0682096,"2","CS","5 OZ","KETTLE","POTATO CHIPS,NO SALT","2.75",,"1.633","48.98",".00","1.633",54835,"","2",0,"N","N",".00","","",54835,68209,6945798,6/19/2010,15,
Footer,8479292,C,"4","0","0","0","4","30",".80","121.08",".00","121.08","0",".00","121.08","203.70",".00",".00",".00",".00",6/19/2010,54835,6945798,,,,,,,
