RecType,InvNum,Type,OrderNumber,InvoiceDate,DBA,CustomerNumber,CustomerName,CustAddr1,CustAddr2,City,State,ZipCode,PhoneNumber,Whse,Trip,Terms,D/CFlag,TermsMsg,CorpCustID,CoverSheet,OrdEntryDate,ChainCode,ApplyTo#,PO#,,,,,,
Header,8627064,A,7078463,7/13/2010,1,54835,"WHOLE FDS COOP-DULUTH","610 EAST 4TH STREET","","DULUTH","MN","558050000","218-728-0884",8,"247",7,0,"NET 21 DAYS",54835,3780157,7/12/2010,"CMW",0,"LN2399428-10",,,,,,
RecType,InvNum,Type,UPC,ProductID,QuantityShipped,Unit,Size,Brand,Description,RegularSRP,Status,NetPricePerUnit,ExtendedPrice,SaleSRP,RegPricePerUnit,CustomerID,PriceOrigin,QuantityOrdered,Taxable,LB flag,CW flag,CW2,CNF_RegSRP,CNF_SpcSRP,CorpCustID,CorpProdID,OrderNumber,InvoiceDate,Servings,
Detail,8627064,B,895591-001211,0695684,"1","CS","24 OZ","ECOSMA","WEED & GRASS KILLER","7.75",,"4.005","24.03","7.75","4.632",54835,"M 15","1",0,"N","N",".00","","",54835,69568,7078463,7/13/2010,6,
Detail,8627064,B,770009-050046,0714394,"6","EA","2 SQ YDS","IFYC","CHEESECLOTH","2.75",,"1.630","9.78",".00","1.630",54835,"","6",0,"N","N",".00","","",54835,71439,7078463,7/13/2010,1,
Detail,8627064,B,770009-050015,0808758,"3","EA","200 FT","IFYC","COOKING TWINE,NATURAL","2.65",,"1.560","4.68",".00","1.560",54835,"","3",0,"N","N",".00","","",54835,80875,7078463,7/13/2010,1,
Detail,8627064,B,026938-899806,0899807,"1","","EA","","TOTES CHARGE",".00",,".000",".00",".00",".000",54835,"NO CHG","1",0,"","",".00","N","",54835,89980,7078463,7/13/2010,1,
RecType,InvNum,Type,NumGroceryItems,NumRefrigItems,NumRepackItems,NumFrozenItems,TotalPcs,TotalWt,TotalCubes,NonSpecial,Special,GrossTotal,VolDiscnt,Discount,NetTotal,TotalRetail,Deposits,Adjustments,ProfitAmnt,Profit%,InvDate,CorpCustID,OrderNumber,,,,,,,
Footer,8627064,C,"1","0","1","0","2","20",".17","14.46","24.03","38.49","0",".00","38.49","70.95",".00",".00",".00",".00",7/13/2010,54835,7078463,,,,,,,
