RecType,InvNum,Type,OrderNumber,InvoiceDate,DBA,CustomerNumber,CustomerName,CustAddr1,CustAddr2,City,State,ZipCode,PhoneNumber,Whse,Trip,Terms,D/CFlag,TermsMsg,CorpCustID,CoverSheet,OrdEntryDate,ChainCode,ApplyTo#,PO#,,,,,,
Header,8627055,A,7078431,7/13/2010,1,54835,"WHOLE FDS COOP-DULUTH","610 EAST 4TH STREET","","DULUTH","MN","558050000","218-728-0884",8,"247",7,0,"NET 21 DAYS",54835,3780157,7/12/2010,"CMW",0,"LN2399423-05",,,,,,
RecType,InvNum,Type,UPC,ProductID,QuantityShipped,Unit,Size,Brand,Description,RegularSRP,Status,NetPricePerUnit,ExtendedPrice,SaleSRP,RegPricePerUnit,CustomerID,PriceOrigin,QuantityOrdered,Taxable,LB flag,CW flag,CW2,CNF_RegSRP,CNF_SpcSRP,CorpCustID,CorpProdID,OrderNumber,InvoiceDate,Servings,
Detail,8627055,B,084253-222150,0305946,"4","CS","32 OZ","IMAGIN","RICE ENRICH BEV,OG,ORIG","3.65",,"1.642","78.80","3.65","2.092",54835,"PRO 25","4",0,"N","N",".00","","",54835,30594,7078431,7/13/2010,12,
Detail,8627055,B,084253-222167,0305987,"4","CS","32 OZ","IMAGIN","RICE ENRICH VAN,NONDAIRY","3.65",,"1.642","78.80","3.65","2.092",54835,"PRO 25","4",0,"N","N",".00","","",54835,30598,7078431,7/13/2010,12,
Detail,8627055,B,018627-741008,0127878,"8","CS","15 OZ","KASHI","GOLEAN CRUNCH! CEREAL","5.35",,"2.160","207.36","5.35","3.190",54835,"PRO 33","8",0,"N","N",".00","","",54835,12787,7078431,7/13/2010,12,
Detail,8627055,B,074682-103090,0581009,"8","CS","32 OZ","KNDSN","JUICE,JUST BLACK CHERRY","4.79",,"2.387","229.12","4.79","2.822",54835,"PRO 15","8",0,"N","N",".00","","",54835,58100,7078431,7/13/2010,12,
Detail,8627055,B,074682-103502,0587204,"4","CS","32 OZ","KNDSN","JUICE,JUST CRANBERRY","8.75",,"4.355","209.04","8.75","5.168",54835,"PRO 15","4",0,"N","N",".00","","",54835,58720,7078431,7/13/2010,12,
Detail,8627055,B,074682-103083,0777029,"4","CS","32 OZ","KNDSN","JUICE,JUST POMEGRANATE","8.35",,"4.153","199.36","8.35","4.928",54835,"PRO 15","4",0,"N","N",".00","","",54835,77702,7078431,7/13/2010,12,
RecType,InvNum,Type,NumGroceryItems,NumRefrigItems,NumRepackItems,NumFrozenItems,TotalPcs,TotalWt,TotalCubes,NonSpecial,Special,GrossTotal,VolDiscnt,Discount,NetTotal,TotalRetail,Deposits,Adjustments,ProfitAmnt,Profit%,InvDate,CorpCustID,OrderNumber,,,,,,,
Footer,8627055,C,"32","0","0","0","32","964","3.00",".00","1,002.48","1,002.48","0",".00","1,002.48","2,144.64",".00",".00",".00",".00",7/13/2010,54835,7078431,,,,,,,
