RecType,InvNum,Type,OrderNumber,InvoiceDate,DBA,CustomerNumber,CustomerName,CustAddr1,CustAddr2,City,State,ZipCode,PhoneNumber,Whse,Trip,Terms,D/CFlag,TermsMsg,CorpCustID,CoverSheet,OrdEntryDate,ChainCode,ApplyTo#,PO#,,,,,,
Header,8627060,A,7078459,7/13/2010,1,54835,"WHOLE FDS COOP-DULUTH","610 EAST 4TH STREET","","DULUTH","MN","558050000","218-728-0884",8,"247",7,0,"NET 21 DAYS",54835,3780157,7/12/2010,"CMW",0,"LN2399428-03",,,,,,
RecType,InvNum,Type,UPC,ProductID,QuantityShipped,Unit,Size,Brand,Description,RegularSRP,Status,NetPricePerUnit,ExtendedPrice,SaleSRP,RegPricePerUnit,CustomerID,PriceOrigin,QuantityOrdered,Taxable,LB flag,CW flag,CW2,CNF_RegSRP,CNF_SpcSRP,CorpCustID,CorpProdID,OrderNumber,InvoiceDate,Servings,
Detail,8627060,B,636874-120379,0907881,"1","EA","210 CT","EO","SANITIZING WIPES,LAVENDER","28.55",,"14.960","14.96",".00","14.960",54835,"","1",0,"N","N",".00","","",54835,90788,7078459,7/13/2010,1,
Detail,8627060,B,716237-180759,0750877,"1","EA","9 OZ","GIOVAN","SUGAR SCRUB,HOT CHOCOLATE","13.25",,"6.950","6.95",".00","6.950",54835,"","1",0,"N","N",".00","","",54835,75087,7078459,7/13/2010,1,
Detail,8627060,B,078347-555156,0466946,"3","EA","3 OZ","NGATE","DEOD,ROLL-ON,AUTUMN BREEZ","5.05",,"2.640","7.92",".00","2.640",54835,"","3",0,"N","N",".00","","",54835,46694,7078459,7/13/2010,1,
Detail,8627060,B,026938-899806,0899807,"1","","EA","","TOTES CHARGE",".00",,".000",".00",".00",".000",54835,"NO CHG","1",0,"","",".00","N","",54835,89980,7078459,7/13/2010,1,
RecType,InvNum,Type,NumGroceryItems,NumRefrigItems,NumRepackItems,NumFrozenItems,TotalPcs,TotalWt,TotalCubes,NonSpecial,Special,GrossTotal,VolDiscnt,Discount,NetTotal,TotalRetail,Deposits,Adjustments,ProfitAmnt,Profit%,InvDate,CorpCustID,OrderNumber,,,,,,,
Footer,8627060,C,"0","0","1","0","1","9",".15","29.83",".00","29.83","0",".00","29.83","56.95",".00",".00",".00",".00",7/13/2010,54835,7078459,,,,,,,
