RecType,InvNum,Type,OrderNumber,InvoiceDate,DBA,CustomerNumber,CustomerName,CustAddr1,CustAddr2,City,State,ZipCode,PhoneNumber,Whse,Trip,Terms,D/CFlag,TermsMsg,CorpCustID,CoverSheet,OrdEntryDate,ChainCode,ApplyTo#,PO#,,,,,,
Header,8623325,A,8623325,7/13/2010,1,54835,"WHOLE FDS COOP-DULUTH","610 EAST 4TH STREET","","DULUTH","MN","558050000","218-728-0884",8,"000",0,2,"",54835,3780157,7/13/2010,"CMW",8627045,"",,,,,,
RecType,InvNum,Type,UPC,ProductID,QuantityShipped,Unit,Size,Brand,Description,RegularSRP,Status,NetPricePerUnit,ExtendedPrice,SaleSRP,RegPricePerUnit,CustomerID,PriceOrigin,QuantityOrdered,Taxable,LB flag,CW flag,CW2,CNF_RegSRP,CNF_SpcSRP,CorpCustID,CorpProdID,OrderNumber,InvoiceDate,Servings,
Detail,8623325,B,027018-302582,0133439,"-2","CS","25 BAG","GDERTH","TEA,GREEN BLEND DECAF",".00",,"2.558","-30.70",".00","2.558",54835,"","-2",0,"N","N",".00","","",54835,13343,8623325,7/13/2010,6,
Detail,8623325,B,072310-003927,0775981,"-2","CS","18 BAG","BIGELW","TEA,GRN,6 ASST",".00",,".000",".00",".00",".000",54835,"","-2",0,"N","N",".00","","",54835,77598,8623325,7/13/2010,6,
RecType,InvNum,Type,NumGroceryItems,NumRefrigItems,NumRepackItems,NumFrozenItems,TotalPcs,TotalWt,TotalCubes,NonSpecial,Special,GrossTotal,VolDiscnt,Discount,NetTotal,TotalRetail,Deposits,Adjustments,ProfitAmnt,Profit%,InvDate,CorpCustID,OrderNumber,,,,,,,
Footer,8623325,C,"0","0","0","0","0","0",".00",".00",".00","-30.70","0",".00","-30.70",".00",".00",".00",".00",".00",7/13/2010,54835,8623325,,,,,,,
