RecType,InvNum,Type,OrderNumber,InvoiceDate,DBA,CustomerNumber,CustomerName,CustAddr1,CustAddr2,City,State,ZipCode,PhoneNumber,Whse,Trip,Terms,D/CFlag,TermsMsg,CorpCustID,CoverSheet,OrdEntryDate,ChainCode,ApplyTo#,PO#,,,,,,
Header,8627047,A,7077527,7/13/2010,1,54835,"WHOLE FDS COOP-DULUTH","610 EAST 4TH STREET","","DULUTH","MN","558050000","218-728-0884",8,"247",7,0,"NET 21 DAYS",54835,3780157,7/12/2010,"CMW",0,"LN2399290-05",,,,,,
RecType,InvNum,Type,UPC,ProductID,QuantityShipped,Unit,Size,Brand,Description,RegularSRP,Status,NetPricePerUnit,ExtendedPrice,SaleSRP,RegPricePerUnit,CustomerID,PriceOrigin,QuantityOrdered,Taxable,LB flag,CW flag,CW2,CNF_RegSRP,CNF_SpcSRP,CorpCustID,CorpProdID,OrderNumber,InvoiceDate,Servings,
Detail,8627047,B,043192-315507,0280636,"1","CS","16 OZ","NANCYS","COTTAGE CHEESE,OG,LF","5.35",,"2.422","14.53","5.35","2.802",54835,"M 15","1",0,"N","N",".00","","",54835,28063,7077527,7/13/2010,6,
Detail,8627047,B,043192-104002,0280651,"1","CS","32 OZ","NANCYS","YOGURT,OG,NON FAT,PLAIN","4.35",,"2.613","15.68",".00","2.613",54835,"","1",0,"N","N",".00","","",54835,28065,7077527,7/13/2010,6,
Detail,8627047,B,052159-004668,0633289,"1","CS","6 OZ","STNFLD","YGRT,OG,WM,VAN/CHOC,FOB","1.19",,".709","8.51",".00",".709",54835,"","1",0,"N","N",".00","","",54835,63328,7077527,7/13/2010,12,
RecType,InvNum,Type,NumGroceryItems,NumRefrigItems,NumRepackItems,NumFrozenItems,TotalPcs,TotalWt,TotalCubes,NonSpecial,Special,GrossTotal,VolDiscnt,Discount,NetTotal,TotalRetail,Deposits,Adjustments,ProfitAmnt,Profit%,InvDate,CorpCustID,OrderNumber,,,,,,,
Footer,8627047,C,"0","3","0","0","3","26",".08","24.19","14.53","38.72","0",".00","38.72","72.48",".00",".00",".00",".00",7/13/2010,54835,7077527,,,,,,,
