RecType,InvNum,Type,OrderNumber,InvoiceDate,DBA,CustomerNumber,CustomerName,CustAddr1,CustAddr2,City,State,ZipCode,PhoneNumber,Whse,Trip,Terms,D/CFlag,TermsMsg,CorpCustID,CoverSheet,OrdEntryDate,ChainCode,ApplyTo#,PO#,,,,,,
Header,8623370,A,8623370,7/13/2010,1,54835,"WHOLE FDS COOP-DULUTH","610 EAST 4TH STREET","","DULUTH","MN","558050000","218-728-0884",8,"000",0,2,"",54835,3780157,7/13/2010,"CMW",8627045,"",,,,,,
RecType,InvNum,Type,UPC,ProductID,QuantityShipped,Unit,Size,Brand,Description,RegularSRP,Status,NetPricePerUnit,ExtendedPrice,SaleSRP,RegPricePerUnit,CustomerID,PriceOrigin,QuantityOrdered,Taxable,LB flag,CW flag,CW2,CNF_RegSRP,CNF_SpcSRP,CorpCustID,CorpProdID,OrderNumber,InvoiceDate,Servings,
Detail,8623370,B,692752-200052,0740357,"-1","1","54 OZ","NUTIVA","COCONUT OIL,OG,X-VIRGIN",".00",,"18.790","-18.79",".00","18.790",54835,"","-1",0,"N","N",".00","","",54835,74035,8623370,7/13/2010,1,
Detail,8623370,B,692752-300028,0772467,"-1","EA","54 OZ","NUTIVA","COCONUT OIL,OG,RAW,X-VIRG",".00",,".000",".00",".00",".000",54835,"","-1",0,"N","N",".00","","",54835,77246,8623370,7/13/2010,1,
RecType,InvNum,Type,NumGroceryItems,NumRefrigItems,NumRepackItems,NumFrozenItems,TotalPcs,TotalWt,TotalCubes,NonSpecial,Special,GrossTotal,VolDiscnt,Discount,NetTotal,TotalRetail,Deposits,Adjustments,ProfitAmnt,Profit%,InvDate,CorpCustID,OrderNumber,,,,,,,
Footer,8623370,C,"0","0","0","0","0","0",".00",".00",".00","-18.79","0",".00","-18.79",".00",".00",".00",".00",".00",7/13/2010,54835,8623370,,,,,,,
