RecType,InvNum,Type,OrderNumber,InvoiceDate,DBA,CustomerNumber,CustomerName,CustAddr1,CustAddr2,City,State,ZipCode,PhoneNumber,Whse,Trip,Terms,D/CFlag,TermsMsg,CorpCustID,CoverSheet,OrdEntryDate,ChainCode,ApplyTo#,PO#,,,,,,
Header,8627048,A,7077529,7/13/2010,1,54835,"WHOLE FDS COOP-DULUTH","610 EAST 4TH STREET","","DULUTH","MN","558050000","218-728-0884",8,"247",7,0,"NET 21 DAYS",54835,3780157,7/12/2010,"CMW",0,"LN2399290-08",,,,,,
RecType,InvNum,Type,UPC,ProductID,QuantityShipped,Unit,Size,Brand,Description,RegularSRP,Status,NetPricePerUnit,ExtendedPrice,SaleSRP,RegPricePerUnit,CustomerID,PriceOrigin,QuantityOrdered,Taxable,LB flag,CW flag,CW2,CNF_RegSRP,CNF_SpcSRP,CorpCustID,CorpProdID,OrderNumber,InvoiceDate,Servings,
Detail,8627048,B,759283-601069,0564302,"1","CS","12 OZ","BOCA","GROUND CRUMBLES,MTLS,NATL","4.99",,"2.924","35.09",".00","2.924",54835,"","1",0,"N","N",".00","","",54835,56430,7077529,7/13/2010,12,
Detail,8627048,B,749512-223506,0457515,"1","CS","8 OZ","IAN'S","CHICKEN NUGGETS,WF,GF","6.15",,"3.622","43.46",".00","3.622",54835,"","1",0,"N","N",".00","","",54835,45751,7077529,7/13/2010,12,
RecType,InvNum,Type,NumGroceryItems,NumRefrigItems,NumRepackItems,NumFrozenItems,TotalPcs,TotalWt,TotalCubes,NonSpecial,Special,GrossTotal,VolDiscnt,Discount,NetTotal,TotalRetail,Deposits,Adjustments,ProfitAmnt,Profit%,InvDate,CorpCustID,OrderNumber,,,,,,,
Footer,8627048,C,"0","0","0","2","2","19",".09","78.55",".00","78.55","0",".00","78.55","133.68",".00",".00",".00",".00",7/13/2010,54835,7077529,,,,,,,
