RecType,InvNum,Type,OrderNumber,InvoiceDate,DBA,CustomerNumber,CustomerName,CustAddr1,CustAddr2,City,State,ZipCode,PhoneNumber,Whse,Trip,Terms,D/CFlag,TermsMsg,CorpCustID,CoverSheet,OrdEntryDate,ChainCode,ApplyTo#,PO#,,,,,,
Header,8627057,A,7078433,7/13/2010,1,54835,"WHOLE FDS COOP-DULUTH","610 EAST 4TH STREET","","DULUTH","MN","558050000","218-728-0884",8,"247",7,0,"NET 21 DAYS",54835,3780157,7/12/2010,"CMW",0,"LN2399423-09",,,,,,
RecType,InvNum,Type,UPC,ProductID,QuantityShipped,Unit,Size,Brand,Description,RegularSRP,Status,NetPricePerUnit,ExtendedPrice,SaleSRP,RegPricePerUnit,CustomerID,PriceOrigin,QuantityOrdered,Taxable,LB flag,CW flag,CW2,CNF_RegSRP,CNF_SpcSRP,CorpCustID,CorpProdID,OrderNumber,InvoiceDate,Servings,
Detail,8627057,B,745158-300618,0360487,"1","CS","3.5 OZ","HALO","SPOT STW CAT,SM,S#0550459","1.25",,".720","8.64",".00",".720",54835,"","1",0,"N","N",".00","","",54835,36048,7078433,7/13/2010,12,
Detail,8627057,B,745158-300625,0360545,"1","CS","3.5 OZ","HALO","SPOT STW CT,TKY,S#0550467","1.25",,".720","8.64",".00",".720",54835,"","1",0,"N","N",".00","","",54835,36054,7078433,7/13/2010,12,
Detail,8627057,B,732913-137206,0332478,"1","CS","120 CT","SEVNTH","PAPER TOWELS,NATURAL","2.99",,"1.568","47.04","2.99","1.772",54835,"PRO 10","1",0,"N","N",".00","","",54835,33247,7078433,7/13/2010,30,
RecType,InvNum,Type,NumGroceryItems,NumRefrigItems,NumRepackItems,NumFrozenItems,TotalPcs,TotalWt,TotalCubes,NonSpecial,Special,GrossTotal,VolDiscnt,Discount,NetTotal,TotalRetail,Deposits,Adjustments,ProfitAmnt,Profit%,InvDate,CorpCustID,OrderNumber,,,,,,,
Footer,8627057,C,"3","0","0","0","3","33",".44","17.28","47.04","64.32","0",".00","64.32","119.70",".00",".00",".00",".00",7/13/2010,54835,7078433,,,,,,,
