RecType,InvNum,Type,OrderNumber,InvoiceDate,DBA,CustomerNumber,CustomerName,CustAddr1,CustAddr2,City,State,ZipCode,PhoneNumber,Whse,Trip,Terms,D/CFlag,TermsMsg,CorpCustID,CoverSheet,OrdEntryDate,ChainCode,ApplyTo#,PO#,,,,,,
Header,8536587,A,6998149,6/29/2010,1,54835,"WHOLE FDS COOP-DULUTH","610 EAST 4TH STREET","","DULUTH","MN","558050000","218-728-0884",8,"247",7,0,"NET 21 DAYS",54835,3742781,6/28/2010,"CMW",0,"LN2373779-02",,,,,,
RecType,InvNum,Type,UPC,ProductID,QuantityShipped,Unit,Size,Brand,Description,RegularSRP,Status,NetPricePerUnit,ExtendedPrice,SaleSRP,RegPricePerUnit,CustomerID,PriceOrigin,QuantityOrdered,Taxable,LB flag,CW flag,CW2,CNF_RegSRP,CNF_SpcSRP,CorpCustID,CorpProdID,OrderNumber,InvoiceDate,Servings,
Detail,8536587,B,031493-776370,0161521,"5","CS","8 PK","RUDI'S","BUNS,OG,HAMBURGER,WHEAT","4.65",,"2.156","75.45","4.65","2.713",54835,"PRO 20","5",0,"N","N",".00","","",54835,16152,6998149,6/29/2010,7,
Detail,8536587,B,031493-776394,0975342,"4","CS","6 PK","RUDI'S","BUNS,OG,HOT DOG,WHEAT","3.69",,"1.724","55.16","3.69","2.171",54835,"PRO 20","4",0,"N","N",".00","","",54835,97534,6998149,6/29/2010,8,
Detail,8536587,B,031493-060851,0821934,"1","CS","12 OZ","RUDI'S","ENG MUFFIN,OG,MULTIGRAIN","3.95",,"2.315","18.52",".00","2.315",54835,"","1",0,"N","N",".00","","",54835,82193,6998149,6/29/2010,8,
Detail,8536587,B,031493-061056,0821959,"1","CS","12 OZ","RUDI'S","ENG MUFFIN,OG,SPELT","3.95",,"2.315","18.52",".00","2.315",54835,"","1",0,"N","N",".00","","",54835,82195,6998149,6/29/2010,8,
Detail,8536587,B,031493-060653,0821918,"1","CS","12 OZ","RUDI'S","ENG MUFFIN,OG,WHEAT","3.95",,"2.315","18.52",".00","2.315",54835,"","1",0,"N","N",".00","","",54835,82191,6998149,6/29/2010,8,
Detail,8536587,B,031493-021609,0775759,"2","CS","22 OZ","RUDI'S","BRD,OG,100% WHOLE WHEAT","4.65",,"2.714","43.42",".00","2.714",54835,"","2",0,"N","N",".00","","",54835,77575,6998149,6/29/2010,8,
Detail,8536587,B,031493-921831,0733147,"1","CS","24 OZ","RUDI'S","BRD,OG,CINNAMON RAISIN","4.95",,"2.888","34.65",".00","2.888",54835,"","1",0,"N","N",".00","","",54835,73314,6998149,6/29/2010,12,
Detail,8536587,B,031493-543736,0940361,"4","CS","22 OZ","RUDI'S","BRD,OG,COLORADO CRKD WHT","4.65",,"2.156","69.00","4.65","2.714",54835,"PRO 20","4",0,"N","N",".00","","",54835,94036,6998149,6/29/2010,8,
Detail,8536587,B,031493-242424,0940387,"3","CS","22 OZ","RUDI'S","BRD,OG,HONEY SWT WHL WHT","4.65",,"2.156","51.75","4.65","2.714",54835,"PRO 20","3",0,"N","N",".00","","",54835,94038,6998149,6/29/2010,8,
Detail,8536587,B,031493-828888,0940338,"3","CS","22 OZ","RUDI'S","BRD,OG,OAT,MULTIGRAIN","4.65",,"2.156","51.75","4.65","2.714",54835,"PRO 20","3",0,"N","N",".00","","",54835,94033,6998149,6/29/2010,8,
Detail,8536587,B,031493-804899,0845420,"1","CS","22 OZ","RUDI'S","BRD,OG,RYE,JEWISH LIGHT","4.65",,"2.714","21.71",".00","2.714",54835,"","1",0,"N","N",".00","","",54835,84542,6998149,6/29/2010,8,
Detail,8536587,B,031493-317511,0940270,"1","CS","22 OZ","RUDI'S","BRD,OG,SOURDGH,ROCKY MTN","4.65",,"2.714","21.71",".00","2.714",54835,"","1",0,"N","N",".00","","",54835,94027,6998149,6/29/2010,8,
Detail,8536587,B,031493-071208,0342543,"2","CS","20 OZ","RUDI'S","BRD,OG,SPELT,ANCNT GRAIN","5.59",,"2.614","41.82","5.59","3.289",54835,"PRO 20","2",0,"N","N",".00","","",54835,34254,6998149,6/29/2010,8,
Detail,8536587,B,031493-023207,0543553,"3","CS","20 OZ","RUDI'S","BRD,OG,7 GRAIN & FLAX","4.65",,"2.156","51.75","4.65","2.714",54835,"PRO 20","3",0,"N","N",".00","","",54835,54355,6998149,6/29/2010,8,
Detail,8536587,B,075119-145874,0475095,"1","CS","7.76 OZ","ENER-G","HAMBURGER BUNS,TAPIOCA","5.09",,"2.923","17.54",".00","2.923",54835,"","1",0,"N","N",".00","","",54835,47509,6998149,6/29/2010,6,
Detail,8536587,B,075119-145775,0762104,"1","CS","22.4 OZ","ENER-G","LOAF,WHITE RICE,YST-FREE","5.75",,"3.278","19.67",".00","3.278",54835,"","1",0,"N","N",".00","","",54835,76210,6998149,6/29/2010,6,
RecType,InvNum,Type,NumGroceryItems,NumRefrigItems,NumRepackItems,NumFrozenItems,TotalPcs,TotalWt,TotalCubes,NonSpecial,Special,GrossTotal,VolDiscnt,Discount,NetTotal,TotalRetail,Deposits,Adjustments,ProfitAmnt,Profit%,InvDate,CorpCustID,OrderNumber,,,,,,,
Footer,8536587,C,"2","0","0","32","34","350","3.18","214.26","396.68","610.94","0",".00","610.94","1,221.91",".00",".00",".00",".00",6/29/2010,54835,6998149,,,,,,,
