RecType,InvNum,Type,OrderNumber,InvoiceDate,DBA,CustomerNumber,CustomerName,CustAddr1,CustAddr2,City,State,ZipCode,PhoneNumber,Whse,Trip,Terms,D/CFlag,TermsMsg,CorpCustID,CoverSheet,OrdEntryDate,ChainCode,ApplyTo#,PO#,,,,,,
Header,8536605,A,6999094,6/29/2010,1,54835,"WHOLE FDS COOP-DULUTH","610 EAST 4TH STREET","","DULUTH","MN","558050000","218-728-0884",8,"247",7,0,"NET 21 DAYS",54835,3742781,6/28/2010,"CMW",0,"",,,,,,
RecType,InvNum,Type,UPC,ProductID,QuantityShipped,Unit,Size,Brand,Description,RegularSRP,Status,NetPricePerUnit,ExtendedPrice,SaleSRP,RegPricePerUnit,CustomerID,PriceOrigin,QuantityOrdered,Taxable,LB flag,CW flag,CW2,CNF_RegSRP,CNF_SpcSRP,CorpCustID,CorpProdID,OrderNumber,InvoiceDate,Servings,
Detail,8536605,B,026938-316020,0316026,"1","CS","#","BULK B","COCONUT,SHRD,UNSWT,NOSO2","2.09",,"1.172","29.29",".00","1.172",54835,"","1",0,"N","N",".00","","",54835,31602,6999094,6/29/2010,25,
Footer,8536605,C,"1","0","0","0","1","26",".10","29.29",".00","29.29","0",".00","29.29","52.25",".00",".00",".00",".00",6/29/2010,54835,6999094,,,,,,,
