RecType,InvNum,Type,OrderNumber,InvoiceDate,DBA,CustomerNumber,CustomerName,CustAddr1,CustAddr2,City,State,ZipCode,PhoneNumber,Whse,Trip,Terms,D/CFlag,TermsMsg,CorpCustID,CoverSheet,OrdEntryDate,ChainCode,ApplyTo#,PO#,,,,,,
Header,8536601,A,6998274,6/29/2010,1,54835,"WHOLE FDS COOP-DULUTH","610 EAST 4TH STREET","","DULUTH","MN","558050000","218-728-0884",8,"247",7,0,"NET 21 DAYS",54835,3742781,6/28/2010,"CMW",0,"LN2373807-21",,,,,,
RecType,InvNum,Type,UPC,ProductID,QuantityShipped,Unit,Size,Brand,Description,RegularSRP,Status,NetPricePerUnit,ExtendedPrice,SaleSRP,RegPricePerUnit,CustomerID,PriceOrigin,QuantityOrdered,Taxable,LB flag,CW flag,CW2,CNF_RegSRP,CNF_SpcSRP,CorpCustID,CorpProdID,OrderNumber,InvoiceDate,Servings,
Detail,8536601,B,089836-027214,0546291,"1","EA","#","FRNTHB","ALLSPICE,OG,POWDER","33.65",,"12.380","12.38",".00","12.380",54835,"","1",0,"N","N",".00","","",54835,54629,6998274,6/29/2010,1,
Detail,8536601,B,089836-008107,0311829,"1","EA","#","FRNTHB","BURDOCK ROOT,OG,C/S","21.99",,"8.090","8.09",".00","8.090",54835,"","1",0,"N","N",".00","","",54835,31182,6998274,6/29/2010,1,
Detail,8536601,B,089836-026149,0448399,"1","EA","#","FRNTHB","CARAWAY SEED,OG,WHOLE","11.55",,"4.240","4.24",".00","4.240",54835,"","1",0,"N","N",".00","","",54835,44839,6998274,6/29/2010,1,
Detail,8536601,B,089836-025241,0298331,"1","EA","#","FRNTHB","GARLIC GRANULES,OG","15.69",,"5.770","5.77",".00","5.770",54835,"","1",0,"N","N",".00","","",54835,29833,6998274,6/29/2010,1,
Detail,8536601,B,089836-026101,0119800,"1","EA","#","FRNTHB","GINGER ROOT,OG,GROUND","20.19",,"7.430","7.43",".00","7.430",54835,"","1",0,"N","N",".00","","",54835,11980,6998274,6/29/2010,1,
Detail,8536601,B,089836-008633,0791673,"1","EA","#","FRNTHB","PSYLLIUM SD HUSK,OG,WHOLE","21.45",,"7.900","7.90",".00","7.900",54835,"","1",0,"N","N",".00","","",54835,79167,6998274,6/29/2010,1,
Detail,8536601,B,089836-027788,0498287,"1","EA","#","FRNTHB","TACO SEASONING,OG","26.49",,"9.760","9.76",".00","9.760",54835,"","1",0,"N","N",".00","","",54835,49828,6998274,6/29/2010,1,
Detail,8536601,B,089836-010766,0684753,"1","EA","#","FRNTHB","TEA,OG,BANCHA","24.35",,"8.970","8.97",".00","8.970",54835,"","1",0,"N","N",".00","","",54835,68475,6998274,6/29/2010,1,
Detail,8536601,B,089836-028730,0551770,"1","EA","#","FRNTHB","TEA,OG,FT,GUNPOWDER GREEN","32.75",,"12.050","12.05",".00","12.050",54835,"","1",0,"N","N",".00","","",54835,55177,6998274,6/29/2010,1,
Detail,8536601,B,026938-899806,0899807,"2","","EA","","TOTES CHARGE",".00",,".000",".00",".00",".000",54835,"NO CHG","2",0,"","",".00","N","",54835,89980,6998274,6/29/2010,1,
Detail,8536601,B,089836-029720,0498808,"0","EA","#","FRNTHB","CINNAMON PWDR,OG,CEYLON",".00",OUT,".000",".00",".00",".000",54835,"","3",0,"N","N",".00","","",54835,49880,6998274,6/29/2010,1,
RecType,InvNum,Type,NumGroceryItems,NumRefrigItems,NumRepackItems,NumFrozenItems,TotalPcs,TotalWt,TotalCubes,NonSpecial,Special,GrossTotal,VolDiscnt,Discount,NetTotal,TotalRetail,Deposits,Adjustments,ProfitAmnt,Profit%,InvDate,CorpCustID,OrderNumber,,,,,,,
Footer,8536601,C,"0","0","2","0","2","22",".40","76.59",".00","76.59","0",".00","76.59","208.11",".00",".00",".00",".00",6/29/2010,54835,6998274,,,,,,,
