RecType,InvNum,Type,OrderNumber,InvoiceDate,DBA,CustomerNumber,CustomerName,CustAddr1,CustAddr2,City,State,ZipCode,PhoneNumber,Whse,Trip,Terms,D/CFlag,TermsMsg,CorpCustID,CoverSheet,OrdEntryDate,ChainCode,ApplyTo#,PO#,,,,,,
Header,8536585,A,6998144,6/29/2010,1,54835,"WHOLE FDS COOP-DULUTH","610 EAST 4TH STREET","","DULUTH","MN","558050000","218-728-0884",8,"247",7,0,"NET 21 DAYS",54835,3742781,6/28/2010,"CMW",0,"",,,,,,
RecType,InvNum,Type,UPC,ProductID,QuantityShipped,Unit,Size,Brand,Description,RegularSRP,Status,NetPricePerUnit,ExtendedPrice,SaleSRP,RegPricePerUnit,CustomerID,PriceOrigin,QuantityOrdered,Taxable,LB flag,CW flag,CW2,CNF_RegSRP,CNF_SpcSRP,CorpCustID,CorpProdID,OrderNumber,InvoiceDate,Servings,
Detail,8536585,B,042272-000708,0188888,"1","CS","6 OZ","AMY'S","BURRITO,OG,BEANS&RICE","2.69",,"1.662","19.94",".00","1.662",54835,"","1",0,"N","N",".00","","",54835,18888,6998144,6/29/2010,12,
Detail,8536585,B,818411-003004,0627455,"1","CS","32 OZ","SAMBZN","ACAI JUICE,OG,ORIGINAL","6.99",,"5.228","31.37",".00","5.228",54835,"","1",0,"N","N",".00","","",54835,62745,6998144,6/29/2010,6,
RecType,InvNum,Type,NumGroceryItems,NumRefrigItems,NumRepackItems,NumFrozenItems,TotalPcs,TotalWt,TotalCubes,NonSpecial,Special,GrossTotal,VolDiscnt,Discount,NetTotal,TotalRetail,Deposits,Adjustments,ProfitAmnt,Profit%,InvDate,CorpCustID,OrderNumber,,,,,,,
Footer,8536585,C,"0","1","0","1","2","20",".08","51.31",".00","51.31","0",".00","51.31","74.22",".00",".00",".00",".00",6/29/2010,54835,6998144,,,,,,,
