RecType,InvNum,Type,OrderNumber,InvoiceDate,DBA,CustomerNumber,CustomerName,CustAddr1,CustAddr2,City,State,ZipCode,PhoneNumber,Whse,Trip,Terms,D/CFlag,TermsMsg,CorpCustID,CoverSheet,OrdEntryDate,ChainCode,ApplyTo#,PO#,,,,,,
Header,8536580,A,6997053,6/29/2010,1,54835,"WHOLE FDS COOP-DULUTH","610 EAST 4TH STREET","","DULUTH","MN","558050000","218-728-0884",8,"247",7,0,"NET 21 DAYS",54835,3742781,6/28/2010,"CMW",0,"LN2373664-05",,,,,,
RecType,InvNum,Type,UPC,ProductID,QuantityShipped,Unit,Size,Brand,Description,RegularSRP,Status,NetPricePerUnit,ExtendedPrice,SaleSRP,RegPricePerUnit,CustomerID,PriceOrigin,QuantityOrdered,Taxable,LB flag,CW flag,CW2,CNF_RegSRP,CNF_SpcSRP,CorpCustID,CorpProdID,OrderNumber,InvoiceDate,Servings,
Detail,8536580,B,052159-000028,0636944,"1","CS","32 OZ","STNFLD","YGRT,OG,WM,FRENCH VAN","4.65",,"2.778","16.67",".00","2.778",54835,"","1",0,"N","N",".00","","",54835,63694,6997053,6/29/2010,6,
Detail,8536580,B,795709-030099,0689232,"1","CS","6 OZ","WALABY","YOGURT,OG,NF,STWBRY GUAVA","1.15",,".598","7.18","1.15",".687",54835,"M 15","1",0,"N","N",".00","","",54835,68923,6997053,6/29/2010,12,
RecType,InvNum,Type,NumGroceryItems,NumRefrigItems,NumRepackItems,NumFrozenItems,TotalPcs,TotalWt,TotalCubes,NonSpecial,Special,GrossTotal,VolDiscnt,Discount,NetTotal,TotalRetail,Deposits,Adjustments,ProfitAmnt,Profit%,InvDate,CorpCustID,OrderNumber,,,,,,,
Footer,8536580,C,"0","2","0","0","2","18",".07","16.67","7.18","23.85","0",".00","23.85","41.70",".00",".00",".00",".00",6/29/2010,54835,6997053,,,,,,,
