RecType,InvNum,Type,OrderNumber,InvoiceDate,DBA,CustomerNumber,CustomerName,CustAddr1,CustAddr2,City,State,ZipCode,PhoneNumber,Whse,Trip,Terms,D/CFlag,TermsMsg,CorpCustID,CoverSheet,OrdEntryDate,ChainCode,ApplyTo#,PO#,,,,,,
Header,8536594,A,6998267,6/29/2010,1,54835,"WHOLE FDS COOP-DULUTH","610 EAST 4TH STREET","","DULUTH","MN","558050000","218-728-0884",8,"247",7,0,"NET 21 DAYS",54835,3742781,6/28/2010,"CMW",0,"LN2373807-03",,,,,,
RecType,InvNum,Type,UPC,ProductID,QuantityShipped,Unit,Size,Brand,Description,RegularSRP,Status,NetPricePerUnit,ExtendedPrice,SaleSRP,RegPricePerUnit,CustomerID,PriceOrigin,QuantityOrdered,Taxable,LB flag,CW flag,CW2,CNF_RegSRP,CNF_SpcSRP,CorpCustID,CorpProdID,OrderNumber,InvoiceDate,Servings,
Detail,8536594,B,724742-003692,0361766,"4","EA","32 OZ","ALBA","BODY LTN,VERY EMOL,UNSNTD","16.89",,"8.850","35.40",".00","8.850",54835,"","4",0,"N","N",".00","","",54835,36176,6998267,6/29/2010,1,
Detail,8536594,B,718334-220406,0375089,"3","EA","50 PADS","DESERT","CLEANSING PADS,TEA TREE","7.65",,"3.270","9.81","7.65","3.990",54835,"M 20","3",0,"N","N",".00","","",54835,37508,6998267,6/29/2010,1,
Detail,8536594,B,718334-221113,0583369,"1","EA","32 OZ","DESERT","THOROUGHLY CLEAN FACE","14.25",,"6.460","6.46","14.25","7.470",54835,"M 15","1",0,"N","N",".00","","",54835,58336,6998267,6/29/2010,1,
Detail,8536594,B,078522-302063,0377481,"2","EA","8 OZ","JASON","HND THERAPY LTN,LAVENDER","8.05",,"4.210","8.42",".00","4.210",54835,"","2",0,"N","N",".00","","",54835,37748,6998267,6/29/2010,1,
Detail,8536594,B,026938-899806,0899807,"1","","EA","","TOTES CHARGE",".00",,".000",".00",".00",".000",54835,"NO CHG","1",0,"","",".00","N","",54835,89980,6998267,6/29/2010,1,
RecType,InvNum,Type,NumGroceryItems,NumRefrigItems,NumRepackItems,NumFrozenItems,TotalPcs,TotalWt,TotalCubes,NonSpecial,Special,GrossTotal,VolDiscnt,Discount,NetTotal,TotalRetail,Deposits,Adjustments,ProfitAmnt,Profit%,InvDate,CorpCustID,OrderNumber,,,,,,,
Footer,8536594,C,"0","0","1","0","1","20",".19","43.82","16.27","60.09","0",".00","60.09","120.86",".00",".00",".00",".00",6/29/2010,54835,6998267,,,,,,,
