RecType,InvNum,Type,OrderNumber,InvoiceDate,DBA,CustomerNumber,CustomerName,CustAddr1,CustAddr2,City,State,ZipCode,PhoneNumber,Whse,Trip,Terms,D/CFlag,TermsMsg,CorpCustID,CoverSheet,OrdEntryDate,ChainCode,ApplyTo#,PO#,,,,,,
Header,8536604,A,6998722,6/29/2010,1,54835,"WHOLE FDS COOP-DULUTH","610 EAST 4TH STREET","","DULUTH","MN","558050000","218-728-0884",8,"247",7,0,"NET 21 DAYS",54835,3742781,6/28/2010,"CMW",0,"",,,,,,
RecType,InvNum,Type,UPC,ProductID,QuantityShipped,Unit,Size,Brand,Description,RegularSRP,Status,NetPricePerUnit,ExtendedPrice,SaleSRP,RegPricePerUnit,CustomerID,PriceOrigin,QuantityOrdered,Taxable,LB flag,CW flag,CW2,CNF_RegSRP,CNF_SpcSRP,CorpCustID,CorpProdID,OrderNumber,InvoiceDate,Servings,
Detail,8536604,B,070617-002858,0411322,"1","CS","11 OZ","BARB","RITE LITE ROUNDS,OG,LF","4.05",,".000",".00",".00","2.320",54835,"NO CHG","1",0,"N","N",".00","","",54835,41132,6998722,6/29/2010,12,
Detail,8536604,B,070617-000755,0320028,"1","CS","7 OZ","BARB","CHEESE PUFFS,JALPENO G/F","2.85",,".000",".00",".00","1.675",54835,"NO CHG","1",0,"N","N",".00","","",54835,32002,6998722,6/29/2010,12,
Detail,8536604,B,852772-001040,0409367,"1","CS","6 OZ","FDGOOD","TORTILLA CHIPS,MULTIGRAIN","2.99",,".000",".00",".00","1.783",54835,"NO CHG","1",0,"N","N",".00","","",54835,40936,6998722,6/29/2010,12,
Detail,8536604,B,018627-610052,0923888,"1","CS","9 OZ","KASHI","TLC CRACKERS,FIRE RST VEG","4.55",,".000",".00",".00","2.613",54835,"NO CHG","1",0,"N","N",".00","","",54835,92388,6998722,6/29/2010,12,
Detail,8536604,B,658564-230571,0297085,"1","CS","16.9 OZ","METRO","WATER,ORANGE MINT","1.79",,".000",".00",".00","1.018",54835,"NO CHG","1",0,"N","N",".00","","",54835,29708,6998722,6/29/2010,12,
RecType,InvNum,Type,NumGroceryItems,NumRefrigItems,NumRepackItems,NumFrozenItems,TotalPcs,TotalWt,TotalCubes,NonSpecial,Special,GrossTotal,VolDiscnt,Discount,NetTotal,TotalRetail,Deposits,Adjustments,ProfitAmnt,Profit%,InvDate,CorpCustID,OrderNumber,,,,,,,
Footer,8536604,C,"5","0","0","0","5","48",".52",".00",".00",".00","0",".00",".00","194.76",".00",".00",".00",".00",6/29/2010,54835,6998722,,,,,,,
