RecType,InvNum,Type,OrderNumber,InvoiceDate,DBA,CustomerNumber,CustomerName,CustAddr1,CustAddr2,City,State,ZipCode,PhoneNumber,Whse,Trip,Terms,D/CFlag,TermsMsg,CorpCustID,CoverSheet,OrdEntryDate,ChainCode,ApplyTo#,PO#,,,,,,
Header,8059486,A,8059486,4/16/2010,1,54835,"WHOLE FOODS COMMUNITY COO","610 EAST 4TH STREET","","DULUTH","MN","558050000","218-728-0884",8,"000",0,2,"",54835,3551503,4/16/2010,"CMW",8069586,"",,,,,,
RecType,InvNum,Type,UPC,ProductID,QuantityShipped,Unit,Size,Brand,Description,RegularSRP,Status,NetPricePerUnit,ExtendedPrice,SaleSRP,RegPricePerUnit,CustomerID,PriceOrigin,QuantityOrdered,Taxable,LB flag,CW flag,CW2,CNF_RegSRP,CNF_SpcSRP,CorpCustID,CorpProdID,OrderNumber,InvoiceDate,Servings,
Detail,8059486,B,026851-120407,0907725,"-3","EA","4.4 #","ONERTH","ADULT CAT FORMULA,DRY",".00",,"4.740","-14.22",".00","4.740",54835,"","-3",0,"N","N",".00","","",54835,90772,8059486,4/16/2010,1,
Footer,8059486,C,"0","0","0","0","0","0",".00",".00",".00","-14.22","0",".00","-14.22",".00",".00",".00",".00",".00",4/16/2010,54835,8059486,,,,,,,
