RecType,InvNum,Type,OrderNumber,InvoiceDate,DBA,CustomerNumber,CustomerName,CustAddr1,CustAddr2,City,State,ZipCode,PhoneNumber,Whse,Trip,Terms,D/CFlag,TermsMsg,CorpCustID,CoverSheet,OrdEntryDate,ChainCode,ApplyTo#,PO#,,,,,,
Header,8160986,A,6659223,5/1/2010,1,54835,"WHOLE FOODS COMMUNITY COO","610 EAST 4TH STREET","","DULUTH","MN","558050000","218-728-0884",8,"642",7,0,"NET 21 DAYS",54835,3589543,4/30/2010,"CMW",0,"LN2265865-21",,,,,,
RecType,InvNum,Type,UPC,ProductID,QuantityShipped,Unit,Size,Brand,Description,RegularSRP,Status,NetPricePerUnit,ExtendedPrice,SaleSRP,RegPricePerUnit,CustomerID,PriceOrigin,QuantityOrdered,Taxable,LB flag,CW flag,CW2,CNF_RegSRP,CNF_SpcSRP,CorpCustID,CorpProdID,OrderNumber,InvoiceDate,Servings,
Detail,8160986,B,089836-002945,0311548,"1","EA","#","FRNTHB","MUSTARD SEED,OG,YEL,GRND","11.15",,"4.110","4.11",".00","4.110",54835,"","1",0,"N","N",".00","","",54835,31154,6659223,5/1/2010,1,
Detail,8160986,B,089836-026002,0546671,"2","EA","#","FRNTHB","PEPPER,BLACK,OG,MED,GRIND","22.35",,"6.730","13.46","22.35","8.230",54835,"PRO 20","2",0,"N","N",".00","","",54835,54667,6659223,5/1/2010,1,
Detail,8160986,B,089836-027702,0546333,"1","EA","#","FRNTHB","CHILI POWDER BLEND,OG","24.69",,"9.090","9.09",".00","9.090",54835,"","1",0,"N","N",".00","","",54835,54633,6659223,5/1/2010,1,
Detail,8160986,B,089836-001252,0379388,"1","EA","#","FRNTHB","CHILI POWDER FIESTA","14.95",,"5.490","5.49",".00","5.490",54835,"","1",0,"N","N",".00","","",54835,37938,6659223,5/1/2010,1,
Detail,8160986,B,089836-001382,0312363,"1","EA","#","FRNTHB","CURRY POWDER,MUCHI","13.45",,"4.940","4.94",".00","4.940",54835,"","1",0,"N","N",".00","","",54835,31236,6659223,5/1/2010,1,
Detail,8160986,B,089836-028723,0551739,"1","EA","#","FRNTHB","TEA,OG,FT,CHAI","35.29",,"13.000","13.00",".00","13.000",54835,"","1",0,"N","N",".00","","",54835,55173,6659223,5/1/2010,1,
Detail,8160986,B,026938-899806,0899807,"1","","EA","","TOTES CHARGE",".00",,".000",".00",".00",".000",54835,"NO CHG","1",0,"","",".00","N","",54835,89980,6659223,5/1/2010,1,
RecType,InvNum,Type,NumGroceryItems,NumRefrigItems,NumRepackItems,NumFrozenItems,TotalPcs,TotalWt,TotalCubes,NonSpecial,Special,GrossTotal,VolDiscnt,Discount,NetTotal,TotalRetail,Deposits,Adjustments,ProfitAmnt,Profit%,InvDate,CorpCustID,OrderNumber,,,,,,,
Footer,8160986,C,"0","0","1","0","1","14",".17","36.63","13.46","50.09","0",".00","50.09","144.23",".00",".00",".00",".00",5/1/2010,54835,6659223,,,,,,,
