RecType,InvNum,Type,OrderNumber,InvoiceDate,DBA,CustomerNumber,CustomerName,CustAddr1,CustAddr2,City,State,ZipCode,PhoneNumber,Whse,Trip,Terms,D/CFlag,TermsMsg,CorpCustID,CoverSheet,OrdEntryDate,ChainCode,ApplyTo#,PO#,,,,,,
Header,8160974,A,6659167,5/1/2010,1,54835,"WHOLE FOODS COMMUNITY COO","610 EAST 4TH STREET","","DULUTH","MN","558050000","218-728-0884",8,"642",7,0,"NET 21 DAYS",54835,3589543,4/30/2010,"CMW",0,"LN2265859-03",,,,,,
RecType,InvNum,Type,UPC,ProductID,QuantityShipped,Unit,Size,Brand,Description,RegularSRP,Status,NetPricePerUnit,ExtendedPrice,SaleSRP,RegPricePerUnit,CustomerID,PriceOrigin,QuantityOrdered,Taxable,LB flag,CW flag,CW2,CNF_RegSRP,CNF_SpcSRP,CorpCustID,CorpProdID,OrderNumber,InvoiceDate,Servings,
Detail,8160974,B,026938-462734,0462739,"1","LB","5 #","BRUNKW","CHEDDAR,COLORED","6.49",,"3.400","17.20",".00","3.400",54835,"","1",0,"N","Y","5.06","","",54835,46273,6659167,5/1/2010,1,
Detail,8160974,B,026938-462277,0462275,"1","LB","5 #","BRUNKW","CHEDDAR,YELLOW,MED","6.99",,"3.660","18.23",".00","3.660",54835,"","1",0,"N","Y","4.98","","",54835,46227,6659167,5/1/2010,1,
Detail,8160974,B,026938-462895,0462895,"1","LB","5 #","BRUNKW","CHEDDR,MILD WHITE RM","6.79",,"3.550","18.11",".00","3.550",54835,"","1",0,"N","Y","5.10","","",54835,46289,6659167,5/1/2010,1,
Detail,8160974,B,049568-530109,0476911,"1","CS","10 OZ","FOLLOW","CHEDDAR VEGAN CHEESE","5.15",,"2.685","32.22",".00","2.685",54835,"","1",0,"N","N",".00","","",54835,47691,6659167,5/1/2010,12,
Detail,8160974,B,093966-472080,0598284,"1","CS","6 OZ","OGVAL","4-CHS ITAL BLND,OG,SHRED","5.69",,"2.555","30.66","5.69","2.979",54835,"PRO 13","1",0,"N","N",".00","","",54835,59828,6659167,5/1/2010,12,
Detail,8160974,B,093966-113105,0222208,"1","CS","8 OZ","OGVAL","CHEDDAR,OG,MILD,RAW","6.15",,"3.223","38.67",".00","3.223",54835,"","1",0,"N","N",".00","","",54835,22220,6659167,5/1/2010,12,
Detail,8160974,B,093966-000054,0602441,"2","CS","1 OZ","OGVAL","STRINGLES,OG",".85",,".443","21.26",".00",".443",54835,"","2",0,"N","N",".00","","",54835,60244,6659167,5/1/2010,24,
Detail,8160974,B,026938-505998,0505990,"1","LB","7 #","SWSVAL","SWISS,GRADE A","5.39",,"2.830","21.28",".00","2.830",54835,"","1",0,"N","Y","7.52","","",54835,50599,6659167,5/1/2010,1,
Detail,8160974,B,020188-050253,0327270,"1","CS","8 OZ","TOFUTI","BTR THN CRM CHESE,NON-HYD","3.85",,"1.494","17.93","3.85","1.993",54835,"PRO 25","1",0,"N","N",".00","","",54835,32727,6659167,5/1/2010,12,
RecType,InvNum,Type,NumGroceryItems,NumRefrigItems,NumRepackItems,NumFrozenItems,TotalPcs,TotalWt,TotalCubes,NonSpecial,Special,GrossTotal,VolDiscnt,Discount,NetTotal,TotalRetail,Deposits,Adjustments,ProfitAmnt,Profit%,InvDate,CorpCustID,OrderNumber,,,,,,,
Footer,8160974,C,"0","10","0","0","10","53",".15","166.97","48.59","215.56","0",".00","215.56","433.69",".00",".00",".00",".00",5/1/2010,54835,6659167,,,,,,,
