RecType,InvNum,Type,OrderNumber,InvoiceDate,DBA,CustomerNumber,CustomerName,CustAddr1,CustAddr2,City,State,ZipCode,PhoneNumber,Whse,Trip,Terms,D/CFlag,TermsMsg,CorpCustID,CoverSheet,OrdEntryDate,ChainCode,ApplyTo#,PO#,,,,,,
Header,8160967,A,6658728,5/1/2010,1,54835,"WHOLE FOODS COMMUNITY COO","610 EAST 4TH STREET","","DULUTH","MN","558050000","218-728-0884",8,"642",7,0,"NET 21 DAYS",54835,3589543,4/30/2010,"CMW",0,"LN2265814-05",,,,,,
RecType,InvNum,Type,UPC,ProductID,QuantityShipped,Unit,Size,Brand,Description,RegularSRP,Status,NetPricePerUnit,ExtendedPrice,SaleSRP,RegPricePerUnit,CustomerID,PriceOrigin,QuantityOrdered,Taxable,LB flag,CW flag,CW2,CNF_RegSRP,CNF_SpcSRP,CorpCustID,CorpProdID,OrderNumber,InvoiceDate,Servings,
Detail,8160967,B,722430-000169,0772251,"1","CS","16 OZ","GTS","KOMBUCHA,OG,ORIGINAL","2.95",,"2.191","26.29",".00","2.191",54835,"","1",0,"N","N",".00","","",54835,77225,6658728,5/1/2010,12,
Detail,8160967,B,664372-600086,0965111,"1","CS","6 OZ","WHLSOY","YOGURT STYLE,OG,BLUEBERRY","1.25",,".641","7.69","1.25",".735",54835,"M 15","1",0,"N","N",".00","","",54835,96511,6658728,5/1/2010,12,
Detail,8160967,B,664372-600062,0965137,"2","CS","6 OZ","WHLSOY","YOGURT STYLE,OG,LEMON","1.25",,".641","15.38","1.25",".735",54835,"M 15","2",0,"N","N",".00","","",54835,96513,6658728,5/1/2010,12,
Detail,8160967,B,664372-600222,0217331,"2","CS","6 OZ","WHLSOY","YOGURT STYLE,OG,MXD BERRY","1.25",,".641","15.38","1.25",".735",54835,"M 15","2",0,"N","N",".00","","",54835,21733,6658728,5/1/2010,12,
RecType,InvNum,Type,NumGroceryItems,NumRefrigItems,NumRepackItems,NumFrozenItems,TotalPcs,TotalWt,TotalCubes,NonSpecial,Special,GrossTotal,VolDiscnt,Discount,NetTotal,TotalRetail,Deposits,Adjustments,ProfitAmnt,Profit%,InvDate,CorpCustID,OrderNumber,,,,,,,
Footer,8160967,C,"0","6","0","0","6","48",".18","26.29","38.45","64.74","0",".00","64.74","110.40",".00",".00",".00",".00",5/1/2010,54835,6658728,,,,,,,
