RecType,InvNum,Type,OrderNumber,InvoiceDate,DBA,CustomerNumber,CustomerName,CustAddr1,CustAddr2,City,State,ZipCode,PhoneNumber,Whse,Trip,Terms,D/CFlag,TermsMsg,CorpCustID,CoverSheet,OrdEntryDate,ChainCode,ApplyTo#,PO#,,,,,,
Header,8160990,A,6659932,5/1/2010,1,54835,"WHOLE FOODS COMMUNITY COO","610 EAST 4TH STREET","","DULUTH","MN","558050000","218-728-0884",8,"642",7,0,"NET 21 DAYS",54835,3589543,4/30/2010,"CMW",0,"",,,,,,
RecType,InvNum,Type,UPC,ProductID,QuantityShipped,Unit,Size,Brand,Description,RegularSRP,Status,NetPricePerUnit,ExtendedPrice,SaleSRP,RegPricePerUnit,CustomerID,PriceOrigin,QuantityOrdered,Taxable,LB flag,CW flag,CW2,CNF_RegSRP,CNF_SpcSRP,CorpCustID,CorpProdID,OrderNumber,InvoiceDate,Servings,
Detail,8160990,B,026938-066048,0660407,"1","CS","#","BULK B","BANANA CHIPS,SWEETENED","2.65",,"1.479","20.71",".00","1.479",54835,"","1",0,"N","N",".00","","",54835,66040,6659932,5/1/2010,14,
Footer,8160990,C,"1","0","0","0","1","16",".07","20.71",".00","20.71","0",".00","20.71","37.10",".00",".00",".00",".00",5/1/2010,54835,6659932,,,,,,,
