RecType,InvNum,Type,OrderNumber,InvoiceDate,DBA,CustomerNumber,CustomerName,CustAddr1,CustAddr2,City,State,ZipCode,PhoneNumber,Whse,Trip,Terms,D/CFlag,TermsMsg,CorpCustID,CoverSheet,OrdEntryDate,ChainCode,ApplyTo#,PO#,,,,,,
Header,8160968,A,6658729,5/1/2010,1,54835,"WHOLE FOODS COMMUNITY COO","610 EAST 4TH STREET","","DULUTH","MN","558050000","218-728-0884",8,"642",7,0,"NET 21 DAYS",54835,3589543,4/30/2010,"CMW",0,"LN2265814-08",,,,,,
RecType,InvNum,Type,UPC,ProductID,QuantityShipped,Unit,Size,Brand,Description,RegularSRP,Status,NetPricePerUnit,ExtendedPrice,SaleSRP,RegPricePerUnit,CustomerID,PriceOrigin,QuantityOrdered,Taxable,LB flag,CW flag,CW2,CNF_RegSRP,CNF_SpcSRP,CorpCustID,CorpProdID,OrderNumber,InvoiceDate,Servings,
Detail,8160968,B,858302-001238,0181867,"2","CS","20 OZ","BLHOR","SHRIMP&OG PENNE ALFREDO","8.75",,"5.447","65.36",".00","5.447",54835,"","2",0,"N","N",".00","","",54835,18186,6658729,5/1/2010,6,
RecType,InvNum,Type,NumGroceryItems,NumRefrigItems,NumRepackItems,NumFrozenItems,TotalPcs,TotalWt,TotalCubes,NonSpecial,Special,GrossTotal,VolDiscnt,Discount,NetTotal,TotalRetail,Deposits,Adjustments,ProfitAmnt,Profit%,InvDate,CorpCustID,OrderNumber,,,,,,,
Footer,8160968,C,"0","0","0","2","2","16",".12","65.36",".00","65.36","0",".00","65.36","105.00",".00",".00",".00",".00",5/1/2010,54835,6658729,,,,,,,
