RecType,InvNum,Type,OrderNumber,InvoiceDate,DBA,CustomerNumber,CustomerName,CustAddr1,CustAddr2,City,State,ZipCode,PhoneNumber,Whse,Trip,Terms,D/CFlag,TermsMsg,CorpCustID,CoverSheet,OrdEntryDate,ChainCode,ApplyTo#,PO#,,,,,,
Header,8160977,A,6659213,5/1/2010,1,54835,"WHOLE FOODS COMMUNITY COO","610 EAST 4TH STREET","","DULUTH","MN","558050000","218-728-0884",8,"642",7,0,"NET 21 DAYS",54835,3589543,4/30/2010,"CMW",0,"LN2265865-03",,,,,,
RecType,InvNum,Type,UPC,ProductID,QuantityShipped,Unit,Size,Brand,Description,RegularSRP,Status,NetPricePerUnit,ExtendedPrice,SaleSRP,RegPricePerUnit,CustomerID,PriceOrigin,QuantityOrdered,Taxable,LB flag,CW flag,CW2,CNF_RegSRP,CNF_SpcSRP,CorpCustID,CorpProdID,OrderNumber,InvoiceDate,Servings,
Detail,8160977,B,724742-008222,0390310,"2","EA","6.5 OZ","ALBA","BODY CREAM,PAPAYA MANGO","12.35",,"5.590","11.18","12.35","6.460",54835,"CSD 15","2",0,"N","N",".00","","",54835,39031,6659213,5/1/2010,1,
Detail,8160977,B,018787-774328,0329912,"1","EA","32 OZ","DR B'S","CASTILE SOAP,OG,LAVENDER","14.25",,"6.460","6.46","14.25","7.470",54835,"M 15","1",0,"N","N",".00","","",54835,32991,6659213,5/1/2010,1,
Detail,8160977,B,085178-000090,0401646,"1","CS","PIECE","RADIUS","TBRSH,ORIGINAL,LEFT HAND","9.25",,"4.075","24.45","9.25","4.973",54835,"M 20","1",0,"N","N",".00","","",54835,40164,6659213,5/1/2010,6,
Detail,8160977,B,026938-899806,0899807,"1","","EA","","TOTES CHARGE",".00",,".000",".00",".00",".000",54835,"NO CHG","1",0,"","",".00","N","",54835,89980,6659213,5/1/2010,1,
RecType,InvNum,Type,NumGroceryItems,NumRefrigItems,NumRepackItems,NumFrozenItems,TotalPcs,TotalWt,TotalCubes,NonSpecial,Special,GrossTotal,VolDiscnt,Discount,NetTotal,TotalRetail,Deposits,Adjustments,ProfitAmnt,Profit%,InvDate,CorpCustID,OrderNumber,,,,,,,
Footer,8160977,C,"0","0","1","0","1","11",".15",".00","42.09","42.09","0",".00","42.09","94.45",".00",".00",".00",".00",5/1/2010,54835,6659213,,,,,,,
