RecType,InvNum,Type,OrderNumber,InvoiceDate,DBA,CustomerNumber,CustomerName,CustAddr1,CustAddr2,City,State,ZipCode,PhoneNumber,Whse,Trip,Terms,D/CFlag,TermsMsg,CorpCustID,CoverSheet,OrdEntryDate,ChainCode,ApplyTo#,PO#,,,,,,
Header,8469049,A,8469049,6/18/2010,1,54835,"WHOLE FDS COOP-DULUTH","610 EAST 4TH STREET","","DULUTH","MN","558050000","218-728-0884",8,"000",0,2,"",54835,3719899,6/18/2010,"CMW",8479270,"",,,,,,
RecType,InvNum,Type,UPC,ProductID,QuantityShipped,Unit,Size,Brand,Description,RegularSRP,Status,NetPricePerUnit,ExtendedPrice,SaleSRP,RegPricePerUnit,CustomerID,PriceOrigin,QuantityOrdered,Taxable,LB flag,CW flag,CW2,CNF_RegSRP,CNF_SpcSRP,CorpCustID,CorpProdID,OrderNumber,InvoiceDate,Servings,
Detail,8469049,B,891048-001001,0131458,"-1","CS","1.9 OZ","EARNST","BAR,BAKED,ALMD TRAIL MIX",".00",,".943","-11.32",".00",".943",54835,"","-1",0,"N","N",".00","","",54835,13145,8469049,6/18/2010,12,
Detail,8469049,B,039978-009401,0254599,"-1","CS","16 OZ","BOB'S","FLAXSEED MEAL,OG,GLDN G/F",".00",,"3.410","-13.64",".00","3.410",54835,"","-1",0,"N","N",".00","","",54835,25459,8469049,6/18/2010,4,
Detail,8469049,B,039978-003911,0265439,"-1","CS","16 OZ","BOB'S","BAKING SODA,G/F",".00",,".000",".00",".00",".000",54835,"","-1",0,"N","N",".00","","",54835,26543,8469049,6/18/2010,4,
Detail,8469049,B,021908-509259,0824649,"-1","CS","1.7 OZ","LARABR","NUTRITIONAL BAR,CASHEW CK",".00",,".000",".00",".00",".000",54835,"","-1",0,"N","N",".00","","",54835,82464,8469049,6/18/2010,16,
RecType,InvNum,Type,NumGroceryItems,NumRefrigItems,NumRepackItems,NumFrozenItems,TotalPcs,TotalWt,TotalCubes,NonSpecial,Special,GrossTotal,VolDiscnt,Discount,NetTotal,TotalRetail,Deposits,Adjustments,ProfitAmnt,Profit%,InvDate,CorpCustID,OrderNumber,,,,,,,
Footer,8469049,C,"0","0","0","0","0","0",".00",".00",".00","-24.96","0",".00","-24.96",".00",".00",".00",".00",".00",6/18/2010,54835,8469049,,,,,,,
