RecType,InvNum,Type,OrderNumber,InvoiceDate,DBA,CustomerNumber,CustomerName,CustAddr1,CustAddr2,City,State,ZipCode,PhoneNumber,Whse,Trip,Terms,D/CFlag,TermsMsg,CorpCustID,CoverSheet,OrdEntryDate,ChainCode,ApplyTo#,PO#,,,,,,
Header,8469094,A,8469094,6/18/2010,1,54835,"WHOLE FDS COOP-DULUTH","610 EAST 4TH STREET","","DULUTH","MN","558050000","218-728-0884",8,"000",0,2,"",54835,3719899,6/18/2010,"CMW",8479270,"",,,,,,
RecType,InvNum,Type,UPC,ProductID,QuantityShipped,Unit,Size,Brand,Description,RegularSRP,Status,NetPricePerUnit,ExtendedPrice,SaleSRP,RegPricePerUnit,CustomerID,PriceOrigin,QuantityOrdered,Taxable,LB flag,CW flag,CW2,CNF_RegSRP,CNF_SpcSRP,CorpCustID,CorpProdID,OrderNumber,InvoiceDate,Servings,
Detail,8469094,B,074305-031120,0748871,"-1","CS","12 OZ","BRAGG","SALAD DRESSING,GNGR&SESAM",".00",,"3.270","-39.24",".00","3.270",54835,"","-1",0,"N","N",".00","","",54835,74887,8469094,6/18/2010,12,
Footer,8469094,C,"0","0","0","0","0","0",".00",".00",".00","-39.24","0",".00","-39.24",".00",".00",".00",".00",".00",6/18/2010,54835,8469094,,,,,,,
