RecType,InvNum,Type,OrderNumber,InvoiceDate,DBA,CustomerNumber,CustomerName,CustAddr1,CustAddr2,City,State,ZipCode,PhoneNumber,Whse,Trip,Terms,D/CFlag,TermsMsg,CorpCustID,CoverSheet,OrdEntryDate,ChainCode,ApplyTo#,PO#,,,,,,
Header,8825030,A,7257586,8/12/2010,1,54835,"WHOLE FDS COOP-DULUTH","610 EAST 4TH STREET","","DULUTH","MN","558050000","218-728-0884",8,"412",7,0,"NET 21 DAYS",54835,3859917,8/11/2010,"CMW",0,"LN2457561-08",,,,,,
RecType,InvNum,Type,UPC,ProductID,QuantityShipped,Unit,Size,Brand,Description,RegularSRP,Status,NetPricePerUnit,ExtendedPrice,SaleSRP,RegPricePerUnit,CustomerID,PriceOrigin,QuantityOrdered,Taxable,LB flag,CW flag,CW2,CNF_RegSRP,CNF_SpcSRP,CorpCustID,CorpProdID,OrderNumber,InvoiceDate,Servings,
Detail,8825030,B,013562-300631,0645085,"1","CS","6 OZ","ANNIE","OG PASTA & OG WHT CHEDDAR","2.75",,"1.563","18.76",".00","1.563",54835,"","1",0,"N","N",".00","","",54835,64508,7257586,8/12/2010,12,
Detail,8825030,B,021908-134727,0367128,"1","CS","7.4 OZ","CSCADE","GRANOLA BARS,OG,FRT & NUT","5.35",,"2.100","25.20","5.35","3.060",54835,"PRO 32","1",0,"N","N",".00","","",54835,36712,7257586,8/12/2010,12,
Detail,8825030,B,742365-208959,0170373,"1","CS","3/8 OZ","HORIZN","MILK,CHOC,OG,UP,RDCD FAT","4.55",,"2.590","15.54",".00","2.590",54835,"","1",0,"N","N",".00","","",54835,17037,7257586,8/12/2010,6,
Detail,8825030,B,742365-208836,0208165,"1","EA","18/8 OZ","HORIZN","MILK,OG,STRWBY,RF,CLUB PK","27.09",,"15.540","15.54",".00","15.540",54835,"","1",0,"N","N",".00","","",54835,20816,7257586,8/12/2010,1,
Detail,8825030,B,875386-000315,0886275,"1","CS","32 OZ","LIVHAR","HEMPMILK,TEMPT,CHOCOLATE","4.25",,"1.963","23.56","4.25","2.413",54835,"PRO 20","1",0,"N","N",".00","","",54835,88627,7257586,8/12/2010,12,
Detail,8825030,B,875386-000308,0886234,"1","CS","32 OZ","LIVHAR","HEMPMILK,TEMPT,ORIGINAL","4.25",,"1.963","23.56","4.25","2.413",54835,"PRO 20","1",0,"N","N",".00","","",54835,88623,7257586,8/12/2010,12,
Detail,8825030,B,725342-488001,0553149,"1","CS","16 OZ","MUIR","SALSA,OG,GRLC CILNTRO,MED","4.45",,"2.036","24.43","4.45","2.558",54835,"PRO 20","1",0,"N","N",".00","","",54835,55314,7257586,8/12/2010,12,
Detail,8825030,B,074780-000055,0489369,"7","CS","750ML","PERIER","SPARKLING WATER,ORIG","2.09",,"1.184","99.47",".00","1.184",54835,"","7",0,"N","N",".00","","",54835,48936,7257586,8/12/2010,12,
Detail,8825030,B,074682-102017,0423269,"1","CS","64 OZ","KNDSN","JUICE,OG,APPLE,1/2 GALLON","5.89",,"3.470","20.82",".00","3.470",54835,"","1",0,"N","N",".00","","",54835,42326,7257586,8/12/2010,6,
Detail,8825030,B,041508-800006,0105296,"5","CS","1 LTR","SANPEL","SPARKLING MINERAL WATER","2.39",,"1.367","82.00",".00","1.367",54835,"","5",0,"N","N",".00","","",54835,10529,7257586,8/12/2010,12,
Detail,8825030,B,041653-456745,0345918,"1","CS","10.5 OZ","UNCSAM","CEREAL,UNCLE SAM W/BERRIE","4.19",,"2.491","29.89",".00","2.491",54835,"","1",0,"N","N",".00","","",54835,34591,7257586,8/12/2010,12,
Detail,8825030,B,722252-126306,0303776,"0","CS","1.59 OZ","CLIF","MOJO BAR,OG,DPPD CHOC PNT",".00",OUT,".000",".00",".00",".000",54835,"","1",0,"N","N",".00","","",54835,30377,7257586,8/12/2010,12,
Detail,8825030,B,852697-001316,0208793,"0","CS","4.22 OZ","HAPPYT","BABY FD,OG,BAN,PCH,COC,PR",".00",OUT,".000",".00",".00",".000",54835,"","1",0,"N","N",".00","","",54835,20879,7257586,8/12/2010,16,
Detail,8825030,B,084253-222167,0305987,"0","CS","32 OZ","IMAGIN","RICE ENRICH VAN,NONDAIRY",".00",OUT,".000",".00",".00",".000",54835,"","2",0,"N","N",".00","","",54835,30598,7257586,8/12/2010,12,
Detail,8825030,B,084253-260213,0646141,"0","CS","32 OZ","IMAGIN","SOY ENRICH BEV,OG,VAN,ND",".00",OUT,".000",".00",".00",".000",54835,"","1",0,"N","N",".00","","",54835,64614,7257586,8/12/2010,12,
Detail,8825030,B,070227-500959,0347849,"0","CS","32 OZ","STREIT","BORSCHT",".00",OUT,".000",".00",".00",".000",54835,"","1",0,"N","N",".00","","",54835,34784,7257586,8/12/2010,12,
Detail,8825030,B,898999-000022,0797753,"0","CS","11.2OZ","VITACO","COCONUT WATER,NATURAL",".00",OUT,".000",".00",".00",".000",54835,"","5",0,"N","N",".00","","",54835,79775,7257586,8/12/2010,12,
RecType,InvNum,Type,NumGroceryItems,NumRefrigItems,NumRepackItems,NumFrozenItems,TotalPcs,TotalWt,TotalCubes,NonSpecial,Special,GrossTotal,VolDiscnt,Discount,NetTotal,TotalRetail,Deposits,Adjustments,ProfitAmnt,Profit%,InvDate,CorpCustID,OrderNumber,,,,,,,
Footer,8825030,C,"21","0","0","0","21","581","1.61","282.02","96.75","378.77","0",".00","378.77","711.57",".00",".00",".00",".00",8/12/2010,54835,7257586,,,,,,,
