RecType,InvNum,Type,OrderNumber,InvoiceDate,DBA,CustomerNumber,CustomerName,CustAddr1,CustAddr2,City,State,ZipCode,PhoneNumber,Whse,Trip,Terms,D/CFlag,TermsMsg,CorpCustID,CoverSheet,OrdEntryDate,ChainCode,ApplyTo#,PO#,,,,,,
Header,8825012,A,7256984,8/12/2010,1,54835,"WHOLE FDS COOP-DULUTH","610 EAST 4TH STREET","","DULUTH","MN","558050000","218-728-0884",8,"412",7,0,"NET 21 DAYS",54835,3859917,8/11/2010,"CMW",0,"LN2457487-05",,,,,,
RecType,InvNum,Type,UPC,ProductID,QuantityShipped,Unit,Size,Brand,Description,RegularSRP,Status,NetPricePerUnit,ExtendedPrice,SaleSRP,RegPricePerUnit,CustomerID,PriceOrigin,QuantityOrdered,Taxable,LB flag,CW flag,CW2,CNF_RegSRP,CNF_SpcSRP,CorpCustID,CorpProdID,OrderNumber,InvoiceDate,Servings,
Detail,8825012,B,054319-000046,0431981,"1","CS","32 OZ","SEVEN","YOGURT,OG,PLAIN,LOWFT","4.25",,"2.567","15.40",".00","2.567",54835,"","1",0,"N","N",".00","","",54835,43198,7256984,8/12/2010,6,
Detail,8825012,B,744473-941049,0943050,"1","CS","16 OZ","SDELCS","COCONUT CREAMER,FRNCH VAN","2.15",,"1.262","15.14","2.15","1.585",54835,"PRO 20","1",0,"N","N",".00","","",54835,94305,7256984,8/12/2010,12,
Detail,8825012,B,689544-081562,0106344,"1","CS","5.3 OZ","TOTAL","FAGE,GRK YGT,CHERRY,2%","1.99",,"1.198","14.37",".00","1.198",54835,"","1",0,"N","N",".00","","",54835,10634,7256984,8/12/2010,12,
RecType,InvNum,Type,NumGroceryItems,NumRefrigItems,NumRepackItems,NumFrozenItems,TotalPcs,TotalWt,TotalCubes,NonSpecial,Special,GrossTotal,VolDiscnt,Discount,NetTotal,TotalRetail,Deposits,Adjustments,ProfitAmnt,Profit%,InvDate,CorpCustID,OrderNumber,,,,,,,
Footer,8825012,C,"0","3","0","0","3","33",".11","29.77","15.14","44.91","0",".00","44.91","75.18",".00",".00",".00",".00",8/12/2010,54835,7256984,,,,,,,
