RecType,InvNum,Type,OrderNumber,InvoiceDate,DBA,CustomerNumber,CustomerName,CustAddr1,CustAddr2,City,State,ZipCode,PhoneNumber,Whse,Trip,Terms,D/CFlag,TermsMsg,CorpCustID,CoverSheet,OrdEntryDate,ChainCode,ApplyTo#,PO#,,,,,,
Header,8825014,A,7256987,8/12/2010,1,54835,"WHOLE FDS COOP-DULUTH","610 EAST 4TH STREET","","DULUTH","MN","558050000","218-728-0884",8,"412",7,0,"NET 21 DAYS",54835,3859917,8/11/2010,"CMW",0,"LN2457487-08",,,,,,
RecType,InvNum,Type,UPC,ProductID,QuantityShipped,Unit,Size,Brand,Description,RegularSRP,Status,NetPricePerUnit,ExtendedPrice,SaleSRP,RegPricePerUnit,CustomerID,PriceOrigin,QuantityOrdered,Taxable,LB flag,CW flag,CW2,CNF_RegSRP,CNF_SpcSRP,CorpCustID,CorpProdID,OrderNumber,InvoiceDate,Servings,
Detail,8825014,B,042272-001019,0522946,"1","CS","13 OZ","AMY'S","PIZZA,OG,CHEESE","6.85",,"4.249","33.99",".00","4.249",54835,"","1",0,"N","N",".00","","",54835,52294,7256987,8/12/2010,8,
Detail,8825014,B,021908-965406,0614149,"1","CS","12 OZ","CSCADE","FRZN JCE,OG,CRNBRY COCKTL","4.25",,"2.073","24.87","4.25","2.634",54835,"PRO 21","1",0,"N","N",".00","","",54835,61414,7256987,8/12/2010,12,
Detail,8825014,B,021908-530017,0613505,"1","CS","10 OZ","CSCADE","RASPBERRIES,OG","4.25",,"1.975","23.70","4.25","2.481",54835,"PRO 20","1",0,"N","N",".00","","",54835,61350,7256987,8/12/2010,12,
Detail,8825014,B,023923-206014,0688671,"1","CS","7.9 OZ","EARTHB","SS WAFFLES,MINI,BLUEBERRY","3.25",,"1.913","22.96",".00","1.913",54835,"","1",0,"N","N",".00","","",54835,68867,7256987,8/12/2010,12,
Detail,8825014,B,073472-003695,0538579,"1","CS","12 OZ","FDLIFE","TORTILLAS,BROWN RICE,G/F","3.25",,"1.903","22.83",".00","1.903",54835,"","1",0,"N","N",".00","","",54835,53857,7256987,8/12/2010,12,
RecType,InvNum,Type,NumGroceryItems,NumRefrigItems,NumRepackItems,NumFrozenItems,TotalPcs,TotalWt,TotalCubes,NonSpecial,Special,GrossTotal,VolDiscnt,Discount,NetTotal,TotalRetail,Deposits,Adjustments,ProfitAmnt,Profit%,InvDate,CorpCustID,OrderNumber,,,,,,,
Footer,8825014,C,"0","0","0","5","5","48",".31","79.78","48.57","128.35","0",".00","128.35","234.80",".00",".00",".00",".00",8/12/2010,54835,7256987,,,,,,,
