RecType,InvNum,Type,OrderNumber,InvoiceDate,DBA,CustomerNumber,CustomerName,CustAddr1,CustAddr2,City,State,ZipCode,PhoneNumber,Whse,Trip,Terms,D/CFlag,TermsMsg,CorpCustID,CoverSheet,OrdEntryDate,ChainCode,ApplyTo#,PO#,,,,,,
Header,8825027,A,7257512,8/12/2010,1,54835,"WHOLE FDS COOP-DULUTH","610 EAST 4TH STREET","","DULUTH","MN","558050000","218-728-0884",8,"412",7,0,"NET 21 DAYS",54835,3859917,8/11/2010,"CMW",0,"LN2457548-21",,,,,,
RecType,InvNum,Type,UPC,ProductID,QuantityShipped,Unit,Size,Brand,Description,RegularSRP,Status,NetPricePerUnit,ExtendedPrice,SaleSRP,RegPricePerUnit,CustomerID,PriceOrigin,QuantityOrdered,Taxable,LB flag,CW flag,CW2,CNF_RegSRP,CNF_SpcSRP,CorpCustID,CorpProdID,OrderNumber,InvoiceDate,Servings,
Detail,8825027,B,089836-021946,0448324,"1","EA","#","FRNTHB","BENTONITE CLAY POWDER","17.85",,"6.560","6.56",".00","6.560",54835,"","1",0,"N","N",".00","","",54835,44832,7257512,8/12/2010,1,
Detail,8825027,B,089836-026507,0478271,"1","EA","#","FRNTHB","CURRY POWDER,OG","19.49",,"7.170","7.17",".00","7.170",54835,"","1",0,"N","N",".00","","",54835,47827,7257512,8/12/2010,1,
Detail,8825027,B,089836-025241,0298331,"1","EA","#","FRNTHB","GARLIC GRANULES,OG","15.49",,"5.700","5.70",".00","5.700",54835,"","1",0,"N","N",".00","","",54835,29833,7257512,8/12/2010,1,
Detail,8825027,B,089836-003720,0478370,"1","EA","#","FRNTHB","ONION FLAKES,OG,WHITE","16.95",,"6.230","6.23",".00","6.230",54835,"","1",0,"N","N",".00","","",54835,47837,7257512,8/12/2010,1,
Detail,8825027,B,089836-002815,0298398,"1","EA","#","FRNTHB","OREGANO LEAF C/S,OG","24.35",,"8.970","8.97",".00","8.970",54835,"","1",0,"N","N",".00","","",54835,29839,7257512,8/12/2010,1,
Detail,8825027,B,089836-008633,0791673,"1","EA","#","FRNTHB","PSYLLIUM SD HUSK,OG,WHOLE","21.15",,"7.790","7.79",".00","7.790",54835,"","1",0,"N","N",".00","","",54835,79167,7257512,8/12/2010,1,
Detail,8825027,B,026938-899806,0899807,"1","","EA","","TOTES CHARGE",".00",,".000",".00",".00",".000",54835,"NO CHG","1",0,"","",".00","N","",54835,89980,7257512,8/12/2010,1,
Detail,8825027,B,089836-003430,0311449,"0","EA","#","FRNTHB","MUSTARD SEED,OG,YEL,WHL",".00",OUT,".000",".00",".00",".000",54835,"","2",0,"N","N",".00","","",54835,31144,7257512,8/12/2010,1,
RecType,InvNum,Type,NumGroceryItems,NumRefrigItems,NumRepackItems,NumFrozenItems,TotalPcs,TotalWt,TotalCubes,NonSpecial,Special,GrossTotal,VolDiscnt,Discount,NetTotal,TotalRetail,Deposits,Adjustments,ProfitAmnt,Profit%,InvDate,CorpCustID,OrderNumber,,,,,,,
Footer,8825027,C,"0","0","1","0","1","13",".18","42.42",".00","42.42","0",".00","42.42","115.28",".00",".00",".00",".00",8/12/2010,54835,7257512,,,,,,,
