RecType,InvNum,Type,OrderNumber,InvoiceDate,DBA,CustomerNumber,CustomerName,CustAddr1,CustAddr2,City,State,ZipCode,PhoneNumber,Whse,Trip,Terms,D/CFlag,TermsMsg,CorpCustID,CoverSheet,OrdEntryDate,ChainCode,ApplyTo#,PO#,,,,,,
Header,8243521,A,8243521,5/14/2010,1,54835,"WHOLE FOODS COMMUNITY COO","610 EAST 4TH STREET","","DULUTH","MN","558050000","218-728-0884",8,"000",0,2,"",54835,3627802,5/14/2010,"CMW",8253953,"",,,,,,
RecType,InvNum,Type,UPC,ProductID,QuantityShipped,Unit,Size,Brand,Description,RegularSRP,Status,NetPricePerUnit,ExtendedPrice,SaleSRP,RegPricePerUnit,CustomerID,PriceOrigin,QuantityOrdered,Taxable,LB flag,CW flag,CW2,CNF_RegSRP,CNF_SpcSRP,CorpCustID,CorpProdID,OrderNumber,InvoiceDate,Servings,
Detail,8243521,B,042563-003302,0191692,"-1","CS","#","WODSTK","MASTER ZEN PARTY MIX",".00",,"4.366","-65.49",".00","4.366",54835,"","-1",0,"N","N",".00","","",54835,19169,8243521,5/14/2010,15,
Detail,8243521,B,073416-020320,0204552,"-1","CS","5.75 OZ","LUNDBG","RISOTTO,OG,TUSCAN",".00",,".000",".00",".00",".000",54835,"","-1",0,"N","N",".00","","",54835,20455,8243521,5/14/2010,12,
RecType,InvNum,Type,NumGroceryItems,NumRefrigItems,NumRepackItems,NumFrozenItems,TotalPcs,TotalWt,TotalCubes,NonSpecial,Special,GrossTotal,VolDiscnt,Discount,NetTotal,TotalRetail,Deposits,Adjustments,ProfitAmnt,Profit%,InvDate,CorpCustID,OrderNumber,,,,,,,
Footer,8243521,C,"0","0","0","0","0","0",".00",".00",".00","-65.49","0",".00","-65.49",".00",".00",".00",".00",".00",5/14/2010,54835,8243521,,,,,,,
