RecType,InvNum,Type,OrderNumber,InvoiceDate,DBA,CustomerNumber,CustomerName,CustAddr1,CustAddr2,City,State,ZipCode,PhoneNumber,Whse,Trip,Terms,D/CFlag,TermsMsg,CorpCustID,CoverSheet,OrdEntryDate,ChainCode,ApplyTo#,PO#,,,,,,
Header,8243512,A,8243512,5/14/2010,1,54835,"WHOLE FOODS COMMUNITY COO","610 EAST 4TH STREET","","DULUTH","MN","558050000","218-728-0884",8,"000",0,2,"",54835,3627802,5/14/2010,"CMW",8253953,"",,,,,,
RecType,InvNum,Type,UPC,ProductID,QuantityShipped,Unit,Size,Brand,Description,RegularSRP,Status,NetPricePerUnit,ExtendedPrice,SaleSRP,RegPricePerUnit,CustomerID,PriceOrigin,QuantityOrdered,Taxable,LB flag,CW flag,CW2,CNF_RegSRP,CNF_SpcSRP,CorpCustID,CorpProdID,OrderNumber,InvoiceDate,Servings,
Detail,8243512,B,725342-260713,0328724,"-1","CS","14.5 OZ","MUIR","TOMATO,OG,DICED",".00",,"1.218","-14.62",".00","1.218",54835,"","-1",0,"N","N",".00","","",54835,32872,8243512,5/14/2010,12,
Detail,8243512,B,716270-051344,0663914,"-1","CS","1.3 OZ","CHOCLV","MINI BAR,TOF&ALM,MLK CHOC",".00",,".722","-8.66",".00",".722",54835,"","-1",0,"N","N",".00","","",54835,66391,8243512,5/14/2010,12,
Detail,8243512,B,716270-051702,0664128,"-1","CS","1.3 OZ","CHOCLV","MINI BAR,STRONG DK CHOCLT",".00",,".000",".00",".00",".000",54835,"","-1",0,"N","N",".00","","",54835,66412,8243512,5/14/2010,12,
RecType,InvNum,Type,NumGroceryItems,NumRefrigItems,NumRepackItems,NumFrozenItems,TotalPcs,TotalWt,TotalCubes,NonSpecial,Special,GrossTotal,VolDiscnt,Discount,NetTotal,TotalRetail,Deposits,Adjustments,ProfitAmnt,Profit%,InvDate,CorpCustID,OrderNumber,,,,,,,
Footer,8243512,C,"0","0","0","0","0","0",".00",".00",".00","-23.28","0",".00","-23.28",".00",".00",".00",".00",".00",5/14/2010,54835,8243512,,,,,,,
