RecType,InvNum,Type,OrderNumber,InvoiceDate,DBA,CustomerNumber,CustomerName,CustAddr1,CustAddr2,City,State,ZipCode,PhoneNumber,Whse,Trip,Terms,D/CFlag,TermsMsg,CorpCustID,CoverSheet,OrdEntryDate,ChainCode,ApplyTo#,PO#,,,,,,
Header,8334641,A,8334641,5/28/2010,1,54835,"WHOLE FDS COOP-DULUTH","610 EAST 4TH STREET","","DULUTH","MN","558050000","218-728-0884",8,"000",0,2,"",54835,3664796,5/28/2010,"CMW",8345584,"",,,,,,
RecType,InvNum,Type,UPC,ProductID,QuantityShipped,Unit,Size,Brand,Description,RegularSRP,Status,NetPricePerUnit,ExtendedPrice,SaleSRP,RegPricePerUnit,CustomerID,PriceOrigin,QuantityOrdered,Taxable,LB flag,CW flag,CW2,CNF_RegSRP,CNF_SpcSRP,CorpCustID,CorpProdID,OrderNumber,InvoiceDate,Servings,
Detail,8334641,B,749174-097002,0876052,"-1","CS","25 OZ","EARTHF","DISHMATE,ALMOND",".00",,".403","-4.84",".00",".403",54835,"","-1",0,"N","N",".00","","",54835,87605,8334641,5/28/2010,12,
Footer,8334641,C,"0","0","0","0","0","0",".00",".00",".00","-4.84","0",".00","-4.84",".00",".00",".00",".00",".00",5/28/2010,54835,8334641,,,,,,,
