RecType,InvNum,Type,OrderNumber,InvoiceDate,DBA,CustomerNumber,CustomerName,CustAddr1,CustAddr2,City,State,ZipCode,PhoneNumber,Whse,Trip,Terms,D/CFlag,TermsMsg,CorpCustID,CoverSheet,OrdEntryDate,ChainCode,ApplyTo#,PO#,,,,,,
Header,8312249,A,6795548,5/25/2010,1,54835,"WHOLE FDS COOP-DULUTH","610 EAST 4TH STREET","","DULUTH","MN","558050000","218-728-0884",8,"247",7,0,"NET 21 DAYS",54835,3650560,5/24/2010,"CMW",0,"LN2309290-10",,,,,,
RecType,InvNum,Type,UPC,ProductID,QuantityShipped,Unit,Size,Brand,Description,RegularSRP,Status,NetPricePerUnit,ExtendedPrice,SaleSRP,RegPricePerUnit,CustomerID,PriceOrigin,QuantityOrdered,Taxable,LB flag,CW flag,CW2,CNF_RegSRP,CNF_SpcSRP,CorpCustID,CorpProdID,OrderNumber,InvoiceDate,Servings,
Detail,8312249,B,895591-001006,0688481,"1","CS","14 OZ","ECOSMA","ANT & ROACH KILLER","5.95",,"3.078","18.47","5.95","3.560",54835,"M 15","1",0,"N","N",".00","","",54835,68848,6795548,5/25/2010,6,
Detail,8312249,B,715418-024271,0337683,"1","EA","CT","GRENSP","BABY FOOD MILL","11.45",PAR,"5.920","5.92","11.45","6.850",54835,"M 15","2",0,"N","N",".00","","",54835,33768,6795548,5/25/2010,1,
Detail,8312249,B,026938-899806,0899807,"1","","EA","","TOTES CHARGE",".00",,".000",".00",".00",".000",54835,"NO CHG","1",0,"","",".00","N","",54835,89980,6795548,5/25/2010,1,
RecType,InvNum,Type,NumGroceryItems,NumRefrigItems,NumRepackItems,NumFrozenItems,TotalPcs,TotalWt,TotalCubes,NonSpecial,Special,GrossTotal,VolDiscnt,Discount,NetTotal,TotalRetail,Deposits,Adjustments,ProfitAmnt,Profit%,InvDate,CorpCustID,OrderNumber,,,,,,,
Footer,8312249,C,"1","0","1","0","2","14",".14",".00","24.39","24.39","0",".00","24.39","47.15",".00",".00",".00",".00",5/25/2010,54835,6795548,,,,,,,
