RecType,InvNum,Type,OrderNumber,InvoiceDate,DBA,CustomerNumber,CustomerName,CustAddr1,CustAddr2,City,State,ZipCode,PhoneNumber,Whse,Trip,Terms,D/CFlag,TermsMsg,CorpCustID,CoverSheet,OrdEntryDate,ChainCode,ApplyTo#,PO#,,,,,,
Header,8312238,A,6794398,5/25/2010,1,54835,"WHOLE FDS COOP-DULUTH","610 EAST 4TH STREET","","DULUTH","MN","558050000","218-728-0884",8,"247",7,0,"NET 21 DAYS",54835,3650560,5/24/2010,"CMW",0,"LN2309116-12",,,,,,
RecType,InvNum,Type,UPC,ProductID,QuantityShipped,Unit,Size,Brand,Description,RegularSRP,Status,NetPricePerUnit,ExtendedPrice,SaleSRP,RegPricePerUnit,CustomerID,PriceOrigin,QuantityOrdered,Taxable,LB flag,CW flag,CW2,CNF_RegSRP,CNF_SpcSRP,CorpCustID,CorpProdID,OrderNumber,InvoiceDate,Servings,
Detail,8312238,B,025317-565004,0289074,"1","CS","16 OZ","APLEGT","BURGER,OG,TURKEY","8.69",,"4.316","51.79","8.69","5.121",54835,"PRO 15","1",0,"N","N",".00","","",54835,28907,6794398,5/25/2010,12,
Detail,8312238,B,025317-005968,0818419,"1","CS","8 OZ","APLEGT","SAUSAGE,CHKN/MPL ABF RTE","5.99",,"3.523","42.27",".00","3.523",54835,"","1",0,"N","N",".00","","",54835,81841,6794398,5/25/2010,12,
Detail,8312238,B,048481-009907,0511089,"1","CS","12 OZ","SHLTON","TURKEY FRANKS,SMOKED","3.79",,"1.953","11.72","3.79","2.232",54835,"M 15","1",0,"N","N",".00","","",54835,51108,6794398,5/25/2010,6,
Detail,8312238,B,025317-530002,0274159,"0","CS","12 OZ","APLEGT","HOT DOG,BEEF,ANTIBTC FREE",".00",OUT,".000",".00",".00",".000",54835,"PRO 20","3",0,"N","N",".00","","",54835,27415,6794398,5/25/2010,12,
RecType,InvNum,Type,NumGroceryItems,NumRefrigItems,NumRepackItems,NumFrozenItems,TotalPcs,TotalWt,TotalCubes,NonSpecial,Special,GrossTotal,VolDiscnt,Discount,NetTotal,TotalRetail,Deposits,Adjustments,ProfitAmnt,Profit%,InvDate,CorpCustID,OrderNumber,,,,,,,
Footer,8312238,C,"0","0","0","3","3","23",".14","42.27","63.51","105.78","0",".00","105.78","198.90",".00",".00",".00",".00",5/25/2010,54835,6794398,,,,,,,
