RecType,InvNum,Type,OrderNumber,InvoiceDate,DBA,CustomerNumber,CustomerName,CustAddr1,CustAddr2,City,State,ZipCode,PhoneNumber,Whse,Trip,Terms,D/CFlag,TermsMsg,CorpCustID,CoverSheet,OrdEntryDate,ChainCode,ApplyTo#,PO#,,,,,,
Header,8312259,A,6796023,5/25/2010,1,54835,"WHOLE FDS COOP-DULUTH","610 EAST 4TH STREET","","DULUTH","MN","558050000","218-728-0884",8,"247",7,0,"NET 21 DAYS",54835,3650560,5/24/2010,"CMW",0,"",,,,,,
RecType,InvNum,Type,UPC,ProductID,QuantityShipped,Unit,Size,Brand,Description,RegularSRP,Status,NetPricePerUnit,ExtendedPrice,SaleSRP,RegPricePerUnit,CustomerID,PriceOrigin,QuantityOrdered,Taxable,LB flag,CW flag,CW2,CNF_RegSRP,CNF_SpcSRP,CorpCustID,CorpProdID,OrderNumber,InvoiceDate,Servings,
Detail,8312259,B,896542-001014,0835801,"2","CS","4.1 OZ","EXB","ESPRESSO BNS,OG,CHOC CVRD","5.69",,"2.823","33.88","5.69","3.267",54835,"M 15","2",0,"N","N",".00","","",54835,83580,6796023,5/25/2010,6,
Footer,8312259,C,"2","0","0","0","2","4",".04",".00","33.88","33.88","0",".00","33.88","68.28",".00",".00",".00",".00",5/25/2010,54835,6796023,,,,,,,
