RecType,InvNum,Type,OrderNumber,InvoiceDate,DBA,CustomerNumber,CustomerName,CustAddr1,CustAddr2,City,State,ZipCode,PhoneNumber,Whse,Trip,Terms,D/CFlag,TermsMsg,CorpCustID,CoverSheet,OrdEntryDate,ChainCode,ApplyTo#,PO#,,,,,,
Header,8312237,A,6794397,5/25/2010,1,54835,"WHOLE FDS COOP-DULUTH","610 EAST 4TH STREET","","DULUTH","MN","558050000","218-728-0884",8,"247",7,0,"NET 21 DAYS",54835,3650560,5/24/2010,"CMW",0,"LN2309116-08",,,,,,
RecType,InvNum,Type,UPC,ProductID,QuantityShipped,Unit,Size,Brand,Description,RegularSRP,Status,NetPricePerUnit,ExtendedPrice,SaleSRP,RegPricePerUnit,CustomerID,PriceOrigin,QuantityOrdered,Taxable,LB flag,CW flag,CW2,CNF_RegSRP,CNF_SpcSRP,CorpCustID,CorpProdID,OrderNumber,InvoiceDate,Servings,
Detail,8312237,B,021908-530017,0613505,"3","CS","10 OZ","CSCADE","RASPBERRIES,OG","4.29",,"1.998","71.91","4.29","2.514",54835,"PRO 20","3",0,"N","N",".00","","",54835,61350,6794397,5/25/2010,12,
Detail,8312237,B,021908-543017,0344309,"1","CS","10 OZ","CSCADE","STRAWBERRIES,OG","4.29",,"1.998","23.97","4.29","2.514",54835,"PRO 20","1",0,"N","N",".00","","",54835,34430,6794397,5/25/2010,12,
Detail,8312237,B,089947-302187,0398289,"1","CS","8 OZ","VAN'S","WAFFLES,OG,TOTALLY NATURL","3.35",,"1.949","23.39",".00","1.949",54835,"","1",0,"N","N",".00","","",54835,39828,6794397,5/25/2010,12,
RecType,InvNum,Type,NumGroceryItems,NumRefrigItems,NumRepackItems,NumFrozenItems,TotalPcs,TotalWt,TotalCubes,NonSpecial,Special,GrossTotal,VolDiscnt,Discount,NetTotal,TotalRetail,Deposits,Adjustments,ProfitAmnt,Profit%,InvDate,CorpCustID,OrderNumber,,,,,,,
Footer,8312237,C,"0","0","0","5","5","41",".27","23.39","95.88","119.27","0",".00","119.27","246.12",".00",".00",".00",".00",5/25/2010,54835,6794397,,,,,,,
