RecType,InvNum,Type,OrderNumber,InvoiceDate,DBA,CustomerNumber,CustomerName,CustAddr1,CustAddr2,City,State,ZipCode,PhoneNumber,Whse,Trip,Terms,D/CFlag,TermsMsg,CorpCustID,CoverSheet,OrdEntryDate,ChainCode,ApplyTo#,PO#,,,,,,
Header,8151236,A,8151236,4/30/2010,1,54835,"WHOLE FOODS COMMUNITY COO","610 EAST 4TH STREET","","DULUTH","MN","558050000","218-728-0884",8,"000",0,2,"",54835,3589543,4/30/2010,"CMW",8160965,"",,,,,,
RecType,InvNum,Type,UPC,ProductID,QuantityShipped,Unit,Size,Brand,Description,RegularSRP,Status,NetPricePerUnit,ExtendedPrice,SaleSRP,RegPricePerUnit,CustomerID,PriceOrigin,QuantityOrdered,Taxable,LB flag,CW flag,CW2,CNF_RegSRP,CNF_SpcSRP,CorpCustID,CorpProdID,OrderNumber,InvoiceDate,Servings,
Detail,8151236,B,896767-001004,0463380,"-2","1","PINT","LUNABL","COCONUT ICRM,OG,NAKED CNT",".00",,"3.460","-6.92",".00","3.460",54835,"","-2",0,"N","N",".00","","",54835,46338,8151236,4/30/2010,1,
Footer,8151236,C,"0","0","0","0","0","0",".00",".00",".00","-6.92","0",".00","-6.92",".00",".00",".00",".00",".00",4/30/2010,54835,8151236,,,,,,,
