RecType,InvNum,Type,OrderNumber,InvoiceDate,DBA,CustomerNumber,CustomerName,CustAddr1,CustAddr2,City,State,ZipCode,PhoneNumber,Whse,Trip,Terms,D/CFlag,TermsMsg,CorpCustID,CoverSheet,OrdEntryDate,ChainCode,ApplyTo#,PO#,,,,,,
Header,8299339,A,6783947,5/22/2010,1,54835,"WHOLE FDS COOP-DULUTH","610 EAST 4TH STREET","","DULUTH","MN","558050000","218-728-0884",8,"642",7,0,"NET 21 DAYS",54835,3646017,5/21/2010,"CMW",0,"LN2305754-09",,,,,,
RecType,InvNum,Type,UPC,ProductID,QuantityShipped,Unit,Size,Brand,Description,RegularSRP,Status,NetPricePerUnit,ExtendedPrice,SaleSRP,RegPricePerUnit,CustomerID,PriceOrigin,QuantityOrdered,Taxable,LB flag,CW flag,CW2,CNF_RegSRP,CNF_SpcSRP,CorpCustID,CorpProdID,OrderNumber,InvoiceDate,Servings,
Detail,8299339,B,031984-100615,0304675,"1","EA","5 GAL","BIOPAC","DISH LIQ,CONCENTRATE","83.15",,"49.780","49.78",".00","49.780",54835,"","1",0,"N","N",".00","","",54835,30467,6783947,5/22/2010,1,
Detail,8299339,B,012344-020354,0932038,"1","EA","35 #","NATLIF","DRY DOG FOOD,ADULT","47.19",,"28.250","28.25",".00","28.250",54835,"","1",0,"N","N",".00","","",54835,93203,6783947,5/22/2010,1,
Detail,8299339,B,076344-089049,0551879,"1","EA","15 #","WELNES","DOG,DRY,SUPER 5 MIX,CHCKN","34.25",,"20.490","20.49",".00","20.490",54835,"","1",0,"N","N",".00","","",54835,55187,6783947,5/22/2010,1,
RecType,InvNum,Type,NumGroceryItems,NumRefrigItems,NumRepackItems,NumFrozenItems,TotalPcs,TotalWt,TotalCubes,NonSpecial,Special,GrossTotal,VolDiscnt,Discount,NetTotal,TotalRetail,Deposits,Adjustments,ProfitAmnt,Profit%,InvDate,CorpCustID,OrderNumber,,,,,,,
Footer,8299339,C,"3","0","0","0","3","96",".34","98.52",".00","98.52","0",".00","98.52","164.59",".00",".00",".00",".00",5/22/2010,54835,6783947,,,,,,,
