RecType,InvNum,Type,OrderNumber,InvoiceDate,DBA,CustomerNumber,CustomerName,CustAddr1,CustAddr2,City,State,ZipCode,PhoneNumber,Whse,Trip,Terms,D/CFlag,TermsMsg,CorpCustID,CoverSheet,OrdEntryDate,ChainCode,ApplyTo#,PO#,,,,,,
Header,8299338,A,6783946,5/22/2010,1,54835,"WHOLE FDS COOP-DULUTH","610 EAST 4TH STREET","","DULUTH","MN","558050000","218-728-0884",8,"642",7,0,"NET 21 DAYS",54835,3646017,5/21/2010,"CMW",0,"LN2305754-08",,,,,,
RecType,InvNum,Type,UPC,ProductID,QuantityShipped,Unit,Size,Brand,Description,RegularSRP,Status,NetPricePerUnit,ExtendedPrice,SaleSRP,RegPricePerUnit,CustomerID,PriceOrigin,QuantityOrdered,Taxable,LB flag,CW flag,CW2,CNF_RegSRP,CNF_SpcSRP,CorpCustID,CorpProdID,OrderNumber,InvoiceDate,Servings,
Detail,8299338,B,799210-375021,0902460,"1","CS","25.4 OZ","BIONTR","FRUIT NECTAR,OG,PEACH","4.49",,"2.418","14.51","4.49","2.658",54835,"OGD 10","1",0,"N","N",".00","","",54835,90246,6783946,5/22/2010,6,
Detail,8299338,B,799210-375106,0217596,"1","CS","25.4 OZ","BIONTR","FRUIT NECTAR,OG,STRAWBERY","4.49",,"2.418","14.51","4.49","2.658",54835,"OGD 10","1",0,"N","N",".00","","",54835,21759,6783946,5/22/2010,6,
Detail,8299338,B,041570-054130,0750976,"1","CS","32 OZ","BLUE-D","ALMOND BREEZE,ORIG,UNSWTD","2.79",,"1.298","15.58","2.79","1.588",54835,"PRO 20","1",0,"N","N",".00","","",54835,75097,6783946,5/22/2010,12,
Detail,8299338,B,722252-601452,0104927,"1","CS","2.4 OZ","CLIF","BUILDER BAR,VAN ALMOND","2.15",,"1.218","14.62",".00","1.218",54835,"","1",0,"N","N",".00","","",54835,10492,6783946,5/22/2010,12,
Detail,8299338,B,893615-002008,0959346,"1","CS","5 OZ","DRITK","CRACKERS,SAVORY FLACKERS","5.79",,"3.323","39.87",".00","3.323",54835,"","1",0,"N","N",".00","","",54835,95934,6783946,5/22/2010,12,
Detail,8299338,B,813491-010003,0805622,"1","CS","8.46 OZ","ECOPLN","HOT CRL,OG,ORIGINAL GF","5.19",,"3.090","18.54",".00","3.090",54835,"","1",0,"N","N",".00","","",54835,80562,6783946,5/22/2010,6,
Detail,8299338,B,073416-000148,0971309,"1","CS","8.5 OZ","LUNDBG","RICE CAKE,OG,BROWN,SALT","3.59",,"1.656","19.87","3.59","2.058",54835,"PRO 20","1",0,"N","N",".00","","",54835,97130,6783946,5/22/2010,12,
Detail,8299338,B,898999-000206,0579391,"2","CS","11.2OZ","VITACO","COCONUT WATER,PINEAPPLE","1.89",,"1.104","26.50",".00","1.104",54835,"","2",0,"N","N",".00","","",54835,57939,6783946,5/22/2010,12,
Detail,8299338,B,894773-001018,0371526,"1","CS","6/12 OZ","ZEVIA","SODA,NAT COLA, DIET","6.59",,"3.085","12.34","6.59","3.780",54835,"PRO 20","1",0,"N","N",".00","","",54835,37152,6783946,5/22/2010,4,
Detail,8299338,B,026938-899806,0899807,"1","","EA","","TOTES CHARGE",".00",,".000",".00",".00",".000",54835,"NO CHG","1",0,"","",".00","N","",54835,89980,6783946,5/22/2010,1,
RecType,InvNum,Type,NumGroceryItems,NumRefrigItems,NumRepackItems,NumFrozenItems,TotalPcs,TotalWt,TotalCubes,NonSpecial,Special,GrossTotal,VolDiscnt,Discount,NetTotal,TotalRetail,Deposits,Adjustments,ProfitAmnt,Profit%,InvDate,CorpCustID,OrderNumber,,,,,,,
Footer,8299338,C,"9","0","1","0","10","124",".58","99.53","76.81","176.34","0",".00","176.34","328.58",".00",".00",".00",".00",5/22/2010,54835,6783946,,,,,,,
