RecType,InvNum,Type,OrderNumber,InvoiceDate,DBA,CustomerNumber,CustomerName,CustAddr1,CustAddr2,City,State,ZipCode,PhoneNumber,Whse,Trip,Terms,D/CFlag,TermsMsg,CorpCustID,CoverSheet,OrdEntryDate,ChainCode,ApplyTo#,PO#,,,,,,
Header,8980300,A,7397656,9/4/2010,1,54835,"WHOLE FDS COOP-DULUTH","610 EAST 4TH STREET","","DULUTH","MN","558050000","218-728-0884",8,"642",7,0,"NET 21 DAYS",54835,3922604,9/3/2010,"CMW",0,"LN2514641-08",,,,,,
RecType,InvNum,Type,UPC,ProductID,QuantityShipped,Unit,Size,Brand,Description,RegularSRP,Status,NetPricePerUnit,ExtendedPrice,SaleSRP,RegPricePerUnit,CustomerID,PriceOrigin,QuantityOrdered,Taxable,LB flag,CW flag,CW2,CNF_RegSRP,CNF_SpcSRP,CorpCustID,CorpProdID,OrderNumber,InvoiceDate,Servings,
Detail,8980300,B,042272-000708,0188888,"2","CS","6 OZ","AMY'S","BURRITO,OG,BEANS&RICE","2.65",,"1.639","39.34",".00","1.639",54835,"","2",0,"N","N",".00","","",54835,18888,7397656,9/4/2010,12,
Detail,8980300,B,021908-965161,0223545,"1","CS","12 OZ","CSCADE","FRZN JCE,OG,ORANGE","4.29",,"2.634","31.61",".00","2.634",54835,"","1",0,"N","N",".00","","",54835,22354,7397656,9/4/2010,12,
Detail,8980300,B,073472-001660,0310342,"1","CS","24 OZ","FDLIFE","BREAD,MILLET,WHEAT FREE","5.65",,"3.287","19.72",".00","3.287",54835,"","1",0,"N","N",".00","","",54835,31034,7397656,9/4/2010,6,
Detail,8980300,B,073472-001639,0244202,"1","CS","24 OZ","FDLIFE","BREAD,WHITE RICE,WF & GF","5.65",,"3.287","19.72",".00","3.287",54835,"","1",0,"N","N",".00","","",54835,24420,7397656,9/4/2010,6,
RecType,InvNum,Type,NumGroceryItems,NumRefrigItems,NumRepackItems,NumFrozenItems,TotalPcs,TotalWt,TotalCubes,NonSpecial,Special,GrossTotal,VolDiscnt,Discount,NetTotal,TotalRetail,Deposits,Adjustments,ProfitAmnt,Profit%,InvDate,CorpCustID,OrderNumber,,,,,,,
Footer,8980300,C,"0","0","0","5","5","46",".17","110.39",".00","110.39","0",".00","110.39","182.88",".00",".00",".00",".00",9/4/2010,54835,7397656,,,,,,,
