RecType,InvNum,Type,OrderNumber,InvoiceDate,DBA,CustomerNumber,CustomerName,CustAddr1,CustAddr2,City,State,ZipCode,PhoneNumber,Whse,Trip,Terms,D/CFlag,TermsMsg,CorpCustID,CoverSheet,OrdEntryDate,ChainCode,ApplyTo#,PO#,,,,,,
Header,8980304,A,7398146,9/4/2010,1,54835,"WHOLE FDS COOP-DULUTH","610 EAST 4TH STREET","","DULUTH","MN","558050000","218-728-0884",8,"642",7,0,"NET 21 DAYS",54835,3922604,9/3/2010,"CMW",0,"LN2514688-02",,,,,,
RecType,InvNum,Type,UPC,ProductID,QuantityShipped,Unit,Size,Brand,Description,RegularSRP,Status,NetPricePerUnit,ExtendedPrice,SaleSRP,RegPricePerUnit,CustomerID,PriceOrigin,QuantityOrdered,Taxable,LB flag,CW flag,CW2,CNF_RegSRP,CNF_SpcSRP,CorpCustID,CorpProdID,OrderNumber,InvoiceDate,Servings,
Detail,8980304,B,026938-462734,0462739,"1","LB","5 #","BRUNKW","CHEDDAR,COLORED","6.49",,"3.360","17.67",".00","3.360",54835,"","1",0,"N","Y","5.26","","",54835,46273,7398146,9/4/2010,1,
Detail,8980304,B,026938-462277,0462275,"1","LB","5 #","BRUNKW","CHEDDAR,YELLOW,MED","6.99",,"3.620","18.97",".00","3.620",54835,"","1",0,"N","Y","5.24","","",54835,46227,7398146,9/4/2010,1,
Detail,8980304,B,026938-462895,0462895,"1","LB","5 #","BRUNKW","CHEDDR,MILD WHITE RM","6.79",,"3.510","17.69",".00","3.510",54835,"","1",0,"N","Y","5.04","","",54835,46289,7398146,9/4/2010,1,
Detail,8980304,B,045296-191018,0260596,"1","CS","8 OZ","LISANT","ALMOND CHEESE,CHEDDAR","4.35",,"2.245","26.94",".00","2.245",54835,"","1",0,"N","N",".00","","",54835,26059,7398146,9/4/2010,12,
Detail,8980304,B,045296-191025,0443267,"1","CS","8 OZ","LISANT","ALMOND CHEESE,MOZZ","4.35",,"2.244","26.93",".00","2.244",54835,"","1",0,"N","N",".00","","",54835,44326,7398146,9/4/2010,12,
Detail,8980304,B,093966-213409,0151035,"1","CS","8 OZ","OGVAL","COLBY,OG,YELLOW","5.95",,"3.071","36.85",".00","3.071",54835,"","1",0,"N","N",".00","","",54835,15103,7398146,9/4/2010,12,
Detail,8980304,B,093966-002270,0728840,"1","CS","6 OZ","OGVAL","MEXICAN CHEESE,OG,SHRED","5.69",,"2.940","35.28",".00","2.940",54835,"","1",0,"N","N",".00","","",54835,72884,7398146,9/4/2010,12,
Detail,8980304,B,093966-223309,0120667,"1","CS","8 OZ","OGVAL","MONTEREY JACK,OG,RF,PAST","5.95",,"3.071","36.85",".00","3.071",54835,"","1",0,"N","N",".00","","",54835,12066,7398146,9/4/2010,12,
Detail,8980304,B,093966-452709,0598086,"1","CS","6 OZ","OGVAL","MOZZ,OG,SHRED,PART SKIM","5.69",,"2.940","35.28",".00","2.940",54835,"","1",0,"N","N",".00","","",54835,59808,7398146,9/4/2010,12,
Detail,8980304,B,093966-213508,0151043,"1","CS","8 OZ","OGVAL","MUENSTER,OG,RED RIND","6.15",,"3.181","38.17",".00","3.181",54835,"","1",0,"N","N",".00","","",54835,15104,7398146,9/4/2010,12,
Detail,8980304,B,093966-213607,0500587,"1","CS","8 OZ","OGVAL","PEPPER JACK,OG,PAST","6.15",,"3.181","38.17",".00","3.181",54835,"","1",0,"N","N",".00","","",54835,50058,7398146,9/4/2010,12,
Detail,8980304,B,093966-213904,0500629,"1","CS","8 OZ","OGVAL","PROVOLONE,OG","6.15",,"3.181","38.17",".00","3.181",54835,"","1",0,"N","N",".00","","",54835,50062,7398146,9/4/2010,12,
Detail,8980304,B,093966-000054,0602441,"2","CS","1 OZ","OGVAL","STRINGLES,OG",".85",,".437","20.98",".00",".437",54835,"","2",0,"N","N",".00","","",54835,60244,7398146,9/4/2010,24,
Detail,8980304,B,026938-505998,0505990,"1","LB","7 #","SWSVAL","SWISS,GRADE A","5.19",,"2.680","23.05",".00","2.680",54835,"","1",0,"N","Y","8.60","","",54835,50599,7398146,9/4/2010,1,
RecType,InvNum,Type,NumGroceryItems,NumRefrigItems,NumRepackItems,NumFrozenItems,TotalPcs,TotalWt,TotalCubes,NonSpecial,Special,GrossTotal,VolDiscnt,Discount,NetTotal,TotalRetail,Deposits,Adjustments,ProfitAmnt,Profit%,InvDate,CorpCustID,OrderNumber,,,,,,,
Footer,8980304,C,"0","15","0","0","15","81",".24","411.00",".00","411.00","0",".00","411.00","795.58",".00",".00",".00",".00",9/4/2010,54835,7398146,,,,,,,
