RecType,InvNum,Type,OrderNumber,InvoiceDate,DBA,CustomerNumber,CustomerName,CustAddr1,CustAddr2,City,State,ZipCode,PhoneNumber,Whse,Trip,Terms,D/CFlag,TermsMsg,CorpCustID,CoverSheet,OrdEntryDate,ChainCode,ApplyTo#,PO#,,,,,,
Header,8980309,A,7398497,9/4/2010,1,54835,"WHOLE FDS COOP-DULUTH","610 EAST 4TH STREET","","DULUTH","MN","558050000","218-728-0884",8,"642",7,0,"NET 21 DAYS",54835,3922604,9/3/2010,"CMW",0,"LN2514734-16",,,,,,
RecType,InvNum,Type,UPC,ProductID,QuantityShipped,Unit,Size,Brand,Description,RegularSRP,Status,NetPricePerUnit,ExtendedPrice,SaleSRP,RegPricePerUnit,CustomerID,PriceOrigin,QuantityOrdered,Taxable,LB flag,CW flag,CW2,CNF_RegSRP,CNF_SpcSRP,CorpCustID,CorpProdID,OrderNumber,InvoiceDate,Servings,
Detail,8980309,B,026938-464912,0464917,"1","CS","#","BULK D","OATS,OG,ROLLED,REG",".99",,".568","14.21",".00",".568",54835,"","1",0,"N","N",".00","","",54835,46491,7398497,9/4/2010,25,
Detail,8980309,B,073416-040298,0300533,"1","CS","#","LUNDBG","RICE,OG,JASMINE,WHITE,CAL","2.69",,"1.316","32.89","2.69","1.538",54835,"PRO 15","1",0,"N","N",".00","","",54835,30053,7398497,9/4/2010,25,
RecType,InvNum,Type,NumGroceryItems,NumRefrigItems,NumRepackItems,NumFrozenItems,TotalPcs,TotalWt,TotalCubes,NonSpecial,Special,GrossTotal,VolDiscnt,Discount,NetTotal,TotalRetail,Deposits,Adjustments,ProfitAmnt,Profit%,InvDate,CorpCustID,OrderNumber,,,,,,,
Footer,8980309,C,"2","0","0","0","2","51",".16","14.21","32.89","47.10","0",".00","47.10","92.00",".00",".00",".00",".00",9/4/2010,54835,7398497,,,,,,,
