RecType,InvNum,Type,OrderNumber,InvoiceDate,DBA,CustomerNumber,CustomerName,CustAddr1,CustAddr2,City,State,ZipCode,PhoneNumber,Whse,Trip,Terms,D/CFlag,TermsMsg,CorpCustID,CoverSheet,OrdEntryDate,ChainCode,ApplyTo#,PO#,,,,,,
Header,8648818,A,8648818,7/16/2010,1,54835,"WHOLE FDS COOP-DULUTH","610 EAST 4TH STREET","","DULUTH","MN","558050000","218-728-0884",8,"000",0,2,"",54835,3792922,7/16/2010,"CMW",8658358,"",,,,,,
RecType,InvNum,Type,UPC,ProductID,QuantityShipped,Unit,Size,Brand,Description,RegularSRP,Status,NetPricePerUnit,ExtendedPrice,SaleSRP,RegPricePerUnit,CustomerID,PriceOrigin,QuantityOrdered,Taxable,LB flag,CW flag,CW2,CNF_RegSRP,CNF_SpcSRP,CorpCustID,CorpProdID,OrderNumber,InvoiceDate,Servings,
Detail,8648818,B,770009-250330,0284711,"-1","CS","72 CT","IFYC","FIRESTARTER,100% BIOMASS",".00",,"3.460","-41.52",".00","3.460",54835,"","-1",0,"N","N",".00","","",54835,28471,8648818,7/16/2010,12,
Detail,8648818,B,012344-060084,0485680,"-1","EA","8#","NATLIF","DRY DOG FOOD,LAMADERM",".00",,".000",".00",".00",".000",54835,"","-1",0,"N","N",".00","","",54835,48568,8648818,7/16/2010,1,
Detail,8648818,B,070734-053184,0631051,"-1","CS","20 BAG","CS","HERB TEA,TANGERINE ORANGE",".00",,".000",".00",".00",".000",54835,"","-1",0,"N","N",".00","","",54835,63105,8648818,7/16/2010,6,
Detail,8648818,B,757645-614009,0928689,"-1","CS","4 OZ","NEWMAN","PET TRAIN TRTS,OG,CHKN RC",".00",,"2.229","-26.75",".00","2.229",54835,"","-1",0,"N","N",".00","","",54835,92868,8648818,7/16/2010,12,
Footer,8648818,C,"0","0","0","0","0","0",".00",".00",".00","-68.27","0",".00","-68.27",".00",".00",".00",".00",".00",7/16/2010,54835,8648818,,,,,,,
