RecType,InvNum,Type,OrderNumber,InvoiceDate,DBA,CustomerNumber,CustomerName,CustAddr1,CustAddr2,City,State,ZipCode,PhoneNumber,Whse,Trip,Terms,D/CFlag,TermsMsg,CorpCustID,CoverSheet,OrdEntryDate,ChainCode,ApplyTo#,PO#,,,,,,
Header,8809552,A,7242475,8/10/2010,1,54835,"WHOLE FDS COOP-DULUTH","610 EAST 4TH STREET","","DULUTH","MN","558050000","218-728-0884",8,"247",7,0,"NET 21 DAYS",54835,3853283,8/9/2010,"CMW",0,"LN2452651-21",,,,,,
RecType,InvNum,Type,UPC,ProductID,QuantityShipped,Unit,Size,Brand,Description,RegularSRP,Status,NetPricePerUnit,ExtendedPrice,SaleSRP,RegPricePerUnit,CustomerID,PriceOrigin,QuantityOrdered,Taxable,LB flag,CW flag,CW2,CNF_RegSRP,CNF_SpcSRP,CorpCustID,CorpProdID,OrderNumber,InvoiceDate,Servings,
Detail,8809552,B,089836-025920,0448514,"1","EA","#","FRNTHB","CUMIN SEED,OG,GROUND","21.15",,"7.790","7.79",".00","7.790",54835,"","1",0,"N","N",".00","","",54835,44851,7242475,8/10/2010,1,
Detail,8809552,B,089836-026507,0478271,"1","EA","#","FRNTHB","CURRY POWDER,OG","19.49",,"7.170","7.17",".00","7.170",54835,"","1",0,"N","N",".00","","",54835,47827,7242475,8/10/2010,1,
Detail,8809552,B,089836-003621,0311563,"1","EA","#","FRNTHB","DILL WEED,OG,C/S","33.25",,"12.250","12.25",".00","12.250",54835,"","1",0,"N","N",".00","","",54835,31156,7242475,8/10/2010,1,
Detail,8809552,B,089836-025241,0298331,"1","EA","#","FRNTHB","GARLIC GRANULES,OG","15.49",,"5.700","5.70",".00","5.700",54835,"","1",0,"N","N",".00","","",54835,29833,7242475,8/10/2010,1,
Detail,8809552,B,089836-003522,0298356,"1","EA","#","FRNTHB","GARLIC POWDER,OG","15.25",,"5.610","5.61",".00","5.610",54835,"","1",0,"N","N",".00","","",54835,29835,7242475,8/10/2010,1,
Detail,8809552,B,089836-006301,0311167,"1","EA","#","FRNTHB","PEPPERMINT LEAF,OG,C/S","20.95",,"7.710","7.71",".00","7.710",54835,"","1",0,"N","N",".00","","",54835,31116,7242475,8/10/2010,1,
Detail,8809552,B,089836-001252,0379388,"1","EA","#","FRNTHB","CHILI POWDER FIESTA","14.69",,"5.410","5.41",".00","5.410",54835,"","1",0,"N","N",".00","","",54835,37938,7242475,8/10/2010,1,
Detail,8809552,B,089836-001382,0312363,"1","EA","#","FRNTHB","CURRY POWDER,MUCHI","13.25",,"4.870","4.87",".00","4.870",54835,"","1",0,"N","N",".00","","",54835,31236,7242475,8/10/2010,1,
Detail,8809552,B,089836-028723,0551739,"1","EA","#","FRNTHB","TEA,OG,FT,CHAI","34.85",,"12.830","12.83",".00","12.830",54835,"","1",0,"N","N",".00","","",54835,55173,7242475,8/10/2010,1,
Detail,8809552,B,089836-010780,0684514,"1","EA","#","FRNTHB","TEA,OG,FT,ENGLISH BRKFST","28.49",,"10.490","10.49",".00","10.490",54835,"","1",0,"N","N",".00","","",54835,68451,7242475,8/10/2010,1,
Detail,8809552,B,089836-028730,0551770,"1","EA","#","FRNTHB","TEA,OG,FT,GUNPOWDER GREEN","32.29",,"11.890","11.89",".00","11.890",54835,"","1",0,"N","N",".00","","",54835,55177,7242475,8/10/2010,1,
Detail,8809552,B,089836-010759,0708396,"1","EA","#","FRNTHB","TEA,OG,SENCHA LEAF","42.29",,"15.580","15.58",".00","15.580",54835,"","1",0,"N","N",".00","","",54835,70839,7242475,8/10/2010,1,
Detail,8809552,B,026938-899806,0899807,"1","","EA","","TOTES CHARGE",".00",,".000",".00",".00",".000",54835,"NO CHG","1",0,"","",".00","N","",54835,89980,7242475,8/10/2010,1,
Detail,8809552,B,089836-003430,0311449,"0","EA","#","FRNTHB","MUSTARD SEED,OG,YEL,WHL",".00",OUT,".000",".00",".00",".000",54835,"","3",0,"N","N",".00","","",54835,31144,7242475,8/10/2010,1,
RecType,InvNum,Type,NumGroceryItems,NumRefrigItems,NumRepackItems,NumFrozenItems,TotalPcs,TotalWt,TotalCubes,NonSpecial,Special,GrossTotal,VolDiscnt,Discount,NetTotal,TotalRetail,Deposits,Adjustments,ProfitAmnt,Profit%,InvDate,CorpCustID,OrderNumber,,,,,,,
Footer,8809552,C,"0","0","1","0","1","20",".21","107.30",".00","107.30","0",".00","107.30","291.44",".00",".00",".00",".00",8/10/2010,54835,7242475,,,,,,,
