RecType,InvNum,Type,OrderNumber,InvoiceDate,DBA,CustomerNumber,CustomerName,CustAddr1,CustAddr2,City,State,ZipCode,PhoneNumber,Whse,Trip,Terms,D/CFlag,TermsMsg,CorpCustID,CoverSheet,OrdEntryDate,ChainCode,ApplyTo#,PO#,,,,,,
Header,8809544,A,7241608,8/10/2010,1,54835,"WHOLE FDS COOP-DULUTH","610 EAST 4TH STREET","","DULUTH","MN","558050000","218-728-0884",8,"247",7,0,"NET 21 DAYS",54835,3853283,8/9/2010,"CMW",0,"LN2452520-12",,,,,,
RecType,InvNum,Type,UPC,ProductID,QuantityShipped,Unit,Size,Brand,Description,RegularSRP,Status,NetPricePerUnit,ExtendedPrice,SaleSRP,RegPricePerUnit,CustomerID,PriceOrigin,QuantityOrdered,Taxable,LB flag,CW flag,CW2,CNF_RegSRP,CNF_SpcSRP,CorpCustID,CorpProdID,OrderNumber,InvoiceDate,Servings,
Detail,8809544,B,025317-530002,0274159,"2","CS","12 OZ","APLEGT","HOT DOG,BEEF,ANTIBTC FREE","4.79",,"2.815","67.56",".00","2.815",54835,"","2",0,"N","N",".00","","",54835,27415,7241608,8/10/2010,12,
Detail,8809544,B,025317-005968,0818419,"1","CS","8 OZ","APLEGT","SAUSAGE,CHKN/MPL ABF RTE","5.95",,"3.477","41.72",".00","3.477",54835,"","1",0,"N","N",".00","","",54835,81841,7241608,8/10/2010,12,
Detail,8809544,B,048481-009914,0273003,"1","CS","12 OZ","SHLTON","TURKEY FRANKS","3.79",,"2.222","13.33",".00","2.222",54835,"","1",0,"N","N",".00","","",54835,27300,7241608,8/10/2010,6,
Detail,8809544,B,048481-009907,0511089,"0","CS","12 OZ","SHLTON","TURKEY FRANKS,SMOKED",".00",OUT,".000",".00",".00",".000",54835,"","1",0,"N","N",".00","","",54835,51108,7241608,8/10/2010,6,
RecType,InvNum,Type,NumGroceryItems,NumRefrigItems,NumRepackItems,NumFrozenItems,TotalPcs,TotalWt,TotalCubes,NonSpecial,Special,GrossTotal,VolDiscnt,Discount,NetTotal,TotalRetail,Deposits,Adjustments,ProfitAmnt,Profit%,InvDate,CorpCustID,OrderNumber,,,,,,,
Footer,8809544,C,"0","0","0","4","4","29",".12","122.61",".00","122.61","0",".00","122.61","209.10",".00",".00",".00",".00",8/10/2010,54835,7241608,,,,,,,
