RecType,InvNum,Type,OrderNumber,InvoiceDate,DBA,CustomerNumber,CustomerName,CustAddr1,CustAddr2,City,State,ZipCode,PhoneNumber,Whse,Trip,Terms,D/CFlag,TermsMsg,CorpCustID,CoverSheet,OrdEntryDate,ChainCode,ApplyTo#,PO#,,,,,,
Header,8809550,A,7242473,8/10/2010,1,54835,"WHOLE FDS COOP-DULUTH","610 EAST 4TH STREET","","DULUTH","MN","558050000","218-728-0884",8,"247",7,0,"NET 21 DAYS",54835,3853283,8/9/2010,"CMW",0,"LN2452651-16",,,,,,
RecType,InvNum,Type,UPC,ProductID,QuantityShipped,Unit,Size,Brand,Description,RegularSRP,Status,NetPricePerUnit,ExtendedPrice,SaleSRP,RegPricePerUnit,CustomerID,PriceOrigin,QuantityOrdered,Taxable,LB flag,CW flag,CW2,CNF_RegSRP,CNF_SpcSRP,CorpCustID,CorpProdID,OrderNumber,InvoiceDate,Servings,
Detail,8809550,B,026938-464851,0464859,"1","CS","#","BULK D","OATS,OG,ROLLED,QUICK",".99",,".572","14.31",".00",".572",54835,"","1",0,"N","N",".00","","",54835,46485,7242473,8/10/2010,25,
Detail,8809550,B,073416-401228,0170985,"1","CS","#","LUNDBG","RICE,OG,BROWN,SHORT","1.89",,"1.081","27.02",".00","1.081",54835,"","1",0,"N","N",".00","","",54835,17098,7242473,8/10/2010,25,
Detail,8809550,B,026938-496951,0496950,"1","CS","#","NTLWAY","FLOUR,OG,GOLD-N-WHITE",".99",,".574","28.70",".00",".574",54835,"","1",0,"N","N",".00","","",54835,49695,7242473,8/10/2010,50,
Detail,8809550,B,621683-021146,0297010,"1","CS","#","TNKYDA","PASTA,OG,PENNE,BROWN RICE","4.05",,"2.335","23.35",".00","2.335",54835,"","1",0,"N","N",".00","","",54835,29701,7242473,8/10/2010,10,
Detail,8809550,B,026938-768096,0768093,"0","CS","#","WHLSOM","SUGAR,OG,FT,CANE",".00",OUT,".000",".00",".00",".000",54835,"","3",0,"N","N",".00","","",54835,76809,7242473,8/10/2010,25,
RecType,InvNum,Type,NumGroceryItems,NumRefrigItems,NumRepackItems,NumFrozenItems,TotalPcs,TotalWt,TotalCubes,NonSpecial,Special,GrossTotal,VolDiscnt,Discount,NetTotal,TotalRetail,Deposits,Adjustments,ProfitAmnt,Profit%,InvDate,CorpCustID,OrderNumber,,,,,,,
Footer,8809550,C,"4","0","0","0","4","113",".34","93.38",".00","93.38","0",".00","93.38","162.00",".00",".00",".00",".00",8/10/2010,54835,7242473,,,,,,,
