RecType,InvNum,Type,OrderNumber,InvoiceDate,DBA,CustomerNumber,CustomerName,CustAddr1,CustAddr2,City,State,ZipCode,PhoneNumber,Whse,Trip,Terms,D/CFlag,TermsMsg,CorpCustID,CoverSheet,OrdEntryDate,ChainCode,ApplyTo#,PO#,,,,,,
Header,8809541,A,7241605,8/10/2010,1,54835,"WHOLE FDS COOP-DULUTH","610 EAST 4TH STREET","","DULUTH","MN","558050000","218-728-0884",8,"247",7,0,"NET 21 DAYS",54835,3853283,8/9/2010,"CMW",0,"LN2452520-05",,,,,,
RecType,InvNum,Type,UPC,ProductID,QuantityShipped,Unit,Size,Brand,Description,RegularSRP,Status,NetPricePerUnit,ExtendedPrice,SaleSRP,RegPricePerUnit,CustomerID,PriceOrigin,QuantityOrdered,Taxable,LB flag,CW flag,CW2,CNF_RegSRP,CNF_SpcSRP,CorpCustID,CorpProdID,OrderNumber,InvoiceDate,Servings,
Detail,8809541,B,078355-570004,0859306,"1","CS","24 OZ","GREEKG","GREEK YGRT,HONEY","4.75",,"2.287","13.72","4.75","2.843",54835,"PRO 20","1",0,"N","N",".00","","",54835,85930,7241605,8/10/2010,6,
Detail,8809541,B,078355-570059,0188433,"1","CS","24 OZ","GREEKG","GREEK YGRT,HONEY STRAWBRY","4.75",,"2.255","13.53","4.75","2.843",54835,"PRO 20","1",0,"N","N",".00","","",54835,18843,7241605,8/10/2010,6,
Detail,8809541,B,052159-040116,0710186,"1","CS","6 OZ","STNFLD","YOGURT,OG,LF,SEASONAL","1.19",,".525","6.30","1.19",".700",54835,"PRO 25","1",0,"N","N",".00","","",54835,71018,7241605,8/10/2010,12,
Detail,8809541,B,052159-000066,0626028,"1","CS","32 OZ","STNFLD","YGRT,OG,FF,PLAIN","4.55",,"2.743","16.46",".00","2.743",54835,"","1",0,"N","N",".00","","",54835,62602,7241605,8/10/2010,6,
Detail,8809541,B,052159-000028,0636944,"1","CS","32 OZ","STNFLD","YGRT,OG,WM,FRENCH VAN","4.55",,"2.743","16.46",".00","2.743",54835,"","1",0,"N","N",".00","","",54835,63694,7241605,8/10/2010,6,
Detail,8809541,B,758543-110006,0182691,"1","CS","8 OZ","VOSKOS","GREEK YGRT,PLAIN,FF","1.95",,"1.171","14.05",".00","1.171",54835,"","1",0,"N","N",".00","","",54835,18269,7241605,8/10/2010,12,
Detail,8809541,B,664372-600055,0965145,"1","CS","6 OZ","WHLSOY","YOGURT STYLE,OG,VANILLA","1.25",,".725","8.70",".00",".725",54835,"","1",0,"N","N",".00","","",54835,96514,7241605,8/10/2010,12,
RecType,InvNum,Type,NumGroceryItems,NumRefrigItems,NumRepackItems,NumFrozenItems,TotalPcs,TotalWt,TotalCubes,NonSpecial,Special,GrossTotal,VolDiscnt,Discount,NetTotal,TotalRetail,Deposits,Adjustments,ProfitAmnt,Profit%,InvDate,CorpCustID,OrderNumber,,,,,,,
Footer,8809541,C,"0","7","0","0","7","63",".27","55.67","33.55","89.22","0",".00","89.22","164.28",".00",".00",".00",".00",8/10/2010,54835,7241605,,,,,,,
