RecType,InvNum,Type,OrderNumber,InvoiceDate,DBA,CustomerNumber,CustomerName,CustAddr1,CustAddr2,City,State,ZipCode,PhoneNumber,Whse,Trip,Terms,D/CFlag,TermsMsg,CorpCustID,CoverSheet,OrdEntryDate,ChainCode,ApplyTo#,PO#,,,,,,
Header,8401303,A,6876153,6/8/2010,1,54835,"WHOLE FDS COOP-DULUTH","610 EAST 4TH STREET","","DULUTH","MN","558050000","218-728-0884",8,"247",7,0,"NET 21 DAYS",54835,3687079,6/7/2010,"CMW",0,"",,,,,,
RecType,InvNum,Type,UPC,ProductID,QuantityShipped,Unit,Size,Brand,Description,RegularSRP,Status,NetPricePerUnit,ExtendedPrice,SaleSRP,RegPricePerUnit,CustomerID,PriceOrigin,QuantityOrdered,Taxable,LB flag,CW flag,CW2,CNF_RegSRP,CNF_SpcSRP,CorpCustID,CorpProdID,OrderNumber,InvoiceDate,Servings,
Detail,8401303,B,026938-467531,0467530,"1","CS","#","BULK M","MOLASSES,NOSO2,HOMEMAID","1.15",,".653","38.53",".00",".653",54835,"","1",0,"N","N",".00","","",54835,46753,6876153,6/8/2010,59,
Detail,8401303,B,079858-514274,0473694,"4","CS","#","EAST","PEANUT BUTTER,SMOOTH","2.95",,"1.512","30.24","2.95","1.646",54835,"M 10","4",0,"N","N",".00","","",54835,47369,6876153,6/8/2010,5,
Detail,8401303,B,026938-899806,0899807,"1","","EA","","TOTES CHARGE",".00",,".000",".00",".00",".000",54835,"NO CHG","1",0,"","",".00","N","",54835,89980,6876153,6/8/2010,1,
RecType,InvNum,Type,NumGroceryItems,NumRefrigItems,NumRepackItems,NumFrozenItems,TotalPcs,TotalWt,TotalCubes,NonSpecial,Special,GrossTotal,VolDiscnt,Discount,NetTotal,TotalRetail,Deposits,Adjustments,ProfitAmnt,Profit%,InvDate,CorpCustID,OrderNumber,,,,,,,
Footer,8401303,C,"1","0","1","0","2","87",".34","38.53","30.24","68.77","0",".00","68.77","126.85",".00",".00",".00",".00",6/8/2010,54835,6876153,,,,,,,
