RecType,InvNum,Type,OrderNumber,InvoiceDate,DBA,CustomerNumber,CustomerName,CustAddr1,CustAddr2,City,State,ZipCode,PhoneNumber,Whse,Trip,Terms,D/CFlag,TermsMsg,CorpCustID,CoverSheet,OrdEntryDate,ChainCode,ApplyTo#,PO#,,,,,,
Header,8401292,A,6876010,6/8/2010,1,54835,"WHOLE FDS COOP-DULUTH","610 EAST 4TH STREET","","DULUTH","MN","558050000","218-728-0884",8,"247",7,0,"NET 21 DAYS",54835,3687079,6/7/2010,"CMW",0,"LN2335129-02",,,,,,
RecType,InvNum,Type,UPC,ProductID,QuantityShipped,Unit,Size,Brand,Description,RegularSRP,Status,NetPricePerUnit,ExtendedPrice,SaleSRP,RegPricePerUnit,CustomerID,PriceOrigin,QuantityOrdered,Taxable,LB flag,CW flag,CW2,CNF_RegSRP,CNF_SpcSRP,CorpCustID,CorpProdID,OrderNumber,InvoiceDate,Servings,
Detail,8401292,B,031493-060851,0821934,"2","CS","12 OZ","RUDI'S","ENG MUFFIN,OG,MULTIGRAIN","3.95",,"2.315","37.04",".00","2.315",54835,"","2",0,"N","N",".00","","",54835,82193,6876010,6/8/2010,8,
Detail,8401292,B,031493-061056,0821959,"2","CS","12 OZ","RUDI'S","ENG MUFFIN,OG,SPELT","3.95",,"2.315","37.04",".00","2.315",54835,"","2",0,"N","N",".00","","",54835,82195,6876010,6/8/2010,8,
Detail,8401292,B,031493-060653,0821918,"2","CS","12 OZ","RUDI'S","ENG MUFFIN,OG,WHEAT","3.95",,"2.315","37.04",".00","2.315",54835,"","2",0,"N","N",".00","","",54835,82191,6876010,6/8/2010,8,
Detail,8401292,B,031493-021609,0775759,"4","CS","22 OZ","RUDI'S","BRD,OG,100% WHOLE WHEAT","4.65",,"2.714","86.84",".00","2.714",54835,"","4",0,"N","N",".00","","",54835,77575,6876010,6/8/2010,8,
Detail,8401292,B,031493-921831,0733147,"1","CS","24 OZ","RUDI'S","BRD,OG,CINNAMON RAISIN","4.95",,"2.888","34.65",".00","2.888",54835,"","1",0,"N","N",".00","","",54835,73314,6876010,6/8/2010,12,
Detail,8401292,B,031493-543736,0940361,"6","CS","22 OZ","RUDI'S","BRD,OG,COLORADO CRKD WHT","4.65",,"2.156","103.50","4.65","2.714",54835,"PRO 20","6",0,"N","N",".00","","",54835,94036,6876010,6/8/2010,8,
Detail,8401292,B,031493-242424,0940387,"6","CS","22 OZ","RUDI'S","BRD,OG,HONEY SWT WHL WHT","4.65",,"2.156","103.50","4.65","2.714",54835,"PRO 20","6",0,"N","N",".00","","",54835,94038,6876010,6/8/2010,8,
Detail,8401292,B,031493-828888,0940338,"1","CS","22 OZ","RUDI'S","BRD,OG,OAT,MULTIGRAIN","4.65",,".000",".00",".00","2.714",54835,"POV100","1",0,"N","N",".00","","",54835,94033,6876010,6/8/2010,8,
Detail,8401292,B,031493-828888,0940338,"5","CS","22 OZ","RUDI'S","BRD,OG,OAT,MULTIGRAIN","4.65",,"2.156","86.25","4.65","2.714",54835,"PRO 20","5",0,"N","N",".00","","",54835,94033,6876010,6/8/2010,8,
Detail,8401292,B,031493-804899,0845420,"1","CS","22 OZ","RUDI'S","BRD,OG,RYE,JEWISH LIGHT","4.65",,"2.714","21.71",".00","2.714",54835,"","1",0,"N","N",".00","","",54835,84542,6876010,6/8/2010,8,
Detail,8401292,B,031493-317511,0940270,"2","CS","22 OZ","RUDI'S","BRD,OG,SOURDGH,ROCKY MTN","4.65",,"2.714","43.42",".00","2.714",54835,"","2",0,"N","N",".00","","",54835,94027,6876010,6/8/2010,8,
Detail,8401292,B,031493-071208,0342543,"2","CS","20 OZ","RUDI'S","BRD,OG,SPELT,ANCNT GRAIN","5.59",,"2.614","41.82","5.59","3.289",54835,"PRO 20","2",0,"N","N",".00","","",54835,34254,6876010,6/8/2010,8,
Detail,8401292,B,031493-023405,0723213,"1","CS","20 OZ","RUDI'S","BRD,OG,14 GRAIN","4.65",,"2.714","21.71",".00","2.714",54835,"","1",0,"N","N",".00","","",54835,72321,6876010,6/8/2010,8,
Detail,8401292,B,031493-023207,0543553,"2","CS","20 OZ","RUDI'S","BRD,OG,7 GRAIN & FLAX","4.65",,"2.156","34.50","4.65","2.714",54835,"PRO 20","2",0,"N","N",".00","","",54835,54355,6876010,6/8/2010,8,
Detail,8401292,B,075119-602254,0349258,"1","CS","14.8 OZ","ENER-G","ENGLISH MUFFIN W/TOFU","5.85",,"3.345","20.07",".00","3.345",54835,"","1",0,"N","N",".00","","",54835,34925,6876010,6/8/2010,6,
Detail,8401292,B,075119-145874,0475095,"1","CS","7.76 OZ","ENER-G","HAMBURGER BUNS,TAPIOCA","5.09",,"2.527","15.16","5.09","2.923",54835,"M 15","1",0,"N","N",".00","","",54835,47509,6876010,6/8/2010,6,
Detail,8401292,B,075119-145911,0898833,"1","CS","7.76 OZ","ENER-G","HOT DOG BUNS,TAPIOCA","5.69",,"2.823","16.94","5.69","3.267",54835,"M 15","1",0,"N","N",".00","","",54835,89883,6876010,6/8/2010,6,
RecType,InvNum,Type,NumGroceryItems,NumRefrigItems,NumRepackItems,NumFrozenItems,TotalPcs,TotalWt,TotalCubes,NonSpecial,Special,GrossTotal,VolDiscnt,Discount,NetTotal,TotalRetail,Deposits,Adjustments,ProfitAmnt,Profit%,InvDate,CorpCustID,OrderNumber,,,,,,,
Footer,8401292,C,"3","0","0","37","40","440","3.42","339.52","401.67","741.19","0",".00","741.19","1,479.82",".00",".00",".00",".00",6/8/2010,54835,6876010,,,,,,,
