RecType,InvNum,Type,OrderNumber,InvoiceDate,DBA,CustomerNumber,CustomerName,CustAddr1,CustAddr2,City,State,ZipCode,PhoneNumber,Whse,Trip,Terms,D/CFlag,TermsMsg,CorpCustID,CoverSheet,OrdEntryDate,ChainCode,ApplyTo#,PO#,,,,,,
Header,8401296,A,6876075,6/8/2010,1,54835,"WHOLE FDS COOP-DULUTH","610 EAST 4TH STREET","","DULUTH","MN","558050000","218-728-0884",8,"247",7,0,"NET 21 DAYS",54835,3687079,6/7/2010,"CMW",0,"LN2335145-04",,,,,,
RecType,InvNum,Type,UPC,ProductID,QuantityShipped,Unit,Size,Brand,Description,RegularSRP,Status,NetPricePerUnit,ExtendedPrice,SaleSRP,RegPricePerUnit,CustomerID,PriceOrigin,QuantityOrdered,Taxable,LB flag,CW flag,CW2,CNF_RegSRP,CNF_SpcSRP,CorpCustID,CorpProdID,OrderNumber,InvoiceDate,Servings,
Detail,8401296,B,023542-100434,0541227,"1","EA","300 CAP","KYOLIC","#100 KYOLIC FORMULA","35.85",,"13.950","13.95","35.85","16.130",54835,"M 15","1",0,"N","N",".00","","",54835,54122,6876075,6/8/2010,1,
Detail,8401296,B,027917-003573,0330472,"2","EA","120 VCAP","NTRNOW","PB8 ACIDOPHILUS,VEGETARN","23.09",,"8.980","17.96","23.09","10.390",54835,"M 15","2",0,"N","N",".00","","",54835,33047,6876075,6/8/2010,1,
Detail,8401296,B,021888-109760,0393777,"1","EA","150 TAB","RBLITE","PRENATAL ONE MULTIVITAMIN","41.55",,"16.150","16.15","41.55","18.680",54835,"M 15","1",0,"N","N",".00","","",54835,39377,6876075,6/8/2010,1,
Detail,8401296,B,020525-114075,0666800,"3","EA","180 TAB","SCHIFF","CHILDREN'S CHWBLE VIT/MIN","16.49",,"7.420","22.26",".00","7.420",54835,"","3",0,"N","N",".00","","",54835,66680,6876075,6/8/2010,1,
Detail,8401296,B,026938-899806,0899807,"1","","EA","","TOTES CHARGE",".00",,".000",".00",".00",".000",54835,"NO CHG","1",0,"","",".00","N","",54835,89980,6876075,6/8/2010,1,
RecType,InvNum,Type,NumGroceryItems,NumRefrigItems,NumRepackItems,NumFrozenItems,TotalPcs,TotalWt,TotalCubes,NonSpecial,Special,GrossTotal,VolDiscnt,Discount,NetTotal,TotalRetail,Deposits,Adjustments,ProfitAmnt,Profit%,InvDate,CorpCustID,OrderNumber,,,,,,,
Footer,8401296,C,"0","0","1","0","1","10",".16","22.26","48.06","70.32","0",".00","70.32","173.05",".00",".00",".00",".00",6/8/2010,54835,6876075,,,,,,,
