RecType,InvNum,Type,OrderNumber,InvoiceDate,DBA,CustomerNumber,CustomerName,CustAddr1,CustAddr2,City,State,ZipCode,PhoneNumber,Whse,Trip,Terms,D/CFlag,TermsMsg,CorpCustID,CoverSheet,OrdEntryDate,ChainCode,ApplyTo#,PO#,,,,,,
Header,8401295,A,6876074,6/8/2010,1,54835,"WHOLE FDS COOP-DULUTH","610 EAST 4TH STREET","","DULUTH","MN","558050000","218-728-0884",8,"247",7,0,"NET 21 DAYS",54835,3687079,6/7/2010,"CMW",0,"LN2335145-03",,,,,,
RecType,InvNum,Type,UPC,ProductID,QuantityShipped,Unit,Size,Brand,Description,RegularSRP,Status,NetPricePerUnit,ExtendedPrice,SaleSRP,RegPricePerUnit,CustomerID,PriceOrigin,QuantityOrdered,Taxable,LB flag,CW flag,CW2,CNF_RegSRP,CNF_SpcSRP,CorpCustID,CorpProdID,OrderNumber,InvoiceDate,Servings,
Detail,8401295,B,724742-008574,0258178,"4","EA","12 OZ","ALBA","SHAMP,DRY,REPAIR,COCO-BTR","9.45",,"3.940","15.76","9.45","4.960",54835,"PRO 20","4",0,"N","N",".00","","",54835,25817,6876074,6/8/2010,1,
Detail,8401295,B,718334-337845,0114199,"3","EA","8 OZ","DESERT","SHAMPOO,COCONUT","8.55",,"3.670","11.01","8.55","4.480",54835,"M 20","3",0,"N","N",".00","","",54835,11419,6876074,6/8/2010,1,
Detail,8401295,B,078522-100300,0947358,"1","EA","12 OZ","JASON","SHAMPOO,DANDRUFF RELIEF","11.35",,"5.960","5.96",".00","5.960",54835,"","1",0,"N","N",".00","","",54835,94735,6876074,6/8/2010,1,
Detail,8401295,B,026938-899806,0899807,"1","","EA","","TOTES CHARGE",".00",,".000",".00",".00",".000",54835,"NO CHG","1",0,"","",".00","N","",54835,89980,6876074,6/8/2010,1,
RecType,InvNum,Type,NumGroceryItems,NumRefrigItems,NumRepackItems,NumFrozenItems,TotalPcs,TotalWt,TotalCubes,NonSpecial,Special,GrossTotal,VolDiscnt,Discount,NetTotal,TotalRetail,Deposits,Adjustments,ProfitAmnt,Profit%,InvDate,CorpCustID,OrderNumber,,,,,,,
Footer,8401295,C,"0","0","1","0","1","13",".16","5.96","26.77","32.73","0",".00","32.73","74.80",".00",".00",".00",".00",6/8/2010,54835,6876074,,,,,,,
