RecType,InvNum,Type,OrderNumber,InvoiceDate,DBA,CustomerNumber,CustomerName,CustAddr1,CustAddr2,City,State,ZipCode,PhoneNumber,Whse,Trip,Terms,D/CFlag,TermsMsg,CorpCustID,CoverSheet,OrdEntryDate,ChainCode,ApplyTo#,PO#,,,,,,
Header,8401290,A,6875645,6/8/2010,1,54835,"WHOLE FDS COOP-DULUTH","610 EAST 4TH STREET","","DULUTH","MN","558050000","218-728-0884",8,"247",7,0,"NET 21 DAYS",54835,3687079,6/7/2010,"CMW",0,"",,,,,,
RecType,InvNum,Type,UPC,ProductID,QuantityShipped,Unit,Size,Brand,Description,RegularSRP,Status,NetPricePerUnit,ExtendedPrice,SaleSRP,RegPricePerUnit,CustomerID,PriceOrigin,QuantityOrdered,Taxable,LB flag,CW flag,CW2,CNF_RegSRP,CNF_SpcSRP,CorpCustID,CorpProdID,OrderNumber,InvoiceDate,Servings,
Detail,8401290,B,897463-001015,0313726,"1","CS","8 OZ","FLAMOS","FALAFEL CHIPS,ORIGINAL","5.05",,"2.629","31.55","5.05","3.004",54835,"POV 15","1",0,"N","N",".00","","",54835,31372,6875645,6/8/2010,12,
Detail,8401290,B,897463-001169,0313619,"1","CS","8 OZ","FLAMOS","FALAFEL CHIPS,SPICY","5.05",,"2.629","31.55","5.05","3.004",54835,"POV 15","1",0,"N","N",".00","","",54835,31361,6875645,6/8/2010,12,
RecType,InvNum,Type,NumGroceryItems,NumRefrigItems,NumRepackItems,NumFrozenItems,TotalPcs,TotalWt,TotalCubes,NonSpecial,Special,GrossTotal,VolDiscnt,Discount,NetTotal,TotalRetail,Deposits,Adjustments,ProfitAmnt,Profit%,InvDate,CorpCustID,OrderNumber,,,,,,,
Footer,8401290,C,"2","0","0","0","2","16",".37",".00","63.10","63.10","0",".00","63.10","121.20",".00",".00",".00",".00",6/8/2010,54835,6875645,,,,,,,
