RecType,InvNum,Type,OrderNumber,InvoiceDate,DBA,CustomerNumber,CustomerName,CustAddr1,CustAddr2,City,State,ZipCode,PhoneNumber,Whse,Trip,Terms,D/CFlag,TermsMsg,CorpCustID,CoverSheet,OrdEntryDate,ChainCode,ApplyTo#,PO#,,,,,,
Header,8401299,A,6876078,6/8/2010,1,54835,"WHOLE FDS COOP-DULUTH","610 EAST 4TH STREET","","DULUTH","MN","558050000","218-728-0884",8,"247",7,0,"NET 21 DAYS",54835,3687079,6/7/2010,"CMW",0,"LN2335145-16",,,,,,
RecType,InvNum,Type,UPC,ProductID,QuantityShipped,Unit,Size,Brand,Description,RegularSRP,Status,NetPricePerUnit,ExtendedPrice,SaleSRP,RegPricePerUnit,CustomerID,PriceOrigin,QuantityOrdered,Taxable,LB flag,CW flag,CW2,CNF_RegSRP,CNF_SpcSRP,CorpCustID,CorpProdID,OrderNumber,InvoiceDate,Servings,
Detail,8401299,B,026938-627102,0627109,"1","CS","#","BULK H","BEANS,OG,GARBANZO,CHKPEA","1.79",,"1.018","25.44",".00","1.018",54835,"","1",0,"N","N",".00","","",54835,62710,6876078,6/8/2010,25,
Detail,8401299,B,026938-482831,0482836,"1","CS","#","GREATR","FLOUR,OG,SPELT,WHOLE GRN","1.95",,"1.100","27.49",".00","1.100",54835,"","1",0,"N","N",".00","","",54835,48283,6876078,6/8/2010,25,
Detail,8401299,B,011933-642250,0484576,"1","CS","#","HLAND","FLOUR,OG,GOLDEN BUFFALO","1.05",,".607","15.17",".00",".607",54835,"","1",0,"N","N",".00","","",54835,48457,6876078,6/8/2010,25,
RecType,InvNum,Type,NumGroceryItems,NumRefrigItems,NumRepackItems,NumFrozenItems,TotalPcs,TotalWt,TotalCubes,NonSpecial,Special,GrossTotal,VolDiscnt,Discount,NetTotal,TotalRetail,Deposits,Adjustments,ProfitAmnt,Profit%,InvDate,CorpCustID,OrderNumber,,,,,,,
Footer,8401299,C,"3","0","0","0","3","77",".24","68.10",".00","68.10","0",".00","68.10","119.75",".00",".00",".00",".00",6/8/2010,54835,6876078,,,,,,,
