RecType,InvNum,Type,OrderNumber,InvoiceDate,DBA,CustomerNumber,CustomerName,CustAddr1,CustAddr2,City,State,ZipCode,PhoneNumber,Whse,Trip,Terms,D/CFlag,TermsMsg,CorpCustID,CoverSheet,OrdEntryDate,ChainCode,ApplyTo#,PO#,,,,,,
Header,8401288,A,6875129,6/8/2010,1,54835,"WHOLE FDS COOP-DULUTH","610 EAST 4TH STREET","","DULUTH","MN","558050000","218-728-0884",8,"247",7,0,"NET 21 DAYS",54835,3687079,6/7/2010,"CMW",0,"LN2334968-12",,,,,,
RecType,InvNum,Type,UPC,ProductID,QuantityShipped,Unit,Size,Brand,Description,RegularSRP,Status,NetPricePerUnit,ExtendedPrice,SaleSRP,RegPricePerUnit,CustomerID,PriceOrigin,QuantityOrdered,Taxable,LB flag,CW flag,CW2,CNF_RegSRP,CNF_SpcSRP,CorpCustID,CorpProdID,OrderNumber,InvoiceDate,Servings,
Detail,8401288,B,025317-120005,0608687,"1","CS","8 OZ","APLEGT","BACON,TURKEY SLICED,ANTIB","4.29",,"2.523","30.28",".00","2.523",54835,"","1",0,"N","N",".00","","",54835,60868,6875129,6/8/2010,12,
Detail,8401288,B,025317-530002,0274159,"1","CS","12 OZ","APLEGT","HOT DOG,BEEF,ANTIBTC FREE","4.85",,"2.852","34.22",".00","2.852",54835,"","1",0,"N","N",".00","","",54835,27415,6875129,6/8/2010,12,
Detail,8401288,B,048481-009938,0759100,"1","CS","12 OZ","SHLTON","CHICKEN FRANKS","3.85",,"2.252","13.51",".00","2.252",54835,"","1",0,"N","N",".00","","",54835,75910,6875129,6/8/2010,6,
Detail,8401288,B,048481-009815,0273102,"1","CS","12 OZ","SHLTON","TURKEY BREAKFAST SAUSAGE","5.75",,"3.380","20.28",".00","3.380",54835,"","1",0,"N","N",".00","","",54835,27310,6875129,6/8/2010,6,
Detail,8401288,B,048481-009914,0273003,"2","CS","12 OZ","SHLTON","TURKEY FRANKS","3.85",,"2.252","27.02",".00","2.252",54835,"","2",0,"N","N",".00","","",54835,27300,6875129,6/8/2010,6,
Detail,8401288,B,048481-009907,0511089,"1","CS","12 OZ","SHLTON","TURKEY FRANKS,SMOKED","3.79",,"2.232","13.39",".00","2.232",54835,"","1",0,"N","N",".00","","",54835,51108,6875129,6/8/2010,6,
Detail,8401288,B,812410-000194,0553073,"0","CS","8 OZ","H&LSEA","WHITE SHRIMP,EASY PEEL",".00",OUT,".000",".00",".00",".000",54835,"","1",0,"N","N",".00","","",54835,55307,6875129,6/8/2010,6,
RecType,InvNum,Type,NumGroceryItems,NumRefrigItems,NumRepackItems,NumFrozenItems,TotalPcs,TotalWt,TotalCubes,NonSpecial,Special,GrossTotal,VolDiscnt,Discount,NetTotal,TotalRetail,Deposits,Adjustments,ProfitAmnt,Profit%,InvDate,CorpCustID,OrderNumber,,,,,,,
Footer,8401288,C,"0","0","0","7","7","42",".17","138.70",".00","138.70","0",".00","138.70","236.22",".00",".00",".00",".00",6/8/2010,54835,6875129,,,,,,,
