RecType,InvNum,Type,OrderNumber,InvoiceDate,DBA,CustomerNumber,CustomerName,CustAddr1,CustAddr2,City,State,ZipCode,PhoneNumber,Whse,Trip,Terms,D/CFlag,TermsMsg,CorpCustID,CoverSheet,OrdEntryDate,ChainCode,ApplyTo#,PO#,,,,,,
Header,8401305,A,6876297,6/8/2010,1,54835,"WHOLE FDS COOP-DULUTH","610 EAST 4TH STREET","","DULUTH","MN","558050000","218-728-0884",8,"247",7,0,"NET 21 DAYS",54835,3687079,6/7/2010,"CMW",0,"LN2335188-09",,,,,,
RecType,InvNum,Type,UPC,ProductID,QuantityShipped,Unit,Size,Brand,Description,RegularSRP,Status,NetPricePerUnit,ExtendedPrice,SaleSRP,RegPricePerUnit,CustomerID,PriceOrigin,QuantityOrdered,Taxable,LB flag,CW flag,CW2,CNF_RegSRP,CNF_SpcSRP,CorpCustID,CorpProdID,OrderNumber,InvoiceDate,Servings,
Detail,8401305,B,745158-300632,0359984,"1","CS","3.5 OZ","HALO","SPOTS STEW CAT,LAMB","1.25",,".720","8.64",".00",".720",54835,"","1",0,"N","N",".00","","",54835,35998,6876297,6/8/2010,12,
Detail,8401305,B,745158-300618,0360487,"1","CS","3.5 OZ","HALO","SPOTS STEW CAT,SALMON","1.25",,".720","8.64",".00",".720",54835,"","1",0,"N","N",".00","","",54835,36048,6876297,6/8/2010,12,
Detail,8401305,B,745158-350217,0364687,"1","CS","6 #","HALO","SPOTS STEW CAT,INDR,SALMN","19.99",,"11.960","47.84",".00","11.960",54835,"","1",0,"N","N",".00","","",54835,36468,6876297,6/8/2010,4,
Detail,8401305,B,012344-050085,0485540,"1","EA","8#","NATLIF","DRY CAT FOOD,REG","16.95",,"10.130","10.13",".00","10.130",54835,"","1",0,"N","N",".00","","",54835,48554,6876297,6/8/2010,1,
RecType,InvNum,Type,NumGroceryItems,NumRefrigItems,NumRepackItems,NumFrozenItems,TotalPcs,TotalWt,TotalCubes,NonSpecial,Special,GrossTotal,VolDiscnt,Discount,NetTotal,TotalRetail,Deposits,Adjustments,ProfitAmnt,Profit%,InvDate,CorpCustID,OrderNumber,,,,,,,
Footer,8401305,C,"4","0","0","0","4","40",".33","75.25",".00","75.25","0",".00","75.25","126.91",".00",".00",".00",".00",6/8/2010,54835,6876297,,,,,,,
