RecType,InvNum,Type,OrderNumber,InvoiceDate,DBA,CustomerNumber,CustomerName,CustAddr1,CustAddr2,City,State,ZipCode,PhoneNumber,Whse,Trip,Terms,D/CFlag,TermsMsg,CorpCustID,CoverSheet,OrdEntryDate,ChainCode,ApplyTo#,PO#,,,,,,
Header,8192635,A,6686254,5/6/2010,1,54835,"WHOLE FOODS COMMUNITY COO","610 EAST 4TH STREET","","DULUTH","MN","558050000","218-728-0884",8,"412",7,0,"NET 21 DAYS",54835,3603223,5/5/2010,"CMW",0,"LN2274649-17",,,,,,
RecType,InvNum,Type,UPC,ProductID,QuantityShipped,Unit,Size,Brand,Description,RegularSRP,Status,NetPricePerUnit,ExtendedPrice,SaleSRP,RegPricePerUnit,CustomerID,PriceOrigin,QuantityOrdered,Taxable,LB flag,CW flag,CW2,CNF_RegSRP,CNF_SpcSRP,CorpCustID,CorpProdID,OrderNumber,InvoiceDate,Servings,
Detail,8192635,B,026938-314620,0314625,"1","EA","#","BULK F","WALNUTS,RAW,HVS,PCS","6.65",,"3.724","18.62",".00","3.724",54835,"","1",0,"N","N",".00","","",54835,31462,6686254,5/6/2010,5,
Detail,8192635,B,026938-574123,0574129,"0","CS","#","BULK B","MANGO,OG,UNSWT,NO-SO2",".00",OUT,".000",".00",".00",".000",54835,"","1",0,"N","N",".00","","",54835,57412,6686254,5/6/2010,5,
RecType,InvNum,Type,NumGroceryItems,NumRefrigItems,NumRepackItems,NumFrozenItems,TotalPcs,TotalWt,TotalCubes,NonSpecial,Special,GrossTotal,VolDiscnt,Discount,NetTotal,TotalRetail,Deposits,Adjustments,ProfitAmnt,Profit%,InvDate,CorpCustID,OrderNumber,,,,,,,
Footer,8192635,C,"0","1","0","0","1","6",".01","18.62",".00","18.62","0",".00","18.62","33.25",".00",".00",".00",".00",5/6/2010,54835,6686254,,,,,,,
