RecType,InvNum,Type,OrderNumber,InvoiceDate,DBA,CustomerNumber,CustomerName,CustAddr1,CustAddr2,City,State,ZipCode,PhoneNumber,Whse,Trip,Terms,D/CFlag,TermsMsg,CorpCustID,CoverSheet,OrdEntryDate,ChainCode,ApplyTo#,PO#,,,,,,
Header,8192617,A,6686114,5/6/2010,1,54835,"WHOLE FOODS COMMUNITY COO","610 EAST 4TH STREET","","DULUTH","MN","558050000","218-728-0884",8,"412",7,0,"NET 21 DAYS",54835,3603223,5/5/2010,"CMW",0,"LN2274635-09",,,,,,
RecType,InvNum,Type,UPC,ProductID,QuantityShipped,Unit,Size,Brand,Description,RegularSRP,Status,NetPricePerUnit,ExtendedPrice,SaleSRP,RegPricePerUnit,CustomerID,PriceOrigin,QuantityOrdered,Taxable,LB flag,CW flag,CW2,CNF_RegSRP,CNF_SpcSRP,CorpCustID,CorpProdID,OrderNumber,InvoiceDate,Servings,
Detail,8192617,B,070844-008548,0996843,"1","CS","10 CT","KAME","CHOPSTICKS","1.39",,".832","16.63",".00",".832",54835,"","1",0,"N","N",".00","","",54835,99684,6686114,5/6/2010,20,
Detail,8192617,B,012344-061326,0133546,"2","CS","13.2 OZ","NATLIF","DOG FOOD,CAN,LAMADERM","1.95",,".987","23.68","1.95","1.141",54835,"M 15","2",0,"N","N",".00","","",54835,13354,6686114,5/6/2010,12,
Detail,8192617,B,012344-020354,0932038,"1","EA","35 #","NATLIF","DRY DOG FOOD,ADULT","47.19",,"28.250","28.25",".00","28.250",54835,"","1",0,"N","N",".00","","",54835,93203,6686114,5/6/2010,1,
Detail,8192617,B,894410-001012,0306381,"1","CS","24 CT","WLDCEN","FLATWARE,ASST,CORN STARCH","2.95",,"1.750","21.00",".00","1.750",54835,"","1",0,"N","N",".00","","",54835,30638,6686114,5/6/2010,12,
Detail,8192617,B,894410-001098,0306480,"1","CS","20 CT","WLDCEN","PLATE,9 IN,FIBER","3.99",,"2.382","28.58",".00","2.382",54835,"","1",0,"N","N",".00","","",54835,30648,6686114,5/6/2010,12,
RecType,InvNum,Type,NumGroceryItems,NumRefrigItems,NumRepackItems,NumFrozenItems,TotalPcs,TotalWt,TotalCubes,NonSpecial,Special,GrossTotal,VolDiscnt,Discount,NetTotal,TotalRetail,Deposits,Adjustments,ProfitAmnt,Profit%,InvDate,CorpCustID,OrderNumber,,,,,,,
Footer,8192617,C,"6","0","0","0","6","77",".39","94.46","23.68","118.14","0",".00","118.14","205.07",".00",".00",".00",".00",5/6/2010,54835,6686114,,,,,,,
