RecType,InvNum,Type,OrderNumber,InvoiceDate,DBA,CustomerNumber,CustomerName,CustAddr1,CustAddr2,City,State,ZipCode,PhoneNumber,Whse,Trip,Terms,D/CFlag,TermsMsg,CorpCustID,CoverSheet,OrdEntryDate,ChainCode,ApplyTo#,PO#,,,,,,
Header,8192622,A,6686240,5/6/2010,1,54835,"WHOLE FOODS COMMUNITY COO","610 EAST 4TH STREET","","DULUTH","MN","558050000","218-728-0884",8,"412",7,0,"NET 21 DAYS",54835,3603223,5/5/2010,"CMW",0,"LN2274646-05",,,,,,
RecType,InvNum,Type,UPC,ProductID,QuantityShipped,Unit,Size,Brand,Description,RegularSRP,Status,NetPricePerUnit,ExtendedPrice,SaleSRP,RegPricePerUnit,CustomerID,PriceOrigin,QuantityOrdered,Taxable,LB flag,CW flag,CW2,CNF_RegSRP,CNF_SpcSRP,CorpCustID,CorpProdID,OrderNumber,InvoiceDate,Servings,
Detail,8192622,B,722430-140162,0793232,"1","CS","16 OZ","GTS","KOMBUCHA,OG,MULTI-GREEN","2.95",,"2.191","26.29",".00","2.191",54835,"","1",0,"N","N",".00","","",54835,79323,6686240,5/6/2010,12,
Detail,8192622,B,052159-532000,0926709,"1","CS","16 OZ","OIKOS","GREEK YGRT,OG,PLAIN,0%FAT","5.95",,"3.102","18.61","5.95","3.588",54835,"M 15","1",0,"N","N",".00","","",54835,92670,6686240,5/6/2010,6,
Detail,8192622,B,818411-003004,0627455,"1","CS","32 OZ","SAMBZN","ACAI JUICE,OG,ORIGINAL","6.99",,"5.228","31.37",".00","5.228",54835,"","1",0,"N","N",".00","","",54835,62745,6686240,5/6/2010,6,
Detail,8192622,B,054319-000046,0431981,"1","CS","32 OZ","SEVEN","YOGURT,OG,PLAIN,LOWFT","4.35",,"2.602","15.61",".00","2.602",54835,"","1",0,"N","N",".00","","",54835,43198,6686240,5/6/2010,6,
RecType,InvNum,Type,NumGroceryItems,NumRefrigItems,NumRepackItems,NumFrozenItems,TotalPcs,TotalWt,TotalCubes,NonSpecial,Special,GrossTotal,VolDiscnt,Discount,NetTotal,TotalRetail,Deposits,Adjustments,ProfitAmnt,Profit%,InvDate,CorpCustID,OrderNumber,,,,,,,
Footer,8192622,C,"0","4","0","0","4","56",".21","73.27","18.61","91.88","0",".00","91.88","139.14",".00",".00",".00",".00",5/6/2010,54835,6686240,,,,,,,
