RecType,InvNum,Type,OrderNumber,InvoiceDate,DBA,CustomerNumber,CustomerName,CustAddr1,CustAddr2,City,State,ZipCode,PhoneNumber,Whse,Trip,Terms,D/CFlag,TermsMsg,CorpCustID,CoverSheet,OrdEntryDate,ChainCode,ApplyTo#,PO#,,,,,,
Header,8192638,A,6686276,5/6/2010,1,54835,"WHOLE FOODS COMMUNITY COO","610 EAST 4TH STREET","","DULUTH","MN","558050000","218-728-0884",8,"412",7,0,"NET 21 DAYS",54835,3603223,5/5/2010,"CMW",0,"LN2274652-03",,,,,,
RecType,InvNum,Type,UPC,ProductID,QuantityShipped,Unit,Size,Brand,Description,RegularSRP,Status,NetPricePerUnit,ExtendedPrice,SaleSRP,RegPricePerUnit,CustomerID,PriceOrigin,QuantityOrdered,Taxable,LB flag,CW flag,CW2,CNF_RegSRP,CNF_SpcSRP,CorpCustID,CorpProdID,OrderNumber,InvoiceDate,Servings,
Detail,8192638,B,026938-463014,0463018,"1","LB","5 #","BRUNKW","MONTEREY JACK RM","6.69",,"3.500","17.57",".00","3.500",54835,"","1",0,"N","Y","5.02","","",54835,46301,6686276,5/6/2010,1,
Detail,8192638,B,026938-468552,0468553,"1","CS","1 #","CEDARG","COLBY,MARBLE rBGH FREE","8.25",,"4.326","34.61",".00","4.326",54835,"","1",0,"N","N",".00","","",54835,46855,6686276,5/6/2010,8,
Detail,8192638,B,045296-081326,0260877,"1","CS","8 OZ","LISANT","SOY SHREDDED CHS,MOZZAREL","4.35",,"2.275","27.30",".00","2.275",54835,"","1",0,"N","N",".00","","",54835,26087,6686276,5/6/2010,12,
Detail,8192638,B,093966-211016,0431346,"2","CS","8 OZ","OGVAL","CREAM CHEESE,OG,BARS,PAST","3.95",,"2.048","49.16",".00","2.048",54835,"","2",0,"N","N",".00","","",54835,43134,6686276,5/6/2010,12,
Detail,8192638,B,093966-002270,0728840,"1","CS","6 OZ","OGVAL","MEXICAN CHEESE,OG,SHRED","5.69",,"2.555","30.66","5.69","2.979",54835,"PRO 13","1",0,"N","N",".00","","",54835,72884,6686276,5/6/2010,12,
Detail,8192638,B,093966-412109,0598060,"1","CS","6 OZ","OGVAL","MILD CHEDDAR,OG,SHRED","5.69",,"2.555","30.66","5.69","2.979",54835,"PRO 13","1",0,"N","N",".00","","",54835,59806,6686276,5/6/2010,12,
Detail,8192638,B,093966-452709,0598086,"1","CS","6 OZ","OGVAL","MOZZ,OG,SHRED,PART SKIM","5.69",,"2.555","30.66","5.69","2.979",54835,"PRO 13","1",0,"N","N",".00","","",54835,59808,6686276,5/6/2010,12,
Detail,8192638,B,093966-002287,0730135,"1","CS","4 OZ","OGVAL","PARMESAN,OG,SHRED(TUB)","5.15",,"2.680","32.16",".00","2.680",54835,"","1",0,"N","N",".00","","",54835,73013,6686276,5/6/2010,12,
Detail,8192638,B,093966-002195,0728832,"1","CS","15 OZ","OGVAL","RICOTTA CHEESE,OG","7.55",,"3.943","23.66",".00","3.943",54835,"","1",0,"N","N",".00","","",54835,72883,6686276,5/6/2010,6,
Detail,8192638,B,093966-000054,0602441,"1","CS","1 OZ","OGVAL","STRINGLES,OG",".85",,".443","10.63",".00",".443",54835,"","1",0,"N","N",".00","","",54835,60244,6686276,5/6/2010,24,
Detail,8192638,B,078016-123464,0797696,"1","CS","12 OZ","SOYA","SOYA CHEDDAR STYLE","7.05",,"3.683","22.10",".00","3.683",54835,"","1",0,"N","N",".00","","",54835,79769,6686276,5/6/2010,6,
Detail,8192638,B,020188-050253,0327270,"1","CS","8 OZ","TOFUTI","BTR THN CRM CHESE,NON-HYD","3.85",,"1.494","17.93","3.85","1.993",54835,"PRO 25","1",0,"N","N",".00","","",54835,32727,6686276,5/6/2010,12,
RecType,InvNum,Type,NumGroceryItems,NumRefrigItems,NumRepackItems,NumFrozenItems,TotalPcs,TotalWt,TotalCubes,NonSpecial,Special,GrossTotal,VolDiscnt,Discount,NetTotal,TotalRetail,Deposits,Adjustments,ProfitAmnt,Profit%,InvDate,CorpCustID,OrderNumber,,,,,,,
Footer,8192638,C,"0","13","0","0","13","71",".32","217.19","109.91","327.10","0",".00","327.10","667.42",".00",".00",".00",".00",5/6/2010,54835,6686276,,,,,,,
