RecType,InvNum,Type,OrderNumber,InvoiceDate,DBA,CustomerNumber,CustomerName,CustAddr1,CustAddr2,City,State,ZipCode,PhoneNumber,Whse,Trip,Terms,D/CFlag,TermsMsg,CorpCustID,CoverSheet,OrdEntryDate,ChainCode,ApplyTo#,PO#,,,,,,
Header,8192620,A,6686238,5/6/2010,1,54835,"WHOLE FOODS COMMUNITY COO","610 EAST 4TH STREET","","DULUTH","MN","558050000","218-728-0884",8,"412",7,0,"NET 21 DAYS",54835,3603223,5/5/2010,"CMW",0,"LN2274646-02",,,,,,
RecType,InvNum,Type,UPC,ProductID,QuantityShipped,Unit,Size,Brand,Description,RegularSRP,Status,NetPricePerUnit,ExtendedPrice,SaleSRP,RegPricePerUnit,CustomerID,PriceOrigin,QuantityOrdered,Taxable,LB flag,CW flag,CW2,CNF_RegSRP,CNF_SpcSRP,CorpCustID,CorpProdID,OrderNumber,InvoiceDate,Servings,
Detail,8192620,B,041570-056219,0540658,"1","CS","64 OZ","BLUE-D","ALMOND BREEZE,VANILLA","3.49",,"2.600","15.60",".00","2.600",54835,"","1",0,"N","N",".00","","",54835,54065,6686238,5/6/2010,6,
Detail,8192620,B,093966-002201,0806034,"1","CS","64 OZ","OGVAL","MILK,OG,LACT FREE,NONFAT","4.65",,"3.455","20.73",".00","3.455",54835,"","1",0,"N","N",".00","","",54835,80603,6686238,5/6/2010,6,
Detail,8192620,B,093966-512458,0177089,"1","CS","64 OZ","OGVAL","MILK,OG,NF,HTST,FRESH","4.19",,"3.145","18.87",".00","3.145",54835,"","1",0,"N","N",".00","","",54835,17708,6686238,5/6/2010,6,
Detail,8192620,B,093966-002263,0836494,"2","CS","64 OZ","OGVAL","SOY BEVERAGE,OG,UNSWTND","3.85",,"2.868","34.42",".00","2.868",54835,"","2",0,"N","N",".00","","",54835,83649,6686238,5/6/2010,6,
Detail,8192620,B,744473-912056,0865568,"1","CS","64 OZ","SDELCS","COCONUT MILK,UNSWEETENED","3.99",,"2.980","17.88",".00","2.980",54835,"","1",0,"N","N",".00","","",54835,86556,6686238,5/6/2010,6,
Detail,8192620,B,744473-912049,0865428,"1","CS","64 OZ","SDELCS","COCONUT MILK,VANILLA","3.99",,"2.980","17.88",".00","2.980",54835,"","1",0,"N","N",".00","","",54835,86542,6686238,5/6/2010,6,
Detail,8192620,B,093966-000320,0177055,"0","CS","64 OZ","OGVAL","MILK,OG,1%,HTST,FRESH",".00",OUT,".000",".00",".00",".000",54835,"","3",0,"N","N",".00","","",54835,17705,6686238,5/6/2010,6,
RecType,InvNum,Type,NumGroceryItems,NumRefrigItems,NumRepackItems,NumFrozenItems,TotalPcs,TotalWt,TotalCubes,NonSpecial,Special,GrossTotal,VolDiscnt,Discount,NetTotal,TotalRetail,Deposits,Adjustments,ProfitAmnt,Profit%,InvDate,CorpCustID,OrderNumber,,,,,,,
Footer,8192620,C,"0","7","0","0","7","193",".42","125.38",".00","125.38","0",".00","125.38","168.06",".00",".00",".00",".00",5/6/2010,54835,6686238,,,,,,,
