RecType,InvNum,Type,OrderNumber,InvoiceDate,DBA,CustomerNumber,CustomerName,CustAddr1,CustAddr2,City,State,ZipCode,PhoneNumber,Whse,Trip,Terms,D/CFlag,TermsMsg,CorpCustID,CoverSheet,OrdEntryDate,ChainCode,ApplyTo#,PO#,,,,,,
Header,8192629,A,6686247,5/6/2010,1,54835,"WHOLE FOODS COMMUNITY COO","610 EAST 4TH STREET","","DULUTH","MN","558050000","218-728-0884",8,"412",7,0,"NET 21 DAYS",54835,3603223,5/5/2010,"CMW",0,"LN2274649-03",,,,,,
RecType,InvNum,Type,UPC,ProductID,QuantityShipped,Unit,Size,Brand,Description,RegularSRP,Status,NetPricePerUnit,ExtendedPrice,SaleSRP,RegPricePerUnit,CustomerID,PriceOrigin,QuantityOrdered,Taxable,LB flag,CW flag,CW2,CNF_RegSRP,CNF_SpcSRP,CorpCustID,CorpProdID,OrderNumber,InvoiceDate,Servings,
Detail,8192629,B,636874-030562,0523860,"2","EA","21.5 OZ","EO","BATH SALT,BE WELL","11.39",,"5.980","11.96",".00","5.980",54835,"","2",0,"N","N",".00","","",54835,52386,6686247,5/6/2010,1,
Detail,8192629,B,636874-030586,0524074,"2","EA","21.5 OZ","EO","BATH SALT,NIGHTY NITE","11.39",,"5.980","11.96",".00","5.980",54835,"","2",0,"N","N",".00","","",54835,52407,6686247,5/6/2010,1,
Detail,8192629,B,636874-030548,0523985,"2","EA","21.5 OZ","EO","BATH SALT,TIME OUT","11.39",,"5.980","11.96",".00","5.980",54835,"","2",0,"N","N",".00","","",54835,52398,6686247,5/6/2010,1,
Detail,8192629,B,755355-100379,0248609,"3","EA","8.8 OZ","SOUTHF","SOAP BAR,MILLD LIME BASIL","5.55",,"2.910","8.73",".00","2.910",54835,"","3",0,"N","N",".00","","",54835,24860,6686247,5/6/2010,1,
Detail,8192629,B,077326-642252,0320564,"1","CS","2.25 OZ","TOM'S","DEOD,STICK,WOODSPICE,NTRL","6.99",,"3.655","21.93",".00","3.655",54835,"","1",0,"N","N",".00","","",54835,32056,6686247,5/6/2010,6,
Detail,8192629,B,026938-899806,0899807,"1","","EA","","TOTES CHARGE",".00",,".000",".00",".00",".000",54835,"NO CHG","1",0,"","",".00","N","",54835,89980,6686247,5/6/2010,1,
RecType,InvNum,Type,NumGroceryItems,NumRefrigItems,NumRepackItems,NumFrozenItems,TotalPcs,TotalWt,TotalCubes,NonSpecial,Special,GrossTotal,VolDiscnt,Discount,NetTotal,TotalRetail,Deposits,Adjustments,ProfitAmnt,Profit%,InvDate,CorpCustID,OrderNumber,,,,,,,
Footer,8192629,C,"0","0","1","0","1","18",".16","66.54",".00","66.54","0",".00","66.54","126.93",".00",".00",".00",".00",5/6/2010,54835,6686247,,,,,,,
