RecType,InvNum,Type,OrderNumber,InvoiceDate,DBA,CustomerNumber,CustomerName,CustAddr1,CustAddr2,City,State,ZipCode,PhoneNumber,Whse,Trip,Terms,D/CFlag,TermsMsg,CorpCustID,CoverSheet,OrdEntryDate,ChainCode,ApplyTo#,PO#,,,,,,
Header,8192640,A,6686278,5/6/2010,1,54835,"WHOLE FOODS COMMUNITY COO","610 EAST 4TH STREET","","DULUTH","MN","558050000","218-728-0884",8,"412",7,0,"NET 21 DAYS",54835,3603223,5/5/2010,"CMW",0,"LN2274652-02",,,,,,
RecType,InvNum,Type,UPC,ProductID,QuantityShipped,Unit,Size,Brand,Description,RegularSRP,Status,NetPricePerUnit,ExtendedPrice,SaleSRP,RegPricePerUnit,CustomerID,PriceOrigin,QuantityOrdered,Taxable,LB flag,CW flag,CW2,CNF_RegSRP,CNF_SpcSRP,CorpCustID,CorpProdID,OrderNumber,InvoiceDate,Servings,
Detail,8192640,B,031493-776370,0161521,"3","CS","8 PK","RUDI'S","BUNS,OG,HAMBURGER,WHEAT","4.65",,"2.156","45.27","4.65","2.713",54835,"PRO 20","3",0,"N","N",".00","","",54835,16152,6686278,5/6/2010,7,
Detail,8192640,B,031493-776394,0975342,"3","CS","6 PK","RUDI'S","BUNS,OG,HOT DOG,WHEAT","3.69",,"1.724","41.37","3.69","2.171",54835,"PRO 20","3",0,"N","N",".00","","",54835,97534,6686278,5/6/2010,8,
Detail,8192640,B,031493-060851,0821934,"1","CS","12 OZ","RUDI'S","ENG MUFFIN,OG,MULTIGRAIN","3.95",,"2.315","18.52",".00","2.315",54835,"","1",0,"N","N",".00","","",54835,82193,6686278,5/6/2010,8,
Detail,8192640,B,031493-061056,0821959,"1","CS","12 OZ","RUDI'S","ENG MUFFIN,OG,SPELT","3.95",,"2.315","18.52",".00","2.315",54835,"","1",0,"N","N",".00","","",54835,82195,6686278,5/6/2010,8,
Detail,8192640,B,031493-060653,0821918,"1","CS","12 OZ","RUDI'S","ENG MUFFIN,OG,WHEAT","3.95",,"2.315","18.52",".00","2.315",54835,"","1",0,"N","N",".00","","",54835,82191,6686278,5/6/2010,8,
Detail,8192640,B,031493-543736,0940361,"1","CS","22 OZ","RUDI'S","BRD,OG,COLORADO CRKD WHT","4.65",PAR,"2.714","21.71",".00","2.714",54835,"","2",0,"N","N",".00","","",54835,94036,6686278,5/6/2010,8,
Detail,8192640,B,031493-242424,0940387,"3","CS","22 OZ","RUDI'S","BRD,OG,HONEY SWT WHL WHT","4.65",,"2.714","65.13",".00","2.714",54835,"","3",0,"N","N",".00","","",54835,94038,6686278,5/6/2010,8,
Detail,8192640,B,031493-828888,0940338,"2","CS","22 OZ","RUDI'S","BRD,OG,OAT,MULTIGRAIN","4.65",,"2.714","43.42",".00","2.714",54835,"","2",0,"N","N",".00","","",54835,94033,6686278,5/6/2010,8,
Detail,8192640,B,031493-317511,0940270,"2","CS","22 OZ","RUDI'S","BRD,OG,SOURDGH,ROCKY MTN","4.65",,"2.714","43.42",".00","2.714",54835,"","2",0,"N","N",".00","","",54835,94027,6686278,5/6/2010,8,
Detail,8192640,B,031493-071208,0342543,"1","CS","20 OZ","RUDI'S","BRD,OG,SPELT,ANCNT GRAIN","5.59",,"3.289","26.31",".00","3.289",54835,"","1",0,"N","N",".00","","",54835,34254,6686278,5/6/2010,8,
Detail,8192640,B,031493-023405,0723213,"1","CS","20 OZ","RUDI'S","BRD,OG,14 GRAIN","4.65",,"2.714","21.71",".00","2.714",54835,"","1",0,"N","N",".00","","",54835,72321,6686278,5/6/2010,8,
Detail,8192640,B,031493-023207,0543553,"1","CS","20 OZ","RUDI'S","BRD,OG,7 GRAIN & FLAX","4.65",,"2.714","21.71",".00","2.714",54835,"","1",0,"N","N",".00","","",54835,54355,6686278,5/6/2010,8,
Detail,8192640,B,075119-145713,0315200,"1","CS","16 OZ","ENER-G","LOAF,BROWN RICE","5.35",,"3.047","18.28",".00","3.047",54835,"","1",0,"N","N",".00","","",54835,31520,6686278,5/6/2010,6,
Detail,8192640,B,075119-145805,0559104,"1","CS","19 OZ","ENER-G","LOAF,BROWN RICE,YST-FREE","5.75",,"3.278","19.67",".00","3.278",54835,"","1",0,"N","N",".00","","",54835,55910,6686278,5/6/2010,6,
Detail,8192640,B,075119-040155,0494500,"1","CS","16 OZ","ENER-G","LOAF,TAPIOCA","5.35",,"3.047","18.28",".00","3.047",54835,"","1",0,"N","N",".00","","",54835,49450,6686278,5/6/2010,6,
RecType,InvNum,Type,NumGroceryItems,NumRefrigItems,NumRepackItems,NumFrozenItems,TotalPcs,TotalWt,TotalCubes,NonSpecial,Special,GrossTotal,VolDiscnt,Discount,NetTotal,TotalRetail,Deposits,Adjustments,ProfitAmnt,Profit%,InvDate,CorpCustID,OrderNumber,,,,,,,
Footer,8192640,C,"3","0","0","20","23","221","2.05","355.20","86.64","441.84","0",".00","441.84","796.43",".00",".00",".00",".00",5/6/2010,54835,6686278,,,,,,,
