RecType,InvNum,Type,OrderNumber,InvoiceDate,DBA,CustomerNumber,CustomerName,CustAddr1,CustAddr2,City,State,ZipCode,PhoneNumber,Whse,Trip,Terms,D/CFlag,TermsMsg,CorpCustID,CoverSheet,OrdEntryDate,ChainCode,ApplyTo#,PO#,,,,,,
Header,8055461,A,6562639,4/15/2010,1,54835,"WHOLE FOODS COMMUNITY COO","610 EAST 4TH STREET","","DULUTH","MN","558050000","218-728-0884",8,"412",7,0,"NET 21 DAYS",54835,3545742,4/14/2010,"CMW",0,"LN2235022-08",,,,,,
RecType,InvNum,Type,UPC,ProductID,QuantityShipped,Unit,Size,Brand,Description,RegularSRP,Status,NetPricePerUnit,ExtendedPrice,SaleSRP,RegPricePerUnit,CustomerID,PriceOrigin,QuantityOrdered,Taxable,LB flag,CW flag,CW2,CNF_RegSRP,CNF_SpcSRP,CorpCustID,CorpProdID,OrderNumber,InvoiceDate,Servings,
Detail,8055461,B,042272-000210,0449405,"1","CS","7.5 OZ","AMY'S","POT PIE,OG,BROCC & CHEESE","3.35",,"2.069","24.83",".00","2.069",54835,"","1",0,"N","N",".00","","",54835,44940,6562639,4/15/2010,12,
Detail,8055461,B,053423-116346,0873505,"1","CS","12 OZ","FRCAFE","ENTRE,VEG CUBAN SWT&SPICY","5.95",,"3.238","25.90","5.95","3.706",54835,"M 15","1",0,"N","N",".00","","",54835,87350,6562639,4/15/2010,8,
Detail,8055461,B,829462-701016,0790790,"1","CS","PINTS","GOODK","RICE DIVINE,OG,VERY VAN","4.15",,"2.436","19.49",".00","2.436",54835,"","1",0,"N","N",".00","","",54835,79079,6562639,4/15/2010,8,
Detail,8055461,B,638882-000070,0871111,"2","CS","10 OZ","STAHL","BLUEBERRIES,WHOLE","4.55",,"2.673","64.14",".00","2.673",54835,"","2",0,"N","N",".00","","",54835,87111,6562639,4/15/2010,12,
Detail,8055461,B,638882-000612,0871251,"1","CS","10 OZ","STAHL","SPINACH,CUT","2.65",,"1.565","18.78",".00","1.565",54835,"","1",0,"N","N",".00","","",54835,87125,6562639,4/15/2010,12,
RecType,InvNum,Type,NumGroceryItems,NumRefrigItems,NumRepackItems,NumFrozenItems,TotalPcs,TotalWt,TotalCubes,NonSpecial,Special,GrossTotal,VolDiscnt,Discount,NetTotal,TotalRetail,Deposits,Adjustments,ProfitAmnt,Profit%,InvDate,CorpCustID,OrderNumber,,,,,,,
Footer,8055461,C,"0","0","0","6","6","47",".28","127.24","25.90","153.14","0",".00","153.14","262.00",".00",".00",".00",".00",4/15/2010,54835,6562639,,,,,,,
