RecType,InvNum,Type,OrderNumber,InvoiceDate,DBA,CustomerNumber,CustomerName,CustAddr1,CustAddr2,City,State,ZipCode,PhoneNumber,Whse,Trip,Terms,D/CFlag,TermsMsg,CorpCustID,CoverSheet,OrdEntryDate,ChainCode,ApplyTo#,PO#,,,,,,
Header,8055464,A,6562855,4/15/2010,1,54835,"WHOLE FOODS COMMUNITY COO","610 EAST 4TH STREET","","DULUTH","MN","558050000","218-728-0884",8,"412",7,0,"NET 21 DAYS",54835,3545742,4/14/2010,"CMW",0,"LN2235037-02",,,,,,
RecType,InvNum,Type,UPC,ProductID,QuantityShipped,Unit,Size,Brand,Description,RegularSRP,Status,NetPricePerUnit,ExtendedPrice,SaleSRP,RegPricePerUnit,CustomerID,PriceOrigin,QuantityOrdered,Taxable,LB flag,CW flag,CW2,CNF_RegSRP,CNF_SpcSRP,CorpCustID,CorpProdID,OrderNumber,InvoiceDate,Servings,
Detail,8055464,B,026938-462734,0462739,"1","LB","5 #","BRUNKW","CHEDDAR,COLORED","6.49",,"3.400","17.34",".00","3.400",54835,"","1",0,"N","Y","5.10","","",54835,46273,6562855,4/15/2010,1,
Detail,8055464,B,026938-462277,0462275,"1","LB","5 #","BRUNKW","CHEDDAR,YELLOW,MED","6.99",,"3.660","18.67",".00","3.660",54835,"","1",0,"N","Y","5.10","","",54835,46227,6562855,4/15/2010,1,
Detail,8055464,B,026938-462437,0462432,"1","LB","5 #","BRUNKW","PEPPER JACK,JALAPENO","6.65",,"3.490","17.62",".00","3.490",54835,"","1",0,"N","Y","5.05","","",54835,46243,6562855,4/15/2010,1,
Detail,8055464,B,026938-468491,0468496,"1","CS","1 #","CEDARG","CHEDDAR,MLD,rBGH FREE,YEL","8.25",,"4.326","34.61",".00","4.326",54835,"","1",0,"N","N",".00","","",54835,46849,6562855,4/15/2010,8,
Detail,8055464,B,026938-468514,0468512,"1","CS","1 #","CEDARG","CHEDDAR,OG,MILD WHITE","9.65",,"5.046","40.37",".00","5.046",54835,"","1",0,"N","N",".00","","",54835,46851,6562855,4/15/2010,8,
Detail,8055464,B,026938-468552,0468553,"1","CS","1 #","CEDARG","COLBY,MARBLE rBGH FREE","8.25",,"4.326","34.61",".00","4.326",54835,"","1",0,"N","N",".00","","",54835,46855,6562855,4/15/2010,8,
Detail,8055464,B,079004-100085,0493593,"1","CS","7 OZ","MTSTRL","FETA,GOAT MILK","5.75",,"2.998","35.98",".00","2.998",54835,"","1",0,"N","N",".00","","",54835,49359,6562855,4/15/2010,12,
Detail,8055464,B,093966-113303,0189704,"1","CS","8 OZ","OGVAL","MNTRY JACK,OG,RAW,UNPAST","6.15",,"3.223","38.67",".00","3.223",54835,"","1",0,"N","N",".00","","",54835,18970,6562855,4/15/2010,12,
Detail,8055464,B,093966-452709,0598086,"1","CS","6 OZ","OGVAL","MOZZ,OG,SHRED,PART SKIM","5.69",,"2.979","35.75",".00","2.979",54835,"","1",0,"N","N",".00","","",54835,59808,6562855,4/15/2010,12,
Detail,8055464,B,093966-253702,0122705,"1","CS","8 OZ","OGVAL","MOZZARELLA,OG,PART SKIM","6.15",,"3.223","38.67",".00","3.223",54835,"","1",0,"N","N",".00","","",54835,12270,6562855,4/15/2010,12,
Detail,8055464,B,093966-000054,0602441,"1","CS","1 OZ","OGVAL","STRINGLES,OG",".85",,".443","10.63",".00",".443",54835,"","1",0,"N","N",".00","","",54835,60244,6562855,4/15/2010,24,
Detail,8055464,B,093966-002140,0728733,"1","CS","6 OZ","OGVAL","STRINGLES,OG,PART SKIM","6.05",,"3.168","38.01",".00","3.168",54835,"","1",0,"N","N",".00","","",54835,72873,6562855,4/15/2010,12,
Detail,8055464,B,026938-505998,0505990,"1","LB","7 #","SWSVAL","SWISS,GRADE A","5.39",,"2.830","21.03",".00","2.830",54835,"","1",0,"N","Y","7.43","","",54835,50599,6562855,4/15/2010,1,
RecType,InvNum,Type,NumGroceryItems,NumRefrigItems,NumRepackItems,NumFrozenItems,TotalPcs,TotalWt,TotalCubes,NonSpecial,Special,GrossTotal,VolDiscnt,Discount,NetTotal,TotalRetail,Deposits,Adjustments,ProfitAmnt,Profit%,InvDate,CorpCustID,OrderNumber,,,,,,,
Footer,8055464,C,"0","13","0","0","13","77",".20","381.96",".00","381.96","0",".00","381.96","729.46",".00",".00",".00",".00",4/15/2010,54835,6562855,,,,,,,
