RecType,InvNum,Type,OrderNumber,InvoiceDate,DBA,CustomerNumber,CustomerName,CustAddr1,CustAddr2,City,State,ZipCode,PhoneNumber,Whse,Trip,Terms,D/CFlag,TermsMsg,CorpCustID,CoverSheet,OrdEntryDate,ChainCode,ApplyTo#,PO#,,,,,,
Header,8052540,A,8052540,4/15/2010,1,54835,"WHOLE FOODS COMMUNITY COO","610 EAST 4TH STREET","","DULUTH","MN","558050000","218-728-0884",8,"000",0,2,"",54835,3545742,4/15/2010,"CMW",8055456,"",,,,,,
RecType,InvNum,Type,UPC,ProductID,QuantityShipped,Unit,Size,Brand,Description,RegularSRP,Status,NetPricePerUnit,ExtendedPrice,SaleSRP,RegPricePerUnit,CustomerID,PriceOrigin,QuantityOrdered,Taxable,LB flag,CW flag,CW2,CNF_RegSRP,CNF_SpcSRP,CorpCustID,CorpProdID,OrderNumber,InvoiceDate,Servings,
Detail,8052540,B,024182-002652,0175950,"-1","CS","108 OZ","EDEN","BEANS,OG,BLACK,CANNED",".00",,"6.593","-39.56",".00","6.593",54835,"","-1",0,"N","N",".00","","",54835,17595,8052540,4/15/2010,6,
Detail,8052540,B,026938-467432,0467431,"-1","CS","#","BULK M","HONEY",".00",,"2.733","-32.80",".00","2.733",54835,"","-1",0,"N","N",".00","","",54835,46743,8052540,4/15/2010,12,
RecType,InvNum,Type,NumGroceryItems,NumRefrigItems,NumRepackItems,NumFrozenItems,TotalPcs,TotalWt,TotalCubes,NonSpecial,Special,GrossTotal,VolDiscnt,Discount,NetTotal,TotalRetail,Deposits,Adjustments,ProfitAmnt,Profit%,InvDate,CorpCustID,OrderNumber,,,,,,,
Footer,8052540,C,"0","0","0","0","0","0",".00",".00",".00","-72.36","0",".00","-72.36",".00",".00",".00",".00",".00",4/15/2010,54835,8052540,,,,,,,
