RecType,InvNum,Type,OrderNumber,InvoiceDate,DBA,CustomerNumber,CustomerName,CustAddr1,CustAddr2,City,State,ZipCode,PhoneNumber,Whse,Trip,Terms,D/CFlag,TermsMsg,CorpCustID,CoverSheet,OrdEntryDate,ChainCode,ApplyTo#,PO#,,,,,,
Header,8055473,A,6563139,4/15/2010,1,54835,"WHOLE FOODS COMMUNITY COO","610 EAST 4TH STREET","","DULUTH","MN","558050000","218-728-0884",8,"412",7,0,"NET 21 DAYS",54835,3545742,4/14/2010,"CMW",0,"LN2235069-17",,,,,,
RecType,InvNum,Type,UPC,ProductID,QuantityShipped,Unit,Size,Brand,Description,RegularSRP,Status,NetPricePerUnit,ExtendedPrice,SaleSRP,RegPricePerUnit,CustomerID,PriceOrigin,QuantityOrdered,Taxable,LB flag,CW flag,CW2,CNF_RegSRP,CNF_SpcSRP,CorpCustID,CorpProdID,OrderNumber,InvoiceDate,Servings,
Detail,8055473,B,026938-465896,0465898,"1","CS","#","BULK F","HAZELNUTS/FILBERTS,WHL","8.75",,"4.902","24.51",".00","4.902",54835,"","1",0,"N","N",".00","","",54835,46589,6563139,4/15/2010,5,
Detail,8055473,B,026938-467272,0467274,"1","CS","1#","BULK L","SOYNUT,R/S","3.19",,"1.845","18.45",".00","1.845",54835,"","1",0,"N","N",".00","","",54835,46727,6563139,4/15/2010,10,
RecType,InvNum,Type,NumGroceryItems,NumRefrigItems,NumRepackItems,NumFrozenItems,TotalPcs,TotalWt,TotalCubes,NonSpecial,Special,GrossTotal,VolDiscnt,Discount,NetTotal,TotalRetail,Deposits,Adjustments,ProfitAmnt,Profit%,InvDate,CorpCustID,OrderNumber,,,,,,,
Footer,8055473,C,"1","1","0","0","2","15",".06","42.96",".00","42.96","0",".00","42.96","75.65",".00",".00",".00",".00",4/15/2010,54835,6563139,,,,,,,
