RecType,InvNum,Type,OrderNumber,InvoiceDate,DBA,CustomerNumber,CustomerName,CustAddr1,CustAddr2,City,State,ZipCode,PhoneNumber,Whse,Trip,Terms,D/CFlag,TermsMsg,CorpCustID,CoverSheet,OrdEntryDate,ChainCode,ApplyTo#,PO#,,,,,,
Header,8055479,A,6563148,4/15/2010,1,54835,"WHOLE FOODS COMMUNITY COO","610 EAST 4TH STREET","","DULUTH","MN","558050000","218-728-0884",8,"412",7,0,"NET 21 DAYS",54835,3545742,4/14/2010,"CMW",0,"LN2235069-26",,,,,,
RecType,InvNum,Type,UPC,ProductID,QuantityShipped,Unit,Size,Brand,Description,RegularSRP,Status,NetPricePerUnit,ExtendedPrice,SaleSRP,RegPricePerUnit,CustomerID,PriceOrigin,QuantityOrdered,Taxable,LB flag,CW flag,CW2,CNF_RegSRP,CNF_SpcSRP,CorpCustID,CorpProdID,OrderNumber,InvoiceDate,Servings,
Detail,8055479,B,089836-025920,0448514,"1","EA","#","FRNTHB","CUMIN SEED,OG,GROUND","21.45",,"7.900","7.90",".00","7.900",54835,"","1",0,"N","N",".00","","",54835,44851,6563148,4/15/2010,1,
Detail,8055479,B,089836-003522,0298356,"1","EA","#","FRNTHB","GARLIC POWDER,OG","15.45",,"5.690","5.69",".00","5.690",54835,"","1",0,"N","N",".00","","",54835,29835,6563148,4/15/2010,1,
Detail,8055479,B,026938-899806,0899807,"1","","EA","","TOTES CHARGE",".00",,".000",".00",".00",".000",54835,"NO CHG","1",0,"","",".00","N","",54835,89980,6563148,4/15/2010,1,
RecType,InvNum,Type,NumGroceryItems,NumRefrigItems,NumRepackItems,NumFrozenItems,TotalPcs,TotalWt,TotalCubes,NonSpecial,Special,GrossTotal,VolDiscnt,Discount,NetTotal,TotalRetail,Deposits,Adjustments,ProfitAmnt,Profit%,InvDate,CorpCustID,OrderNumber,,,,,,,
Footer,8055479,C,"0","0","1","0","1","8",".15","13.59",".00","13.59","0",".00","13.59","36.90",".00",".00",".00",".00",4/15/2010,54835,6563148,,,,,,,
