RecType,InvNum,Type,OrderNumber,InvoiceDate,DBA,CustomerNumber,CustomerName,CustAddr1,CustAddr2,City,State,ZipCode,PhoneNumber,Whse,Trip,Terms,D/CFlag,TermsMsg,CorpCustID,CoverSheet,OrdEntryDate,ChainCode,ApplyTo#,PO#,,,,,,
Header,8052528,A,8052528,4/15/2010,1,54835,"WHOLE FOODS COMMUNITY COO","610 EAST 4TH STREET","","DULUTH","MN","558050000","218-728-0884",8,"000",0,2,"",54835,3545742,4/15/2010,"CMW",8055456,"",,,,,,
RecType,InvNum,Type,UPC,ProductID,QuantityShipped,Unit,Size,Brand,Description,RegularSRP,Status,NetPricePerUnit,ExtendedPrice,SaleSRP,RegPricePerUnit,CustomerID,PriceOrigin,QuantityOrdered,Taxable,LB flag,CW flag,CW2,CNF_RegSRP,CNF_SpcSRP,CorpCustID,CorpProdID,OrderNumber,InvoiceDate,Servings,
Detail,8052528,B,074441-123666,0464354,"-3","EA","GAL","BULK C","VANILLA,PURE",".00",,".000",".00",".00",".000",54835,"","-3",0,"N","N",".00","","",54835,46435,8052528,4/15/2010,1,
Detail,8052528,B,720054-555607,0501650,"-3","CS","#","REALLY","HONEY,RAW",".00",,"4.792","-71.88",".00","4.792",54835,"","-3",0,"N","N",".00","","",54835,50165,8052528,4/15/2010,5,
RecType,InvNum,Type,NumGroceryItems,NumRefrigItems,NumRepackItems,NumFrozenItems,TotalPcs,TotalWt,TotalCubes,NonSpecial,Special,GrossTotal,VolDiscnt,Discount,NetTotal,TotalRetail,Deposits,Adjustments,ProfitAmnt,Profit%,InvDate,CorpCustID,OrderNumber,,,,,,,
Footer,8052528,C,"0","0","0","0","0","0",".00",".00",".00","-71.88","0",".00","-71.88",".00",".00",".00",".00",".00",4/15/2010,54835,8052528,,,,,,,
