RecType,InvNum,Type,OrderNumber,InvoiceDate,DBA,CustomerNumber,CustomerName,CustAddr1,CustAddr2,City,State,ZipCode,PhoneNumber,Whse,Trip,Terms,D/CFlag,TermsMsg,CorpCustID,CoverSheet,OrdEntryDate,ChainCode,ApplyTo#,PO#,,,,,,
Header,8052531,A,8052531,4/15/2010,1,54835,"WHOLE FOODS COMMUNITY COO","610 EAST 4TH STREET","","DULUTH","MN","558050000","218-728-0884",8,"000",0,2,"",54835,3545742,4/15/2010,"CMW",8055456,"",,,,,,
RecType,InvNum,Type,UPC,ProductID,QuantityShipped,Unit,Size,Brand,Description,RegularSRP,Status,NetPricePerUnit,ExtendedPrice,SaleSRP,RegPricePerUnit,CustomerID,PriceOrigin,QuantityOrdered,Taxable,LB flag,CW flag,CW2,CNF_RegSRP,CNF_SpcSRP,CorpCustID,CorpProdID,OrderNumber,InvoiceDate,Servings,
Detail,8052531,B,654749-353103,0156166,"-1","EA","2 OZ","AVALON","DAILY MOIST,LAVENDER",".00",,"8.450","-8.45",".00","8.450",54835,"","-1",0,"N","N",".00","","",54835,15616,8052531,4/15/2010,1,
Detail,8052531,B,077326-100066,0736017,"-1","CS","5.2 OZ","TOM'S","TP,WHL CARE,ANTICAV,CINN",".00",,"3.052","-18.31",".00","3.052",54835,"","-1",0,"N","N",".00","","",54835,73601,8052531,4/15/2010,6,
Detail,8052531,B,654749-351550,0936567,"-1","EA","11 OZ","AVALON","COND,CLARIFYING,LEMON",".00",,"3.740","-3.74",".00","3.740",54835,"","-1",0,"N","N",".00","","",54835,93656,8052531,4/15/2010,1,
RecType,InvNum,Type,NumGroceryItems,NumRefrigItems,NumRepackItems,NumFrozenItems,TotalPcs,TotalWt,TotalCubes,NonSpecial,Special,GrossTotal,VolDiscnt,Discount,NetTotal,TotalRetail,Deposits,Adjustments,ProfitAmnt,Profit%,InvDate,CorpCustID,OrderNumber,,,,,,,
Footer,8052531,C,"0","0","0","0","0","0",".00",".00",".00","-30.50","0",".00","-30.50",".00",".00",".00",".00",".00",4/15/2010,54835,8052531,,,,,,,
