RecType,InvNum,Type,OrderNumber,InvoiceDate,DBA,CustomerNumber,CustomerName,CustAddr1,CustAddr2,City,State,ZipCode,PhoneNumber,Whse,Trip,Terms,D/CFlag,TermsMsg,CorpCustID,CoverSheet,OrdEntryDate,ChainCode,ApplyTo#,PO#,,,,,,
Header,8055468,A,6563134,4/15/2010,1,54835,"WHOLE FOODS COMMUNITY COO","610 EAST 4TH STREET","","DULUTH","MN","558050000","218-728-0884",8,"412",7,0,"NET 21 DAYS",54835,3545742,4/14/2010,"CMW",0,"LN2235069-03",,,,,,
RecType,InvNum,Type,UPC,ProductID,QuantityShipped,Unit,Size,Brand,Description,RegularSRP,Status,NetPricePerUnit,ExtendedPrice,SaleSRP,RegPricePerUnit,CustomerID,PriceOrigin,QuantityOrdered,Taxable,LB flag,CW flag,CW2,CNF_RegSRP,CNF_SpcSRP,CorpCustID,CorpProdID,OrderNumber,InvoiceDate,Servings,
Detail,8055468,B,018787-785058,0329094,"20","EA","5 OZ","DR B'S","BAR SOAP,OG,PEPPERMINT","3.99",,"2.090","41.80",".00","2.090",54835,"","20",0,"N","N",".00","","",54835,32909,6563134,4/15/2010,1,
Detail,8055468,B,318858-108244,0528661,"1","EA","8 OZ","HOME","ALMOND GLOW LTN,ROSE","8.55",,"4.470","4.47",".00","4.470",54835,"","1",0,"N","N",".00","","",54835,52866,6563134,4/15/2010,1,
Detail,8055468,B,028367-829294,0300939,"1","EA","128 OZ","KISS","MOIST SOAP,OLIVE & ALOE","37.95",,"19.910","19.91",".00","19.910",54835,"","1",0,"N","N",".00","","",54835,30093,6563134,4/15/2010,1,
Detail,8055468,B,028367-836391,0487009,"4","EA","2/3.5 OZ","KISS","WHALE SOAP,DUO PK,BERRY","7.55",,"3.960","15.84",".00","3.960",54835,"","4",0,"N","N",".00","","",54835,48700,6563134,4/15/2010,1,
Detail,8055468,B,078347-001523,0913400,"1","CS","6 OZ","NGATE","TPASTE,CREME DE ANISE HRB","5.09",,"2.440","14.64","5.09","2.737",54835,"OGD 12","1",0,"N","N",".00","","",54835,91340,6563134,4/15/2010,6,
Detail,8055468,B,085178-090084,0936625,"1","CS","PIECE","RADIUS","DSP CTR,BEST SELLER ORAL","6.19",,"2.734","60.15","6.19","3.337",54835,"M 20","1",0,"N","N",".00","","",54835,93662,6563134,4/15/2010,22,
Detail,8055468,B,026938-899806,0899807,"1","","EA","","TOTES CHARGE",".00",,".000",".00",".00",".000",54835,"NO CHG","1",0,"","",".00","N","",54835,89980,6563134,4/15/2010,1,
Detail,8055468,B,085178-090107,0936856,"0","CS","PIECE","RADIUS","DSP CTR,CHILDREN COLLECTN",".00",OUT,".000",".00",".00",".000",54835,"","1",0,"N","N",".00","","",54835,93685,6563134,4/15/2010,18,
RecType,InvNum,Type,NumGroceryItems,NumRefrigItems,NumRepackItems,NumFrozenItems,TotalPcs,TotalWt,TotalCubes,NonSpecial,Special,GrossTotal,VolDiscnt,Discount,NetTotal,TotalRetail,Deposits,Adjustments,ProfitAmnt,Profit%,InvDate,CorpCustID,OrderNumber,,,,,,,
Footer,8055468,C,"0","0","1","0","1","31",".24","82.02","74.79","156.81","0",".00","156.81","323.22",".00",".00",".00",".00",4/15/2010,54835,6563134,,,,,,,
