RecType,InvNum,Type,OrderNumber,InvoiceDate,DBA,CustomerNumber,CustomerName,CustAddr1,CustAddr2,City,State,ZipCode,PhoneNumber,Whse,Trip,Terms,D/CFlag,TermsMsg,CorpCustID,CoverSheet,OrdEntryDate,ChainCode,ApplyTo#,PO#,,,,,,
Header,8055470,A,6563136,4/15/2010,1,54835,"WHOLE FOODS COMMUNITY COO","610 EAST 4TH STREET","","DULUTH","MN","558050000","218-728-0884",8,"412",7,0,"NET 21 DAYS",54835,3545742,4/14/2010,"CMW",0,"LN2235069-10",,,,,,
RecType,InvNum,Type,UPC,ProductID,QuantityShipped,Unit,Size,Brand,Description,RegularSRP,Status,NetPricePerUnit,ExtendedPrice,SaleSRP,RegPricePerUnit,CustomerID,PriceOrigin,QuantityOrdered,Taxable,LB flag,CW flag,CW2,CNF_RegSRP,CNF_SpcSRP,CorpCustID,CorpProdID,OrderNumber,InvoiceDate,Servings,
Detail,8055470,B,770009-050015,0808758,"3","EA","200 FT","IFYC","COOKING TWINE,NATURAL","2.65",,"1.240","3.72","2.65","1.560",54835,"PRO 20","3",0,"N","N",".00","","",54835,80875,6563136,4/15/2010,1,
Detail,8055470,B,760702-452568,0286492,"1","CS","10-13","MAGGIE","SOCK,CREW,DARKER TYE DYE","11.65",,"5.150","15.45","11.65","6.107",54835,"PRO 15","1",0,"N","N",".00","","",54835,28649,6563136,4/15/2010,3,
Detail,8055470,B,760702-452551,0286377,"2","CS","9-11","MAGGIE","SOCK,CREW,DARKER TYE DYE","11.65",,"5.150","30.90","11.65","6.107",54835,"PRO 15","2",0,"N","N",".00","","",54835,28637,6563136,4/15/2010,3,
Detail,8055470,B,026938-899806,0899807,"1","","EA","","TOTES CHARGE",".00",,".000",".00",".00",".000",54835,"NO CHG","1",0,"","",".00","N","",54835,89980,6563136,4/15/2010,1,
RecType,InvNum,Type,NumGroceryItems,NumRefrigItems,NumRepackItems,NumFrozenItems,TotalPcs,TotalWt,TotalCubes,NonSpecial,Special,GrossTotal,VolDiscnt,Discount,NetTotal,TotalRetail,Deposits,Adjustments,ProfitAmnt,Profit%,InvDate,CorpCustID,OrderNumber,,,,,,,
Footer,8055470,C,"0","0","1","0","1","9",".17",".00","50.07","50.07","0",".00","50.07","112.80",".00",".00",".00",".00",4/15/2010,54835,6563136,,,,,,,
