RecType,InvNum,Type,OrderNumber,InvoiceDate,DBA,CustomerNumber,CustomerName,CustAddr1,CustAddr2,City,State,ZipCode,PhoneNumber,Whse,Trip,Terms,D/CFlag,TermsMsg,CorpCustID,CoverSheet,OrdEntryDate,ChainCode,ApplyTo#,PO#,,,,,,
Header,8055481,A,6563286,4/15/2010,1,54835,"WHOLE FOODS COMMUNITY COO","610 EAST 4TH STREET","","DULUTH","MN","558050000","218-728-0884",8,"412",7,0,"NET 21 DAYS",54835,3545742,4/14/2010,"CMW",0,"LN2235091-05",,,,,,
RecType,InvNum,Type,UPC,ProductID,QuantityShipped,Unit,Size,Brand,Description,RegularSRP,Status,NetPricePerUnit,ExtendedPrice,SaleSRP,RegPricePerUnit,CustomerID,PriceOrigin,QuantityOrdered,Taxable,LB flag,CW flag,CW2,CNF_RegSRP,CNF_SpcSRP,CorpCustID,CorpProdID,OrderNumber,InvoiceDate,Servings,
Detail,8055481,B,895538-000017,0568436,"4","CS","7 OZ","DRKRAC","FLATBRD,OG,KLSC,S#0359166","4.79",,"2.178","104.56","4.79","2.741",54835,"PRO 20","4",0,"N","N",".00","","",54835,56843,6563286,4/15/2010,12,
Detail,8055481,B,895538-000024,0568337,"4","CS","7 OZ","DRKRAC","FLATBRD,OG,PMKN,S#0359364","4.79",,"2.178","104.56","4.79","2.741",54835,"PRO 20","4",0,"N","N",".00","","",54835,56833,6563286,4/15/2010,12,
Detail,8055481,B,895538-000116,0675256,"4","CS","7 OZ","DRKRAC","FLATBRD,OG,SLDR,S#0360362","4.79",,"2.178","104.56","4.79","2.741",54835,"PRO 20","4",0,"N","N",".00","","",54835,67525,6563286,4/15/2010,12,
Detail,8055481,B,790874-001059,0738534,"3","CS","12 OZ","DREWS","SALSA,OG,CHIPOTLE LIME","3.89",,"1.760","63.36","3.89","2.215",54835,"PRO 20","3",0,"N","N",".00","","",54835,73853,6563286,4/15/2010,12,
Detail,8055481,B,790874-001028,0141523,"3","CS","12 OZ","DREWS","SALSA,OG,MEDIUM","3.89",,"1.760","63.36","3.89","2.215",54835,"PRO 20","3",0,"N","N",".00","","",54835,14152,6563286,4/15/2010,12,
Detail,8055481,B,790874-001011,0141515,"3","CS","12 OZ","DREWS","SALSA,OG,MILD","3.89",,"1.760","63.36","3.89","2.215",54835,"PRO 20","3",0,"N","N",".00","","",54835,14151,6563286,4/15/2010,12,
Detail,8055481,B,018627-610045,0285171,"4","CS","8 OZ","KASHI","TLC CRACKERS,COUNTRY CHED","4.55",,"1.841","88.36","4.55","2.613",54835,"PRO 30","4",0,"N","N",".00","","",54835,28517,6563286,4/15/2010,12,
Detail,8055481,B,018627-610052,0923888,"4","CS","9 OZ","KASHI","TLC CRACKERS,FIRE RST VEG","4.55",,"1.841","88.36","4.55","2.613",54835,"PRO 30","4",0,"N","N",".00","","",54835,92388,6563286,4/15/2010,12,
Detail,8055481,B,018627-610014,0229351,"4","CS","9 OZ","KASHI","TLC CRACKERS,ORIG 7 GRAIN","4.55",,"1.841","88.36","4.55","2.613",54835,"PRO 30","4",0,"N","N",".00","","",54835,22935,6563286,4/15/2010,12,
Detail,8055481,B,024335-061093,0312728,"6","CS","16 OZ","LITTLB","CHIPS,OG,WHT CORN TORT","3.79",,"1.834","132.06","3.79","2.265",54835,"PRO 20","6",0,"N","N",".00","","",54835,31272,6563286,4/15/2010,12,
Detail,8055481,B,024335-211160,0675306,"6","CS","16 OZ","LITTLB","CHIPS,OG,YELLOW TORT,SALT","3.79",,"1.834","132.06","3.79","2.265",54835,"PRO 20","6",0,"N","N",".00","","",54835,67530,6563286,4/15/2010,12,
Detail,8055481,B,074682-103090,0581009,"5","CS","32 OZ","KNDSN","JUICE,JUST BLACK CHERRY","4.79",,"2.387","143.20","4.79","2.822",54835,"PRO 15","5",0,"N","N",".00","","",54835,58100,6563286,4/15/2010,12,
Detail,8055481,B,074682-103502,0587204,"4","CS","32 OZ","KNDSN","JUICE,JUST CRANBERRY","8.75",,"4.355","209.04","8.75","5.168",54835,"PRO 15","4",0,"N","N",".00","","",54835,58720,6563286,4/15/2010,12,
Detail,8055481,B,074682-103083,0777029,"4","CS","32 OZ","KNDSN","JUICE,JUST POMEGRANATE","8.35",,"4.153","199.36","8.35","4.928",54835,"PRO 15","4",0,"N","N",".00","","",54835,77702,6563286,4/15/2010,12,
RecType,InvNum,Type,NumGroceryItems,NumRefrigItems,NumRepackItems,NumFrozenItems,TotalPcs,TotalWt,TotalCubes,NonSpecial,Special,GrossTotal,VolDiscnt,Discount,NetTotal,TotalRetail,Deposits,Adjustments,ProfitAmnt,Profit%,InvDate,CorpCustID,OrderNumber,,,,,,,
Footer,8055481,C,"58","0","0","0","58","1017","6.84",".00","1,584.56","1,584.56","0",".00","1,584.56","3,419.04",".00",".00",".00",".00",4/15/2010,54835,6563286,,,,,,,
