RecType,InvNum,Type,OrderNumber,InvoiceDate,DBA,CustomerNumber,CustomerName,CustAddr1,CustAddr2,City,State,ZipCode,PhoneNumber,Whse,Trip,Terms,D/CFlag,TermsMsg,CorpCustID,CoverSheet,OrdEntryDate,ChainCode,ApplyTo#,PO#,,,,,,
Header,8052536,A,8052536,4/15/2010,1,54835,"WHOLE FOODS COMMUNITY COO","610 EAST 4TH STREET","","DULUTH","MN","558050000","218-728-0884",8,"000",0,2,"",54835,3545742,4/15/2010,"CMW",8055456,"",,,,,,
RecType,InvNum,Type,UPC,ProductID,QuantityShipped,Unit,Size,Brand,Description,RegularSRP,Status,NetPricePerUnit,ExtendedPrice,SaleSRP,RegPricePerUnit,CustomerID,PriceOrigin,QuantityOrdered,Taxable,LB flag,CW flag,CW2,CNF_RegSRP,CNF_SpcSRP,CorpCustID,CorpProdID,OrderNumber,InvoiceDate,Servings,
Detail,8052536,B,023923-201651,0319616,"-1","CS","8/.67 OZ","EARTHB","TOT CRL BARS,OG STBRY BAN",".00",,".000",".00",".00",".000",54835,"","-1",0,"N","N",".00","","",54835,31961,8052536,4/15/2010,6,
Detail,8052536,B,835228-006004,0792952,"-1","CS","12 OZ","BAKERY","GRANOLA,GF,APL RSN WALNUT",".00",,"3.877","-23.26",".00","3.877",54835,"","-1",0,"N","N",".00","","",54835,79295,8052536,4/15/2010,6,
RecType,InvNum,Type,NumGroceryItems,NumRefrigItems,NumRepackItems,NumFrozenItems,TotalPcs,TotalWt,TotalCubes,NonSpecial,Special,GrossTotal,VolDiscnt,Discount,NetTotal,TotalRetail,Deposits,Adjustments,ProfitAmnt,Profit%,InvDate,CorpCustID,OrderNumber,,,,,,,
Footer,8052536,C,"0","0","0","0","0","0",".00",".00",".00","-23.26","0",".00","-23.26",".00",".00",".00",".00",".00",4/15/2010,54835,8052536,,,,,,,
