RecType,InvNum,Type,OrderNumber,InvoiceDate,DBA,CustomerNumber,CustomerName,CustAddr1,CustAddr2,City,State,ZipCode,PhoneNumber,Whse,Trip,Terms,D/CFlag,TermsMsg,CorpCustID,CoverSheet,OrdEntryDate,ChainCode,ApplyTo#,PO#,,,,,,
Header,8114530,A,6617552,4/24/2010,1,54835,"WHOLE FOODS COMMUNITY COO","610 EAST 4TH STREET","","DULUTH","MN","558050000","218-728-0884",8,"642",7,0,"NET 21 DAYS",54835,3570310,4/23/2010,"CMW",0,"LN2252732-02",,,,,,
RecType,InvNum,Type,UPC,ProductID,QuantityShipped,Unit,Size,Brand,Description,RegularSRP,Status,NetPricePerUnit,ExtendedPrice,SaleSRP,RegPricePerUnit,CustomerID,PriceOrigin,QuantityOrdered,Taxable,LB flag,CW flag,CW2,CNF_RegSRP,CNF_SpcSRP,CorpCustID,CorpProdID,OrderNumber,InvoiceDate,Servings,
Detail,8114530,B,026938-462895,0462895,"1","LB","5 #","BRUNKW","CHEDDR,MILD WHITE RM","6.79",,"3.550","17.75",".00","3.550",54835,"","1",0,"N","Y","5.00","","",54835,46289,6617552,4/24/2010,1,
Detail,8114530,B,026938-463014,0463018,"1","LB","5 #","BRUNKW","MONTEREY JACK RM","6.69",,"3.500","17.50",".00","3.500",54835,"","1",0,"N","Y","5.00","","",54835,46301,6617552,4/24/2010,1,
Detail,8114530,B,026938-468491,0468496,"1","CS","1 #","CEDARG","CHEDDAR,MLD,rBGH FREE,YEL","8.25",,"4.326","34.61",".00","4.326",54835,"","1",0,"N","N",".00","","",54835,46849,6617552,4/24/2010,8,
Detail,8114530,B,026938-468552,0468553,"1","CS","1 #","CEDARG","COLBY,MARBLE rBGH FREE","8.25",,"4.326","34.61",".00","4.326",54835,"","1",0,"N","N",".00","","",54835,46855,6617552,4/24/2010,8,
Detail,8114530,B,049568-520100,0477091,"1","CS","10 OZ","FOLLOW","MOZZARELLA VEGAN CHEESE","5.15",,"2.685","32.22",".00","2.685",54835,"","1",0,"N","N",".00","","",54835,47709,6617552,4/24/2010,12,
Detail,8114530,B,045296-191018,0260596,"1","CS","8 OZ","LISANT","ALMOND CHEESE,CHEDDAR","4.35",,"2.275","27.30",".00","2.275",54835,"","1",0,"N","N",".00","","",54835,26059,6617552,4/24/2010,12,
Detail,8114530,B,093966-452709,0598086,"1","CS","6 OZ","OGVAL","MOZZ,OG,SHRED,PART SKIM","5.69",,"2.555","30.66","5.69","2.979",54835,"PRO 13","1",0,"N","N",".00","","",54835,59808,6617552,4/24/2010,12,
Detail,8114530,B,093966-221015,0431361,"1","CS","8 OZ","OGVAL","NEUFCHATEL,OG,BARS,PAST","3.95",,"2.048","24.58",".00","2.048",54835,"","1",0,"N","N",".00","","",54835,43136,6617552,4/24/2010,12,
Detail,8114530,B,093966-213607,0500587,"1","CS","8 OZ","OGVAL","PEPPER JACK,OG,PAST","6.15",,"3.223","38.67",".00","3.223",54835,"","1",0,"N","N",".00","","",54835,50058,6617552,4/24/2010,12,
Detail,8114530,B,093966-000054,0602441,"1","CS","1 OZ","OGVAL","STRINGLES,OG",".85",,".443","10.63",".00",".443",54835,"","1",0,"N","N",".00","","",54835,60244,6617552,4/24/2010,24,
Detail,8114530,B,077172-480008,0582825,"1","CS","8 OZ","WHVALY","CHEESE FOOD SLCS,OG,AMER","5.29",,"2.769","33.23",".00","2.769",54835,"","1",0,"N","N",".00","","",54835,58282,6617552,4/24/2010,12,
RecType,InvNum,Type,NumGroceryItems,NumRefrigItems,NumRepackItems,NumFrozenItems,TotalPcs,TotalWt,TotalCubes,NonSpecial,Special,GrossTotal,VolDiscnt,Discount,NetTotal,TotalRetail,Deposits,Adjustments,ProfitAmnt,Profit%,InvDate,CorpCustID,OrderNumber,,,,,,,
Footer,8114530,C,"0","11","0","0","11","66",".18","271.10","30.66","301.76","0",".00","301.76","586.76",".00",".00",".00",".00",4/24/2010,54835,6617552,,,,,,,
