RecType,InvNum,Type,OrderNumber,InvoiceDate,DBA,CustomerNumber,CustomerName,CustAddr1,CustAddr2,City,State,ZipCode,PhoneNumber,Whse,Trip,Terms,D/CFlag,TermsMsg,CorpCustID,CoverSheet,OrdEntryDate,ChainCode,ApplyTo#,PO#,,,,,,
Header,8114533,A,6617616,4/24/2010,1,54835,"WHOLE FOODS COMMUNITY COO","610 EAST 4TH STREET","","DULUTH","MN","558050000","218-728-0884",8,"642",7,0,"NET 21 DAYS",54835,3570310,4/23/2010,"CMW",0,"LN2252745-10",,,,,,
RecType,InvNum,Type,UPC,ProductID,QuantityShipped,Unit,Size,Brand,Description,RegularSRP,Status,NetPricePerUnit,ExtendedPrice,SaleSRP,RegPricePerUnit,CustomerID,PriceOrigin,QuantityOrdered,Taxable,LB flag,CW flag,CW2,CNF_RegSRP,CNF_SpcSRP,CorpCustID,CorpProdID,OrderNumber,InvoiceDate,Servings,
Detail,8114533,B,760702-455569,0286773,"1","CS","10-13","MAGGIE","SOCK,CREW,COTN,OLIVE","7.09",,"3.140","9.42","7.09","3.713",54835,"PRO 15","1",0,"N","N",".00","","",54835,28677,6617616,4/24/2010,3,
Detail,8114533,B,760702-559854,0286633,"1","CS","9-11","MAGGIE","SOCK,CREW,COTTON,BLACK","7.09",,"3.140","9.42","7.09","3.713",54835,"PRO 15","1",0,"N","N",".00","","",54835,28663,6617616,4/24/2010,3,
Detail,8114533,B,760702-452551,0286377,"1","CS","9-11","MAGGIE","SOCK,CREW,DARKER TYE DYE","11.65",,"5.150","15.45","11.65","6.107",54835,"PRO 15","1",0,"N","N",".00","","",54835,28637,6617616,4/24/2010,3,
Detail,8114533,B,026938-899806,0899807,"1","","EA","","TOTES CHARGE",".00",,".000",".00",".00",".000",54835,"NO CHG","1",0,"","",".00","N","",54835,89980,6617616,4/24/2010,1,
RecType,InvNum,Type,NumGroceryItems,NumRefrigItems,NumRepackItems,NumFrozenItems,TotalPcs,TotalWt,TotalCubes,NonSpecial,Special,GrossTotal,VolDiscnt,Discount,NetTotal,TotalRetail,Deposits,Adjustments,ProfitAmnt,Profit%,InvDate,CorpCustID,OrderNumber,,,,,,,
Footer,8114533,C,"0","0","1","0","1","8",".17",".00","34.29","34.29","0",".00","34.29","77.49",".00",".00",".00",".00",4/24/2010,54835,6617616,,,,,,,
