RecType,InvNum,Type,OrderNumber,InvoiceDate,DBA,CustomerNumber,CustomerName,CustAddr1,CustAddr2,City,State,ZipCode,PhoneNumber,Whse,Trip,Terms,D/CFlag,TermsMsg,CorpCustID,CoverSheet,OrdEntryDate,ChainCode,ApplyTo#,PO#,,,,,,
Header,8114536,A,6617619,4/24/2010,1,54835,"WHOLE FOODS COMMUNITY COO","610 EAST 4TH STREET","","DULUTH","MN","558050000","218-728-0884",8,"642",7,0,"NET 21 DAYS",54835,3570310,4/23/2010,"CMW",0,"LN2252745-17",,,,,,
RecType,InvNum,Type,UPC,ProductID,QuantityShipped,Unit,Size,Brand,Description,RegularSRP,Status,NetPricePerUnit,ExtendedPrice,SaleSRP,RegPricePerUnit,CustomerID,PriceOrigin,QuantityOrdered,Taxable,LB flag,CW flag,CW2,CNF_RegSRP,CNF_SpcSRP,CorpCustID,CorpProdID,OrderNumber,InvoiceDate,Servings,
Detail,8114536,B,026938-463236,0463232,"1","CS","#","BULK B","CHERRIES,OG,DRIED,RED","18.75",,"10.480","52.40",".00","10.480",54835,"","1",0,"N","N",".00","","",54835,46323,6617619,4/24/2010,5,
Detail,8114536,B,042563-014247,0659441,"1","CS","#","BULK F","CASHEWS,OG,PCS,RAW","6.45",,"3.608","90.20",".00","3.608",54835,"","1",0,"N","N",".00","","",54835,65944,6617619,4/24/2010,25,
RecType,InvNum,Type,NumGroceryItems,NumRefrigItems,NumRepackItems,NumFrozenItems,TotalPcs,TotalWt,TotalCubes,NonSpecial,Special,GrossTotal,VolDiscnt,Discount,NetTotal,TotalRetail,Deposits,Adjustments,ProfitAmnt,Profit%,InvDate,CorpCustID,OrderNumber,,,,,,,
Footer,8114536,C,"1","1","0","0","2","32",".10","142.60",".00","142.60","0",".00","142.60","255.00",".00",".00",".00",".00",4/24/2010,54835,6617619,,,,,,,
