RecType,InvNum,Type,OrderNumber,InvoiceDate,DBA,CustomerNumber,CustomerName,CustAddr1,CustAddr2,City,State,ZipCode,PhoneNumber,Whse,Trip,Terms,D/CFlag,TermsMsg,CorpCustID,CoverSheet,OrdEntryDate,ChainCode,ApplyTo#,PO#,,,,,,
Header,8114540,A,6617786,4/24/2010,1,54835,"WHOLE FOODS COMMUNITY COO","610 EAST 4TH STREET","","DULUTH","MN","558050000","218-728-0884",8,"642",7,0,"NET 21 DAYS",54835,3570310,4/23/2010,"CMW",0,"LN2252767-09",,,,,,
RecType,InvNum,Type,UPC,ProductID,QuantityShipped,Unit,Size,Brand,Description,RegularSRP,Status,NetPricePerUnit,ExtendedPrice,SaleSRP,RegPricePerUnit,CustomerID,PriceOrigin,QuantityOrdered,Taxable,LB flag,CW flag,CW2,CNF_RegSRP,CNF_SpcSRP,CorpCustID,CorpProdID,OrderNumber,InvoiceDate,Servings,
Detail,8114540,B,012344-020354,0932038,"1","EA","35 #","NATLIF","DRY DOG FOOD,ADULT","47.19",,"28.250","28.25",".00","28.250",54835,"","1",0,"N","N",".00","","",54835,93203,6617786,4/24/2010,1,
Detail,8114540,B,035883-005095,0389908,"1","CS","5.5 OZ","PETGRD","CAT,PREMIUM FEAST DINNER","1.55",,".844","20.25","1.55",".923",54835,"M 10","1",0,"N","N",".00","","",54835,38990,6617786,4/24/2010,24,
Detail,8114540,B,732913-440245,0399469,"1","CS","35 CT","SEVNTH","BABY DIAPERS,STG 3,16-28#","16.55",,"9.913","39.65",".00","9.913",54835,"","1",0,"N","N",".00","","",54835,39946,6617786,4/24/2010,4,
Detail,8114540,B,085835-050017,0533810,"1","CS","4 #","WYSONG","CAT FOOD,VITALITY","10.89",,"6.508","26.03",".00","6.508",54835,"","1",0,"N","N",".00","","",54835,53381,6617786,4/24/2010,4,
Detail,8114540,B,085835-030071,0533893,"1","CS","8 #","WYSONG","DOG FOOD,MAINTENANCE","14.39",,"8.615","34.46",".00","8.615",54835,"","1",0,"N","N",".00","","",54835,53389,6617786,4/24/2010,4,
RecType,InvNum,Type,NumGroceryItems,NumRefrigItems,NumRepackItems,NumFrozenItems,TotalPcs,TotalWt,TotalCubes,NonSpecial,Special,GrossTotal,VolDiscnt,Discount,NetTotal,TotalRetail,Deposits,Adjustments,ProfitAmnt,Profit%,InvDate,CorpCustID,OrderNumber,,,,,,,
Footer,8114540,C,"5","0","0","0","5","113",".55","128.39","20.25","148.64","0",".00","148.64","251.71",".00",".00",".00",".00",4/24/2010,54835,6617786,,,,,,,
