RecType,InvNum,Type,OrderNumber,InvoiceDate,DBA,CustomerNumber,CustomerName,CustAddr1,CustAddr2,City,State,ZipCode,PhoneNumber,Whse,Trip,Terms,D/CFlag,TermsMsg,CorpCustID,CoverSheet,OrdEntryDate,ChainCode,ApplyTo#,PO#,,,,,,
Header,8114532,A,6617555,4/24/2010,1,54835,"WHOLE FOODS COMMUNITY COO","610 EAST 4TH STREET","","DULUTH","MN","558050000","218-728-0884",8,"642",7,0,"NET 21 DAYS",54835,3570310,4/23/2010,"CMW",0,"LN2252732-04",,,,,,
RecType,InvNum,Type,UPC,ProductID,QuantityShipped,Unit,Size,Brand,Description,RegularSRP,Status,NetPricePerUnit,ExtendedPrice,SaleSRP,RegPricePerUnit,CustomerID,PriceOrigin,QuantityOrdered,Taxable,LB flag,CW flag,CW2,CNF_RegSRP,CNF_SpcSRP,CorpCustID,CorpProdID,OrderNumber,InvoiceDate,Servings,
Detail,8114532,B,026938-463014,0463018,"1","LB","5 #","BRUNKW","MONTEREY JACK RM","6.69",,"3.500","17.50",".00","3.500",54835,"","1",0,"N","Y","5.00","","",54835,46301,6617555,4/24/2010,1,
Detail,8114532,B,075119-040155,0494500,"1","CS","16 OZ","ENER-G","LOAF,TAPIOCA","5.35",,"3.047","18.28",".00","3.047",54835,"","1",0,"N","N",".00","","",54835,49450,6617555,4/24/2010,6,
Detail,8114532,B,075119-145706,0315408,"1","CS","16 OZ","ENER-G","LOAF,WHITE RICE","5.35",,"3.047","18.28",".00","3.047",54835,"","1",0,"N","N",".00","","",54835,31540,6617555,4/24/2010,6,
RecType,InvNum,Type,NumGroceryItems,NumRefrigItems,NumRepackItems,NumFrozenItems,TotalPcs,TotalWt,TotalCubes,NonSpecial,Special,GrossTotal,VolDiscnt,Discount,NetTotal,TotalRetail,Deposits,Adjustments,ProfitAmnt,Profit%,InvDate,CorpCustID,OrderNumber,,,,,,,
Footer,8114532,C,"2","1","0","0","3","20",".12","54.06",".00","54.06","0",".00","54.06","97.65",".00",".00",".00",".00",4/24/2010,54835,6617555,,,,,,,
