RecType,InvNum,Type,OrderNumber,InvoiceDate,DBA,CustomerNumber,CustomerName,CustAddr1,CustAddr2,City,State,ZipCode,PhoneNumber,Whse,Trip,Terms,D/CFlag,TermsMsg,CorpCustID,CoverSheet,OrdEntryDate,ChainCode,ApplyTo#,PO#,,,,,,
Header,8114544,A,6617871,4/24/2010,1,54835,"WHOLE FOODS COMMUNITY COO","610 EAST 4TH STREET","","DULUTH","MN","558050000","218-728-0884",8,"642",7,0,"NET 21 DAYS",54835,3570310,4/23/2010,"CMW",0,"",,,,,,
RecType,InvNum,Type,UPC,ProductID,QuantityShipped,Unit,Size,Brand,Description,RegularSRP,Status,NetPricePerUnit,ExtendedPrice,SaleSRP,RegPricePerUnit,CustomerID,PriceOrigin,QuantityOrdered,Taxable,LB flag,CW flag,CW2,CNF_RegSRP,CNF_SpcSRP,CorpCustID,CorpProdID,OrderNumber,InvoiceDate,Servings,
Detail,8114544,B,033017-001876,0249060,"1","CS","1.8 OZ","NILE","SOUP CUP,RED BEAN & RICE","1.45",,".819","9.83",".00",".819",54835,"","1",0,"N","N",".00","","",54835,24906,6617871,4/24/2010,12,
Detail,8114544,B,021376-688968,0292045,"6","EA","100 CT","PEELU","CHEWING GUM,PEPPERMINT","7.29",,"4.180","25.08",".00","4.180",54835,"","6",0,"N","N",".00","","",54835,29204,6617871,4/24/2010,1,
Detail,8114544,B,732913-440184,0954552,"1","CS","29 CT","SEVNTH","TRAINING PANTS,2T-3T 34LB","16.55",,"9.913","39.65",".00","9.913",54835,"","1",0,"N","N",".00","","",54835,95455,6617871,4/24/2010,4,
Detail,8114544,B,894773-001032,0371534,"1","CS","6/12 OZ","ZEVIA","SODA,NAT ORANGE, DIET","6.59",,"3.085","12.34","6.59","3.780",54835,"PRO 20","1",0,"N","N",".00","","",54835,37153,6617871,4/24/2010,4,
Detail,8114544,B,026938-899806,0899807,"1","","EA","","TOTES CHARGE",".00",,".000",".00",".00",".000",54835,"NO CHG","1",0,"","",".00","N","",54835,89980,6617871,4/24/2010,1,
RecType,InvNum,Type,NumGroceryItems,NumRefrigItems,NumRepackItems,NumFrozenItems,TotalPcs,TotalWt,TotalCubes,NonSpecial,Special,GrossTotal,VolDiscnt,Discount,NetTotal,TotalRetail,Deposits,Adjustments,ProfitAmnt,Profit%,InvDate,CorpCustID,OrderNumber,,,,,,,
Footer,8114544,C,"3","0","1","0","4","44",".36","74.56","12.34","86.90","0",".00","86.90","153.70",".00",".00",".00",".00",4/24/2010,54835,6617871,,,,,,,
