RecType,InvNum,Type,OrderNumber,InvoiceDate,DBA,CustomerNumber,CustomerName,CustAddr1,CustAddr2,City,State,ZipCode,PhoneNumber,Whse,Trip,Terms,D/CFlag,TermsMsg,CorpCustID,CoverSheet,OrdEntryDate,ChainCode,ApplyTo#,PO#,,,,,,
Header,8114531,A,6617554,4/24/2010,1,54835,"WHOLE FOODS COMMUNITY COO","610 EAST 4TH STREET","","DULUTH","MN","558050000","218-728-0884",8,"642",7,0,"NET 21 DAYS",54835,3570310,4/23/2010,"CMW",0,"LN2252732-03",,,,,,
RecType,InvNum,Type,UPC,ProductID,QuantityShipped,Unit,Size,Brand,Description,RegularSRP,Status,NetPricePerUnit,ExtendedPrice,SaleSRP,RegPricePerUnit,CustomerID,PriceOrigin,QuantityOrdered,Taxable,LB flag,CW flag,CW2,CNF_RegSRP,CNF_SpcSRP,CorpCustID,CorpProdID,OrderNumber,InvoiceDate,Servings,
Detail,8114531,B,031493-776370,0161521,"2","CS","8 PK","RUDI'S","BUNS,OG,HAMBURGER,WHEAT","4.65",,"2.156","30.18","4.65","2.713",54835,"PRO 20","2",0,"N","N",".00","","",54835,16152,6617554,4/24/2010,7,
Detail,8114531,B,031493-776394,0975342,"1","CS","6 PK","RUDI'S","BUNS,OG,HOT DOG,WHEAT","3.69",,"1.724","13.79","3.69","2.171",54835,"PRO 20","1",0,"N","N",".00","","",54835,97534,6617554,4/24/2010,8,
Detail,8114531,B,031493-061056,0821959,"1","CS","12 OZ","RUDI'S","ENG MUFFIN,OG,SPELT","3.95",,"2.315","18.52",".00","2.315",54835,"","1",0,"N","N",".00","","",54835,82195,6617554,4/24/2010,8,
Detail,8114531,B,031493-060653,0821918,"1","CS","12 OZ","RUDI'S","ENG MUFFIN,OG,WHEAT","3.95",,"2.315","18.52",".00","2.315",54835,"","1",0,"N","N",".00","","",54835,82191,6617554,4/24/2010,8,
Detail,8114531,B,031493-021609,0775759,"4","CS","22 OZ","RUDI'S","BRD,OG,100% WHOLE WHEAT","4.65",,"2.156","69.00","4.65","2.714",54835,"PRO 20","4",0,"N","N",".00","","",54835,77575,6617554,4/24/2010,8,
Detail,8114531,B,031493-921831,0733147,"1","CS","24 OZ","RUDI'S","BRD,OG,CINNAMON RAISIN","4.95",,"2.888","34.65",".00","2.888",54835,"","1",0,"N","N",".00","","",54835,73314,6617554,4/24/2010,12,
Detail,8114531,B,031493-543736,0940361,"5","CS","22 OZ","RUDI'S","BRD,OG,COLORADO CRKD WHT","4.65",,"2.156","86.25","4.65","2.714",54835,"PRO 20","5",0,"N","N",".00","","",54835,94036,6617554,4/24/2010,8,
Detail,8114531,B,031493-242424,0940387,"3","CS","22 OZ","RUDI'S","BRD,OG,HONEY SWT WHL WHT","4.65",,"2.714","65.13",".00","2.714",54835,"","3",0,"N","N",".00","","",54835,94038,6617554,4/24/2010,8,
Detail,8114531,B,031493-828888,0940338,"1","CS","22 OZ","RUDI'S","BRD,OG,OAT,MULTIGRAIN","4.65",,"2.714","21.71",".00","2.714",54835,"","1",0,"N","N",".00","","",54835,94033,6617554,4/24/2010,8,
Detail,8114531,B,031493-317511,0940270,"1","CS","22 OZ","RUDI'S","BRD,OG,SOURDGH,ROCKY MTN","4.65",,"2.714","21.71",".00","2.714",54835,"","1",0,"N","N",".00","","",54835,94027,6617554,4/24/2010,8,
Detail,8114531,B,031493-071208,0342543,"1","CS","20 OZ","RUDI'S","BRD,OG,SPELT,ANCNT GRAIN","5.59",,"3.289","26.31",".00","3.289",54835,"","1",0,"N","N",".00","","",54835,34254,6617554,4/24/2010,8,
Detail,8114531,B,031493-023405,0723213,"1","CS","20 OZ","RUDI'S","BRD,OG,14 GRAIN","4.65",,"2.714","21.71",".00","2.714",54835,"","1",0,"N","N",".00","","",54835,72321,6617554,4/24/2010,8,
Detail,8114531,B,031493-023207,0543553,"1","CS","20 OZ","RUDI'S","BRD,OG,7 GRAIN & FLAX","4.65",,"2.714","21.71",".00","2.714",54835,"","1",0,"N","N",".00","","",54835,54355,6617554,4/24/2010,8,
RecType,InvNum,Type,NumGroceryItems,NumRefrigItems,NumRepackItems,NumFrozenItems,TotalPcs,TotalWt,TotalCubes,NonSpecial,Special,GrossTotal,VolDiscnt,Discount,NetTotal,TotalRetail,Deposits,Adjustments,ProfitAmnt,Profit%,InvDate,CorpCustID,OrderNumber,,,,,,,
Footer,8114531,C,"0","0","0","23","23","259","2.16","249.97","199.22","449.19","0",".00","449.19","857.14",".00",".00",".00",".00",4/24/2010,54835,6617554,,,,,,,
