RecType,InvNum,Type,OrderNumber,InvoiceDate,DBA,CustomerNumber,CustomerName,CustAddr1,CustAddr2,City,State,ZipCode,PhoneNumber,Whse,Trip,Terms,D/CFlag,TermsMsg,CorpCustID,CoverSheet,OrdEntryDate,ChainCode,ApplyTo#,PO#,,,,,,
Header,8114522,A,6616865,4/24/2010,1,54835,"WHOLE FOODS COMMUNITY COO","610 EAST 4TH STREET","","DULUTH","MN","558050000","218-728-0884",8,"642",7,0,"NET 21 DAYS",54835,3570310,4/23/2010,"CMW",0,"LN2252685-03",,,,,,
RecType,InvNum,Type,UPC,ProductID,QuantityShipped,Unit,Size,Brand,Description,RegularSRP,Status,NetPricePerUnit,ExtendedPrice,SaleSRP,RegPricePerUnit,CustomerID,PriceOrigin,QuantityOrdered,Taxable,LB flag,CW flag,CW2,CNF_RegSRP,CNF_SpcSRP,CorpCustID,CorpProdID,OrderNumber,InvoiceDate,Servings,
Detail,8114522,B,093966-130003,0187286,"1","CS","16 OZ","OGVAL","BUTTER,OG,N/S,CULT,STICKS","7.09",,"3.397","50.95","7.09","4.275",54835,"PRO 20","1",0,"N","N",".00","","",54835,18728,6616865,4/24/2010,15,
Detail,8114522,B,093966-330007,0213645,"3","CS","16 OZ","OGVAL","BUTTER,OG,SLTD,STICKS","7.09",,"3.397","152.85","7.09","4.275",54835,"PRO 20","3",0,"N","N",".00","","",54835,21364,6616865,4/24/2010,15,
Detail,8114522,B,750388-201017,0537803,"1","CS","1 LB","WESTBY","BUTTER,rBGH FREE","3.69",,"2.232","80.35",".00","2.232",54835,"","1",0,"N","N",".00","","",54835,53780,6616865,4/24/2010,36,
Detail,8114522,B,026938-683092,0683094,"1","EA","EA","UNFI","UNFI FUEL SURCHARGE","15.09",,"15.000","15.00","16.61","16.610",54835,"PRO  8","1",0,"N","N",".00","","",54835,68309,6616865,4/24/2010,1,
RecType,InvNum,Type,NumGroceryItems,NumRefrigItems,NumRepackItems,NumFrozenItems,TotalPcs,TotalWt,TotalCubes,NonSpecial,Special,GrossTotal,VolDiscnt,Discount,NetTotal,TotalRetail,Deposits,Adjustments,ProfitAmnt,Profit%,InvDate,CorpCustID,OrderNumber,,,,,,,
Footer,8114522,C,"0","5","0","0","5","98",".24","80.35","218.80","299.15","0",".00","299.15","573.33",".00",".00",".00",".00",4/24/2010,54835,6616865,,,,,,,
