RecType,InvNum,Type,OrderNumber,InvoiceDate,DBA,CustomerNumber,CustomerName,CustAddr1,CustAddr2,City,State,ZipCode,PhoneNumber,Whse,Trip,Terms,D/CFlag,TermsMsg,CorpCustID,CoverSheet,OrdEntryDate,ChainCode,ApplyTo#,PO#,,,,,,
Header,8114538,A,6617621,4/24/2010,1,54835,"WHOLE FOODS COMMUNITY COO","610 EAST 4TH STREET","","DULUTH","MN","558050000","218-728-0884",8,"642",7,0,"NET 21 DAYS",54835,3570310,4/23/2010,"CMW",0,"LN2252745-21",,,,,,
RecType,InvNum,Type,UPC,ProductID,QuantityShipped,Unit,Size,Brand,Description,RegularSRP,Status,NetPricePerUnit,ExtendedPrice,SaleSRP,RegPricePerUnit,CustomerID,PriceOrigin,QuantityOrdered,Taxable,LB flag,CW flag,CW2,CNF_RegSRP,CNF_SpcSRP,CorpCustID,CorpProdID,OrderNumber,InvoiceDate,Servings,
Detail,8114538,B,089836-026514,0448423,"1","EA","#","FRNTHB","CARDAMOM SEED,OG,GROUND","46.79",,"17.230","17.23",".00","17.230",54835,"","1",0,"N","N",".00","","",54835,44842,6617621,4/24/2010,1,
Detail,8114538,B,089836-025920,0448514,"1","EA","#","FRNTHB","CUMIN SEED,OG,GROUND","21.45",,"7.900","7.90",".00","7.900",54835,"","1",0,"N","N",".00","","",54835,44851,6617621,4/24/2010,1,
Detail,8114538,B,089836-026507,0478271,"1","EA","#","FRNTHB","CURRY POWDER,OG","19.75",,"7.270","7.27",".00","7.270",54835,"","1",0,"N","N",".00","","",54835,47827,6617621,4/24/2010,1,
Detail,8114538,B,089836-003621,0311563,"1","EA","#","FRNTHB","DILL WEED,OG,C/S","33.69",,"12.410","12.41",".00","12.410",54835,"","1",0,"N","N",".00","","",54835,31156,6617621,4/24/2010,1,
Detail,8114538,B,089836-026101,0119800,"1","EA","#","FRNTHB","GINGER ROOT,OG,GROUND","20.19",,"7.430","7.43",".00","7.430",54835,"","1",0,"N","N",".00","","",54835,11980,6617621,4/24/2010,1,
Detail,8114538,B,089836-002945,0311548,"1","EA","#","FRNTHB","MUSTARD SEED,OG,YEL,GRND","11.15",,"4.110","4.11",".00","4.110",54835,"","1",0,"N","N",".00","","",54835,31154,6617621,4/24/2010,1,
Detail,8114538,B,089836-029881,0740407,"1","EA","#","FRNTHB","PAPRIKA,OG,SMOKED","26.85",,"9.890","9.89",".00","9.890",54835,"","1",0,"N","N",".00","","",54835,74040,6617621,4/24/2010,1,
Detail,8114538,B,089836-008633,0791673,"1","EA","#","FRNTHB","PSYLLIUM SD HUSK,OG,WHOLE","21.45",,"7.900","7.90",".00","7.900",54835,"","1",0,"N","N",".00","","",54835,79167,6617621,4/24/2010,1,
Detail,8114538,B,089836-003331,0491464,"1","CS","#","FRNTHB","SEA SALT,COARSE","2.19",,"1.272","6.36",".00","1.272",54835,"","1",0,"N","N",".00","","",54835,49146,6617621,4/24/2010,5,
Detail,8114538,B,089836-010780,0684514,"1","EA","#","FRNTHB","TEA,OG,FT,ENGLISH BRKFST","28.85",,"10.630","10.63",".00","10.630",54835,"","1",0,"N","N",".00","","",54835,68451,6617621,4/24/2010,1,
Detail,8114538,B,089836-010797,0551796,"1","EA","#","FRNTHB","TEA,OG,FT,JASMINE","41.15",,"15.160","15.16",".00","15.160",54835,"","1",0,"N","N",".00","","",54835,55179,6617621,4/24/2010,1,
Detail,8114538,B,026938-899806,0899807,"1","","EA","","TOTES CHARGE",".00",,".000",".00",".00",".000",54835,"NO CHG","1",0,"","",".00","N","",54835,89980,6617621,4/24/2010,1,
RecType,InvNum,Type,NumGroceryItems,NumRefrigItems,NumRepackItems,NumFrozenItems,TotalPcs,TotalWt,TotalCubes,NonSpecial,Special,GrossTotal,VolDiscnt,Discount,NetTotal,TotalRetail,Deposits,Adjustments,ProfitAmnt,Profit%,InvDate,CorpCustID,OrderNumber,,,,,,,
Footer,8114538,C,"0","0","1","0","1","23",".21","106.29",".00","106.29","0",".00","106.29","282.27",".00",".00",".00",".00",4/24/2010,54835,6617621,,,,,,,
