RecType,InvNum,Type,OrderNumber,InvoiceDate,DBA,CustomerNumber,CustomerName,CustAddr1,CustAddr2,City,State,ZipCode,PhoneNumber,Whse,Trip,Terms,D/CFlag,TermsMsg,CorpCustID,CoverSheet,OrdEntryDate,ChainCode,ApplyTo#,PO#,,,,,,
Header,8266493,A,6753297,5/18/2010,1,54835,"WHOLE FOODS COMMUNITY COO","610 EAST 4TH STREET","","DULUTH","MN","558050000","218-728-0884",8,"247",7,0,"NET 21 DAYS",54835,3632272,5/17/2010,"CMW",0,"LN2296049-21",,,,,,
RecType,InvNum,Type,UPC,ProductID,QuantityShipped,Unit,Size,Brand,Description,RegularSRP,Status,NetPricePerUnit,ExtendedPrice,SaleSRP,RegPricePerUnit,CustomerID,PriceOrigin,QuantityOrdered,Taxable,LB flag,CW flag,CW2,CNF_RegSRP,CNF_SpcSRP,CorpCustID,CorpProdID,OrderNumber,InvoiceDate,Servings,
Detail,8266493,B,089836-023056,0310748,"1","EA","#","FRNTHB","CREAM OF TARTAR POWDER","17.15",,"6.310","6.31",".00","6.310",54835,"","1",0,"N","N",".00","","",54835,31074,6753297,5/18/2010,1,
Detail,8266493,B,089836-003553,0116301,"1","EA","#","FRNTHB","BASIL LEAF,OG,SWEET,C/S","25.95",,"9.550","9.55",".00","9.550",54835,"","1",0,"N","N",".00","","",54835,11630,6753297,5/18/2010,1,
Detail,8266493,B,089836-025920,0448514,"1","EA","#","FRNTHB","CUMIN SEED,OG,GROUND","21.45",,"7.900","7.90",".00","7.900",54835,"","1",0,"N","N",".00","","",54835,44851,6753297,5/18/2010,1,
Detail,8266493,B,089836-001375,0310888,"1","EA","#","FRNTHB","CUMIN SEED,WHOLE","14.25",,"5.240","5.24",".00","5.240",54835,"","1",0,"N","N",".00","","",54835,31088,6753297,5/18/2010,1,
Detail,8266493,B,089836-026194,0448548,"1","EA","#","FRNTHB","FENNEL SEED,OG,WHOLE","14.69",,"5.400","5.40",".00","5.400",54835,"","1",0,"N","N",".00","","",54835,44854,6753297,5/18/2010,1,
Detail,8266493,B,089836-025241,0298331,"1","EA","#","FRNTHB","GARLIC GRANULES,OG","15.69",,"5.770","5.77",".00","5.770",54835,"","1",0,"N","N",".00","","",54835,29833,6753297,5/18/2010,1,
Detail,8266493,B,089836-002945,0311548,"1","EA","#","FRNTHB","MUSTARD SEED,OG,YEL,GRND","11.15",,"4.110","4.11",".00","4.110",54835,"","1",0,"N","N",".00","","",54835,31154,6753297,5/18/2010,1,
Detail,8266493,B,089836-027788,0498287,"1","EA","#","FRNTHB","TACO SEASONING,OG","26.49",,"9.760","9.76",".00","9.760",54835,"","1",0,"N","N",".00","","",54835,49828,6753297,5/18/2010,1,
Detail,8266493,B,089836-010728,0551754,"1","EA","#","FRNTHB","TEA,OG,FT,DARJEELING","47.95",,"17.660","17.66",".00","17.660",54835,"","1",0,"N","N",".00","","",54835,55175,6753297,5/18/2010,1,
Detail,8266493,B,039978-005052,0265397,"1","CS","20 OZ","BOB'S","ARROWROOT STARCH,G/F","6.65",,"3.815","15.26",".00","3.815",54835,"","1",0,"N","N",".00","","",54835,26539,6753297,5/18/2010,4,
Detail,8266493,B,026938-899806,0899807,"1","","EA","","TOTES CHARGE",".00",,".000",".00",".00",".000",54835,"NO CHG","1",0,"","",".00","N","",54835,89980,6753297,5/18/2010,1,
Detail,8266493,B,089836-026491,0546556,"0","EA","#","FRNTHB","ITALIAN SEASONING,OG,WHL",".00",OUT,".000",".00",".00",".000",54835,"","1",0,"N","N",".00","","",54835,54655,6753297,5/18/2010,1,
RecType,InvNum,Type,NumGroceryItems,NumRefrigItems,NumRepackItems,NumFrozenItems,TotalPcs,TotalWt,TotalCubes,NonSpecial,Special,GrossTotal,VolDiscnt,Discount,NetTotal,TotalRetail,Deposits,Adjustments,ProfitAmnt,Profit%,InvDate,CorpCustID,OrderNumber,,,,,,,
Footer,8266493,C,"1","0","1","0","2","22",".21","86.96",".00","86.96","0",".00","86.96","221.37",".00",".00",".00",".00",5/18/2010,54835,6753297,,,,,,,
