RecType,InvNum,Type,OrderNumber,InvoiceDate,DBA,CustomerNumber,CustomerName,CustAddr1,CustAddr2,City,State,ZipCode,PhoneNumber,Whse,Trip,Terms,D/CFlag,TermsMsg,CorpCustID,CoverSheet,OrdEntryDate,ChainCode,ApplyTo#,PO#,,,,,,
Header,8670923,A,7117459,7/20/2010,1,54835,"WHOLE FDS COOP-DULUTH","610 EAST 4TH STREET","","DULUTH","MN","558050000","218-728-0884",8,"247",7,0,"NET 21 DAYS",54835,3797468,7/19/2010,"CMW",0,"LN2412173-12",,,,,,
RecType,InvNum,Type,UPC,ProductID,QuantityShipped,Unit,Size,Brand,Description,RegularSRP,Status,NetPricePerUnit,ExtendedPrice,SaleSRP,RegPricePerUnit,CustomerID,PriceOrigin,QuantityOrdered,Taxable,LB flag,CW flag,CW2,CNF_RegSRP,CNF_SpcSRP,CorpCustID,CorpProdID,OrderNumber,InvoiceDate,Servings,
Detail,8670923,B,025317-120005,0608687,"1","CS","8 OZ","APLEGT","BACON,TURKEY SLICED,ANTIB","4.29",,"2.523","30.28",".00","2.523",54835,"","1",0,"N","N",".00","","",54835,60868,7117459,7/20/2010,12,
Detail,8670923,B,025317-530002,0274159,"2","CS","12 OZ","APLEGT","HOT DOG,BEEF,ANTIBTC FREE","4.85",,"2.477","59.44","4.85","2.852",54835,"M 15","2",0,"N","N",".00","","",54835,27415,7117459,7/20/2010,12,
Detail,8670923,B,025317-005968,0818419,"1","CS","8 OZ","APLEGT","SAUSAGE,CHKN/MPL ABF RTE","5.99",,"3.523","42.27",".00","3.523",54835,"","1",0,"N","N",".00","","",54835,81841,7117459,7/20/2010,12,
Detail,8670923,B,048481-009938,0759100,"1","CS","12 OZ","SHLTON","CHICKEN FRANKS","3.85",,"2.252","13.51",".00","2.252",54835,"","1",0,"N","N",".00","","",54835,75910,7117459,7/20/2010,6,
Detail,8670923,B,048481-009815,0273102,"1","CS","12 OZ","SHLTON","TURKEY BREAKFAST SAUSAGE","5.75",,"3.380","20.28",".00","3.380",54835,"","1",0,"N","N",".00","","",54835,27310,7117459,7/20/2010,6,
Detail,8670923,B,048481-009914,0273003,"1","CS","12 OZ","SHLTON","TURKEY FRANKS","3.85",,"1.973","11.84","3.85","2.252",54835,"M 15","1",0,"N","N",".00","","",54835,27300,7117459,7/20/2010,6,
Detail,8670923,B,048481-009839,0274605,"1","CS","12 OZ","SHLTON","TURKEY ITALIAN SAUSAGE","5.75",,"3.380","20.28",".00","3.380",54835,"","1",0,"N","N",".00","","",54835,27460,7117459,7/20/2010,6,
Detail,8670923,B,048481-009907,0511089,"0","CS","12 OZ","SHLTON","TURKEY FRANKS,SMOKED",".00",OUT,".000",".00",".00",".000",54835,"M 15","3",0,"N","N",".00","","",54835,51108,7117459,7/20/2010,6,
RecType,InvNum,Type,NumGroceryItems,NumRefrigItems,NumRepackItems,NumFrozenItems,TotalPcs,TotalWt,TotalCubes,NonSpecial,Special,GrossTotal,VolDiscnt,Discount,NetTotal,TotalRetail,Deposits,Adjustments,ProfitAmnt,Profit%,InvDate,CorpCustID,OrderNumber,,,,,,,
Footer,8670923,C,"0","0","0","8","8","53",".23","126.62","71.28","197.90","0",".00","197.90","354.96",".00",".00",".00",".00",7/20/2010,54835,7117459,,,,,,,
