RecType,InvNum,Type,OrderNumber,InvoiceDate,DBA,CustomerNumber,CustomerName,CustAddr1,CustAddr2,City,State,ZipCode,PhoneNumber,Whse,Trip,Terms,D/CFlag,TermsMsg,CorpCustID,CoverSheet,OrdEntryDate,ChainCode,ApplyTo#,PO#,,,,,,
Header,8670927,A,7117762,7/20/2010,1,54835,"WHOLE FDS COOP-DULUTH","610 EAST 4TH STREET","","DULUTH","MN","558050000","218-728-0884",8,"247",7,0,"NET 21 DAYS",54835,3797468,7/19/2010,"CMW",0,"LN2412243-03",,,,,,
RecType,InvNum,Type,UPC,ProductID,QuantityShipped,Unit,Size,Brand,Description,RegularSRP,Status,NetPricePerUnit,ExtendedPrice,SaleSRP,RegPricePerUnit,CustomerID,PriceOrigin,QuantityOrdered,Taxable,LB flag,CW flag,CW2,CNF_RegSRP,CNF_SpcSRP,CorpCustID,CorpProdID,OrderNumber,InvoiceDate,Servings,
Detail,8670927,B,031493-776370,0161521,"2","CS","8 PK","RUDI'S","BUNS,OG,HAMBURGER,WHEAT","4.65",,"2.156","30.18","4.65","2.713",54835,"PRO 20","2",0,"N","N",".00","","",54835,16152,7117762,7/20/2010,7,
Detail,8670927,B,031493-776394,0975342,"1","CS","6 PK","RUDI'S","BUNS,OG,HOT DOG,WHEAT","3.69",,"1.724","13.79","3.69","2.171",54835,"PRO 20","1",0,"N","N",".00","","",54835,97534,7117762,7/20/2010,8,
Detail,8670927,B,031493-060851,0821934,"1","CS","12 OZ","RUDI'S","ENG MUFFIN,OG,MULTIGRAIN","3.95",,"2.315","18.52",".00","2.315",54835,"","1",0,"N","N",".00","","",54835,82193,7117762,7/20/2010,8,
Detail,8670927,B,031493-061056,0821959,"1","CS","12 OZ","RUDI'S","ENG MUFFIN,OG,SPELT","3.95",,"2.315","18.52",".00","2.315",54835,"","1",0,"N","N",".00","","",54835,82195,7117762,7/20/2010,8,
Detail,8670927,B,031493-060653,0821918,"1","CS","12 OZ","RUDI'S","ENG MUFFIN,OG,WHEAT","3.95",,"2.315","18.52",".00","2.315",54835,"","1",0,"N","N",".00","","",54835,82191,7117762,7/20/2010,8,
Detail,8670927,B,031493-021609,0775759,"1","CS","22 OZ","RUDI'S","BRD,OG,100% WHOLE WHEAT","4.65",,"2.714","21.71",".00","2.714",54835,"","1",0,"N","N",".00","","",54835,77575,7117762,7/20/2010,8,
Detail,8670927,B,031493-543736,0940361,"1","CS","22 OZ","RUDI'S","BRD,OG,COLORADO CRKD WHT","4.65",,"2.714","21.71",".00","2.714",54835,"","1",0,"N","N",".00","","",54835,94036,7117762,7/20/2010,8,
Detail,8670927,B,031493-828888,0940338,"1","CS","22 OZ","RUDI'S","BRD,OG,OAT,MULTIGRAIN","4.65",,"2.714","21.71",".00","2.714",54835,"","1",0,"N","N",".00","","",54835,94033,7117762,7/20/2010,8,
Detail,8670927,B,031493-071208,0342543,"1","CS","20 OZ","RUDI'S","BRD,OG,SPELT,ANCNT GRAIN","5.59",,"3.289","26.31",".00","3.289",54835,"","1",0,"N","N",".00","","",54835,34254,7117762,7/20/2010,8,
Detail,8670927,B,031493-023405,0723213,"1","CS","20 OZ","RUDI'S","BRD,OG,14 GRAIN","4.65",,"2.714","21.71",".00","2.714",54835,"","1",0,"N","N",".00","","",54835,72321,7117762,7/20/2010,8,
Detail,8670927,B,031493-023207,0543553,"1","CS","20 OZ","RUDI'S","BRD,OG,7 GRAIN & FLAX","4.65",,"2.714","21.71",".00","2.714",54835,"","1",0,"N","N",".00","","",54835,54355,7117762,7/20/2010,8,
Detail,8670927,B,856750-002012,0445379,"0","CS","18 OZ","RUDI'S","BRD,GF,MULTIGRAIN SANDWCH",".00",OUT,".000",".00",".00",".000",54835,"","1",0,"N","N",".00","","",54835,44537,7117762,7/20/2010,8,
Detail,8670927,B,856750-002005,0442764,"0","CS","18 OZ","RUDI'S","BRD,GF,ORIGINAL SANDWCH",".00",OUT,".000",".00",".00",".000",54835,"","1",0,"N","N",".00","","",54835,44276,7117762,7/20/2010,8,
RecType,InvNum,Type,NumGroceryItems,NumRefrigItems,NumRepackItems,NumFrozenItems,TotalPcs,TotalWt,TotalCubes,NonSpecial,Special,GrossTotal,VolDiscnt,Discount,NetTotal,TotalRetail,Deposits,Adjustments,ProfitAmnt,Profit%,InvDate,CorpCustID,OrderNumber,,,,,,,
Footer,8670927,C,"0","0","0","12","12","116","1.04","190.42","43.97","234.39","0",".00","234.39","420.14",".00",".00",".00",".00",7/20/2010,54835,7117762,,,,,,,
