RecType,InvNum,Type,OrderNumber,InvoiceDate,DBA,CustomerNumber,CustomerName,CustAddr1,CustAddr2,City,State,ZipCode,PhoneNumber,Whse,Trip,Terms,D/CFlag,TermsMsg,CorpCustID,CoverSheet,OrdEntryDate,ChainCode,ApplyTo#,PO#,,,,,,
Header,8667832,A,8667832,7/20/2010,1,54835,"WHOLE FDS COOP-DULUTH","610 EAST 4TH STREET","","DULUTH","MN","558050000","218-728-0884",8,"000",0,2,"",54835,3797468,7/20/2010,"CMW",8670919,"",,,,,,
RecType,InvNum,Type,UPC,ProductID,QuantityShipped,Unit,Size,Brand,Description,RegularSRP,Status,NetPricePerUnit,ExtendedPrice,SaleSRP,RegPricePerUnit,CustomerID,PriceOrigin,QuantityOrdered,Taxable,LB flag,CW flag,CW2,CNF_RegSRP,CNF_SpcSRP,CorpCustID,CorpProdID,OrderNumber,InvoiceDate,Servings,
Detail,8667832,B,097967-518013,0494195,"-1","CS","12 OZ","NATBAK","BURGER,AMAZING GRAIN",".00",,".000",".00",".00",".000",54835,"","-1",0,"N","N",".00","","",54835,49419,8667832,7/20/2010,5,
Detail,8667832,B,073472-001172,0543397,"-1","CS","16 OZ","FDLIFE","ENG MUFFIN,OG,EZK4:9,RSN",".00",,"2.382","-14.29",".00","2.382",54835,"","-1",0,"N","N",".00","","",54835,54339,8667832,7/20/2010,6,
RecType,InvNum,Type,NumGroceryItems,NumRefrigItems,NumRepackItems,NumFrozenItems,TotalPcs,TotalWt,TotalCubes,NonSpecial,Special,GrossTotal,VolDiscnt,Discount,NetTotal,TotalRetail,Deposits,Adjustments,ProfitAmnt,Profit%,InvDate,CorpCustID,OrderNumber,,,,,,,
Footer,8667832,C,"0","0","0","0","0","0",".00",".00",".00","-14.29","0",".00","-14.29",".00",".00",".00",".00",".00",7/20/2010,54835,8667832,,,,,,,
