RecType,InvNum,Type,OrderNumber,InvoiceDate,DBA,CustomerNumber,CustomerName,CustAddr1,CustAddr2,City,State,ZipCode,PhoneNumber,Whse,Trip,Terms,D/CFlag,TermsMsg,CorpCustID,CoverSheet,OrdEntryDate,ChainCode,ApplyTo#,PO#,,,,,,
Header,8670937,A,7118462,7/20/2010,1,54835,"WHOLE FDS COOP-DULUTH","610 EAST 4TH STREET","","DULUTH","MN","558050000","218-728-0884",8,"247",7,0,"NET 21 DAYS",54835,3797468,7/19/2010,"CMW",0,"LN2412382-09",,,,,,
RecType,InvNum,Type,UPC,ProductID,QuantityShipped,Unit,Size,Brand,Description,RegularSRP,Status,NetPricePerUnit,ExtendedPrice,SaleSRP,RegPricePerUnit,CustomerID,PriceOrigin,QuantityOrdered,Taxable,LB flag,CW flag,CW2,CNF_RegSRP,CNF_SpcSRP,CorpCustID,CorpProdID,OrderNumber,InvoiceDate,Servings,
Detail,8670937,B,745158-400523,0360446,"1","CS","7.5 OZ","HALO","SPOT STW CT,SM,S#0550558","2.09",,"1.252","15.02",".00","1.252",54835,"","1",0,"N","N",".00","","",54835,36044,7118462,7/20/2010,12,
Detail,8670937,B,732913-440207,0954594,"1","CS","21 CT","SEVNTH","TRAINING PANTS,4T-5T","16.55",,"9.913","39.65",".00","9.913",54835,"","1",0,"N","N",".00","","",54835,95459,7118462,7/20/2010,4,
Detail,8670937,B,076344-089049,0551879,"2","EA","15 #","WELNES","DOG,DRY,SUPER 5 MIX,CHCKN","34.25",,"20.490","40.98",".00","20.490",54835,"","2",0,"N","N",".00","","",54835,55187,7118462,7/20/2010,1,
RecType,InvNum,Type,NumGroceryItems,NumRefrigItems,NumRepackItems,NumFrozenItems,TotalPcs,TotalWt,TotalCubes,NonSpecial,Special,GrossTotal,VolDiscnt,Discount,NetTotal,TotalRetail,Deposits,Adjustments,ProfitAmnt,Profit%,InvDate,CorpCustID,OrderNumber,,,,,,,
Footer,8670937,C,"4","0","0","0","4","53",".25","95.65",".00","95.65","0",".00","95.65","159.78",".00",".00",".00",".00",7/20/2010,54835,7118462,,,,,,,
