RecType,InvNum,Type,OrderNumber,InvoiceDate,DBA,CustomerNumber,CustomerName,CustAddr1,CustAddr2,City,State,ZipCode,PhoneNumber,Whse,Trip,Terms,D/CFlag,TermsMsg,CorpCustID,CoverSheet,OrdEntryDate,ChainCode,ApplyTo#,PO#,,,,,,
Header,8253961,A,6741537,5/15/2010,1,54835,"WHOLE FOODS COMMUNITY COO","610 EAST 4TH STREET","","DULUTH","MN","558050000","218-728-0884",8,"642",7,0,"NET 21 DAYS",54835,3627802,5/14/2010,"CMW",0,"LN2292386-02",,,,,,
RecType,InvNum,Type,UPC,ProductID,QuantityShipped,Unit,Size,Brand,Description,RegularSRP,Status,NetPricePerUnit,ExtendedPrice,SaleSRP,RegPricePerUnit,CustomerID,PriceOrigin,QuantityOrdered,Taxable,LB flag,CW flag,CW2,CNF_RegSRP,CNF_SpcSRP,CorpCustID,CorpProdID,OrderNumber,InvoiceDate,Servings,
Detail,8253961,B,031493-776370,0161521,"5","CS","8 PK","RUDI'S","BUNS,OG,HAMBURGER,WHEAT","4.65",,"2.156","75.45","4.65","2.713",54835,"PRO 20","5",0,"N","N",".00","","",54835,16152,6741537,5/15/2010,7,
Detail,8253961,B,031493-776394,0975342,"3","CS","6 PK","RUDI'S","BUNS,OG,HOT DOG,WHEAT","3.69",,"1.724","41.37","3.69","2.171",54835,"PRO 20","3",0,"N","N",".00","","",54835,97534,6741537,5/15/2010,8,
Detail,8253961,B,031493-060851,0821934,"1","CS","12 OZ","RUDI'S","ENG MUFFIN,OG,MULTIGRAIN","3.95",,"2.315","18.52",".00","2.315",54835,"","1",0,"N","N",".00","","",54835,82193,6741537,5/15/2010,8,
Detail,8253961,B,031493-061056,0821959,"1","CS","12 OZ","RUDI'S","ENG MUFFIN,OG,SPELT","3.95",,"2.315","18.52",".00","2.315",54835,"","1",0,"N","N",".00","","",54835,82195,6741537,5/15/2010,8,
Detail,8253961,B,031493-060653,0821918,"1","CS","12 OZ","RUDI'S","ENG MUFFIN,OG,WHEAT","3.95",,"2.315","18.52",".00","2.315",54835,"","1",0,"N","N",".00","","",54835,82191,6741537,5/15/2010,8,
Detail,8253961,B,031493-021609,0775759,"4","CS","22 OZ","RUDI'S","BRD,OG,100% WHOLE WHEAT","4.65",,"2.714","86.84",".00","2.714",54835,"","4",0,"N","N",".00","","",54835,77575,6741537,5/15/2010,8,
Detail,8253961,B,031493-543736,0940361,"2","CS","22 OZ","RUDI'S","BRD,OG,COLORADO CRKD WHT","4.65",,"2.714","43.42",".00","2.714",54835,"","2",0,"N","N",".00","","",54835,94036,6741537,5/15/2010,8,
Detail,8253961,B,031493-242424,0940387,"3","CS","22 OZ","RUDI'S","BRD,OG,HONEY SWT WHL WHT","4.65",,"2.714","65.13",".00","2.714",54835,"","3",0,"N","N",".00","","",54835,94038,6741537,5/15/2010,8,
Detail,8253961,B,031493-828888,0940338,"1","CS","22 OZ","RUDI'S","BRD,OG,OAT,MULTIGRAIN","4.65",,"2.714","21.71",".00","2.714",54835,"","1",0,"N","N",".00","","",54835,94033,6741537,5/15/2010,8,
Detail,8253961,B,031493-317511,0940270,"2","CS","22 OZ","RUDI'S","BRD,OG,SOURDGH,ROCKY MTN","4.65",,"2.714","43.42",".00","2.714",54835,"","2",0,"N","N",".00","","",54835,94027,6741537,5/15/2010,8,
Detail,8253961,B,031493-071208,0342543,"1","CS","20 OZ","RUDI'S","BRD,OG,SPELT,ANCNT GRAIN","5.59",,"3.289","26.31",".00","3.289",54835,"","1",0,"N","N",".00","","",54835,34254,6741537,5/15/2010,8,
Detail,8253961,B,031493-023405,0723213,"1","CS","20 OZ","RUDI'S","BRD,OG,14 GRAIN","4.65",,"2.714","21.71",".00","2.714",54835,"","1",0,"N","N",".00","","",54835,72321,6741537,5/15/2010,8,
Detail,8253961,B,031493-023207,0543553,"1","CS","20 OZ","RUDI'S","BRD,OG,7 GRAIN & FLAX","4.65",,"2.714","21.71",".00","2.714",54835,"","1",0,"N","N",".00","","",54835,54355,6741537,5/15/2010,8,
Detail,8253961,B,075119-602254,0349258,"1","CS","14.8 OZ","ENER-G","ENGLISH MUFFIN W/TOFU","5.85",,"3.345","20.07",".00","3.345",54835,"","1",0,"N","N",".00","","",54835,34925,6741537,5/15/2010,6,
Detail,8253961,B,075119-145805,0559104,"1","CS","19 OZ","ENER-G","LOAF,BROWN RICE,YST-FREE","5.75",,"3.278","19.67",".00","3.278",54835,"","1",0,"N","N",".00","","",54835,55910,6741537,5/15/2010,6,
RecType,InvNum,Type,NumGroceryItems,NumRefrigItems,NumRepackItems,NumFrozenItems,TotalPcs,TotalWt,TotalCubes,NonSpecial,Special,GrossTotal,VolDiscnt,Discount,NetTotal,TotalRetail,Deposits,Adjustments,ProfitAmnt,Profit%,InvDate,CorpCustID,OrderNumber,,,,,,,
Footer,8253961,C,"2","0","0","26","28","279","2.62","425.55","116.82","542.37","0",".00","542.37","981.23",".00",".00",".00",".00",5/15/2010,54835,6741537,,,,,,,
