RecType,InvNum,Type,OrderNumber,InvoiceDate,DBA,CustomerNumber,CustomerName,CustAddr1,CustAddr2,City,State,ZipCode,PhoneNumber,Whse,Trip,Terms,D/CFlag,TermsMsg,CorpCustID,CoverSheet,OrdEntryDate,ChainCode,ApplyTo#,PO#,,,,,,
Header,8253962,A,6741538,5/15/2010,1,54835,"WHOLE FOODS COMMUNITY COO","610 EAST 4TH STREET","","DULUTH","MN","558050000","218-728-0884",8,"642",7,0,"NET 21 DAYS",54835,3627802,5/14/2010,"CMW",0,"LN2292386-03",,,,,,
RecType,InvNum,Type,UPC,ProductID,QuantityShipped,Unit,Size,Brand,Description,RegularSRP,Status,NetPricePerUnit,ExtendedPrice,SaleSRP,RegPricePerUnit,CustomerID,PriceOrigin,QuantityOrdered,Taxable,LB flag,CW flag,CW2,CNF_RegSRP,CNF_SpcSRP,CorpCustID,CorpProdID,OrderNumber,InvoiceDate,Servings,
Detail,8253962,B,026938-462277,0462275,"1","LB","5 #","BRUNKW","CHEDDAR,YELLOW,MED","6.99",,"3.660","18.37",".00","3.660",54835,"","1",0,"N","Y","5.02","","",54835,46227,6741538,5/15/2010,1,
Detail,8253962,B,026938-462895,0462895,"1","LB","5 #","BRUNKW","CHEDDR,MILD WHITE RM","6.79",,"3.550","17.75",".00","3.550",54835,"","1",0,"N","Y","5.00","","",54835,46289,6741538,5/15/2010,1,
Detail,8253962,B,026938-463014,0463018,"1","LB","5 #","BRUNKW","MONTEREY JACK RM","6.69",,"3.500","17.15",".00","3.500",54835,"","1",0,"N","Y","4.90","","",54835,46301,6741538,5/15/2010,1,
Detail,8253962,B,026938-468491,0468496,"1","CS","1 #","CEDARG","CHEDDAR,MLD,rBGH FREE,YEL","8.25",,"4.326","34.61",".00","4.326",54835,"","1",0,"N","N",".00","","",54835,46849,6741538,5/15/2010,8,
Detail,8253962,B,026938-468651,0468652,"1","CS","1 #","CEDARG","MONTEREY JACK,OG","9.65",,"5.046","40.37",".00","5.046",54835,"","1",0,"N","N",".00","","",54835,46865,6741538,5/15/2010,8,
Detail,8253962,B,045296-081326,0260877,"1","CS","8 OZ","LISANT","SOY SHREDDED CHS,MOZZAREL","4.35",,"2.275","27.30",".00","2.275",54835,"","1",0,"N","N",".00","","",54835,26087,6741538,5/15/2010,12,
Detail,8253962,B,093966-113204,0198408,"1","CS","8 OZ","OGVAL","CHEDDAR,OG,SHARP,RAW","6.35",,"3.333","40.00",".00","3.333",54835,"","1",0,"N","N",".00","","",54835,19840,6741538,5/15/2010,12,
Detail,8253962,B,093966-211016,0431346,"1","CS","8 OZ","OGVAL","CREAM CHEESE,OG,BARS,PAST","3.95",,"2.048","24.58",".00","2.048",54835,"","1",0,"N","N",".00","","",54835,43134,6741538,5/15/2010,12,
Detail,8253962,B,093966-452709,0598086,"1","CS","6 OZ","OGVAL","MOZZ,OG,SHRED,PART SKIM","5.69",,"2.555","30.66","5.69","2.979",54835,"PRO 13","1",0,"N","N",".00","","",54835,59808,6741538,5/15/2010,12,
Detail,8253962,B,093966-221015,0431361,"1","CS","8 OZ","OGVAL","NEUFCHATEL,OG,BARS,PAST","3.95",,"2.048","24.58",".00","2.048",54835,"","1",0,"N","N",".00","","",54835,43136,6741538,5/15/2010,12,
Detail,8253962,B,093966-002287,0730135,"1","CS","4 OZ","OGVAL","PARMESAN,OG,SHRED(TUB)","5.15",,"2.680","32.16",".00","2.680",54835,"","1",0,"N","N",".00","","",54835,73013,6741538,5/15/2010,12,
Detail,8253962,B,093966-000054,0602441,"1","CS","1 OZ","OGVAL","STRINGLES,OG",".85",,".443","10.63",".00",".443",54835,"","1",0,"N","N",".00","","",54835,60244,6741538,5/15/2010,24,
Detail,8253962,B,037983-000154,0797621,"1","CS","8 OZ","RELLA","VEGANRELLA,CHEDDAR","3.99",,"2.087","12.52",".00","2.087",54835,"","1",0,"N","N",".00","","",54835,79762,6741538,5/15/2010,6,
Detail,8253962,B,026938-505998,0505990,"1","LB","7 #","SWSVAL","SWISS,GRADE A","5.35",,"2.800","21.87",".00","2.800",54835,"","1",0,"N","Y","7.81","","",54835,50599,6741538,5/15/2010,1,
RecType,InvNum,Type,NumGroceryItems,NumRefrigItems,NumRepackItems,NumFrozenItems,TotalPcs,TotalWt,TotalCubes,NonSpecial,Special,GrossTotal,VolDiscnt,Discount,NetTotal,TotalRetail,Deposits,Adjustments,ProfitAmnt,Profit%,InvDate,CorpCustID,OrderNumber,,,,,,,
Footer,8253962,C,"0","14","0","0","14","78",".25","321.89","30.66","352.55","0",".00","352.55","684.42",".00",".00",".00",".00",5/15/2010,54835,6741538,,,,,,,
