RecType,InvNum,Type,OrderNumber,InvoiceDate,DBA,CustomerNumber,CustomerName,CustAddr1,CustAddr2,City,State,ZipCode,PhoneNumber,Whse,Trip,Terms,D/CFlag,TermsMsg,CorpCustID,CoverSheet,OrdEntryDate,ChainCode,ApplyTo#,PO#,,,,,,
Header,8253956,A,6741067,5/15/2010,1,54835,"WHOLE FOODS COMMUNITY COO","610 EAST 4TH STREET","","DULUTH","MN","558050000","218-728-0884",8,"642",7,0,"NET 21 DAYS",54835,3627802,5/14/2010,"CMW",0,"LN2292334-08",,,,,,
RecType,InvNum,Type,UPC,ProductID,QuantityShipped,Unit,Size,Brand,Description,RegularSRP,Status,NetPricePerUnit,ExtendedPrice,SaleSRP,RegPricePerUnit,CustomerID,PriceOrigin,QuantityOrdered,Taxable,LB flag,CW flag,CW2,CNF_RegSRP,CNF_SpcSRP,CorpCustID,CorpProdID,OrderNumber,InvoiceDate,Servings,
Detail,8253956,B,021908-406770,0908095,"1","CS","8 OZ","CSCADE","BLUEBERRIES,OG","4.29",,"1.998","23.97","4.29","2.514",54835,"PRO 20","1",0,"N","N",".00","","",54835,90809,6741067,5/15/2010,12,
Detail,8253956,B,021908-530017,0613505,"1","CS","10 OZ","CSCADE","RASPBERRIES,OG","4.29",,"1.998","23.97","4.29","2.514",54835,"PRO 20","1",0,"N","N",".00","","",54835,61350,6741067,5/15/2010,12,
RecType,InvNum,Type,NumGroceryItems,NumRefrigItems,NumRepackItems,NumFrozenItems,TotalPcs,TotalWt,TotalCubes,NonSpecial,Special,GrossTotal,VolDiscnt,Discount,NetTotal,TotalRetail,Deposits,Adjustments,ProfitAmnt,Profit%,InvDate,CorpCustID,OrderNumber,,,,,,,
Footer,8253956,C,"0","0","0","2","2","15",".09",".00","47.94","47.94","0",".00","47.94","102.96",".00",".00",".00",".00",5/15/2010,54835,6741067,,,,,,,
