RecType,InvNum,Type,OrderNumber,InvoiceDate,DBA,CustomerNumber,CustomerName,CustAddr1,CustAddr2,City,State,ZipCode,PhoneNumber,Whse,Trip,Terms,D/CFlag,TermsMsg,CorpCustID,CoverSheet,OrdEntryDate,ChainCode,ApplyTo#,PO#,,,,,,
Header,8253955,A,6741061,5/15/2010,1,54835,"WHOLE FOODS COMMUNITY COO","610 EAST 4TH STREET","","DULUTH","MN","558050000","218-728-0884",8,"642",7,0,"NET 21 DAYS",54835,3627802,5/14/2010,"CMW",0,"LN2292334-05",,,,,,
RecType,InvNum,Type,UPC,ProductID,QuantityShipped,Unit,Size,Brand,Description,RegularSRP,Status,NetPricePerUnit,ExtendedPrice,SaleSRP,RegPricePerUnit,CustomerID,PriceOrigin,QuantityOrdered,Taxable,LB flag,CW flag,CW2,CNF_RegSRP,CNF_SpcSRP,CorpCustID,CorpProdID,OrderNumber,InvoiceDate,Servings,
Detail,8253955,B,081146-002202,0909358,"2","CS","6 OZ","CSCDFR","YGRT,FF,CHERRY VANILLA","1.05",,".608","14.58",".00",".608",54835,"","2",0,"N","N",".00","","",54835,90935,6741061,5/15/2010,12,
Detail,8253955,B,054319-000046,0431981,"1","CS","32 OZ","SEVEN","YOGURT,OG,PLAIN,LOWFT","4.35",,"2.602","15.61",".00","2.602",54835,"","1",0,"N","N",".00","","",54835,43198,6741061,5/15/2010,6,
RecType,InvNum,Type,NumGroceryItems,NumRefrigItems,NumRepackItems,NumFrozenItems,TotalPcs,TotalWt,TotalCubes,NonSpecial,Special,GrossTotal,VolDiscnt,Discount,NetTotal,TotalRetail,Deposits,Adjustments,ProfitAmnt,Profit%,InvDate,CorpCustID,OrderNumber,,,,,,,
Footer,8253955,C,"0","3","0","0","3","24",".09","30.19",".00","30.19","0",".00","30.19","51.30",".00",".00",".00",".00",5/15/2010,54835,6741061,,,,,,,
