RecType,InvNum,Type,OrderNumber,InvoiceDate,DBA,CustomerNumber,CustomerName,CustAddr1,CustAddr2,City,State,ZipCode,PhoneNumber,Whse,Trip,Terms,D/CFlag,TermsMsg,CorpCustID,CoverSheet,OrdEntryDate,ChainCode,ApplyTo#,PO#,,,,,,
Header,8253976,A,6741965,5/15/2010,1,54835,"WHOLE FOODS COMMUNITY COO","610 EAST 4TH STREET","","DULUTH","MN","558050000","218-728-0884",8,"642",7,0,"NET 21 DAYS",54835,3627802,5/14/2010,"CMW",0,"LN2292432-08",,,,,,
RecType,InvNum,Type,UPC,ProductID,QuantityShipped,Unit,Size,Brand,Description,RegularSRP,Status,NetPricePerUnit,ExtendedPrice,SaleSRP,RegPricePerUnit,CustomerID,PriceOrigin,QuantityOrdered,Taxable,LB flag,CW flag,CW2,CNF_RegSRP,CNF_SpcSRP,CorpCustID,CorpProdID,OrderNumber,InvoiceDate,Servings,
Detail,8253976,B,041570-054130,0750976,"2","CS","32 OZ","BLUE-D","ALMOND BREEZE,ORIG,UNSWTD","2.79",,"1.298","31.16","2.79","1.588",54835,"PRO 20","2",0,"N","N",".00","","",54835,75097,6741965,5/15/2010,12,
Detail,8253976,B,021908-274751,0937375,"1","CS","10.4 OZ","CSCADE","CEREAL,OG,HONEY NUT O'S","5.35",,"3.201","38.41",".00","3.201",54835,"","1",0,"N","N",".00","","",54835,93737,6741965,5/15/2010,12,
Detail,8253976,B,722252-601421,0446369,"1","CS","2.4 OZ","CLIF","BUILDER BAR,CHOCOLATE","2.15",,"1.218","14.62",".00","1.218",54835,"","1",0,"N","N",".00","","",54835,44636,6741965,5/15/2010,12,
Detail,8253976,B,748753-401643,0730960,"1","CS","15 OZ","COLUMB","APRICOT HALVES,OG,CANNED","3.99",,"2.272","27.26",".00","2.272",54835,"","1",0,"N","N",".00","","",54835,73096,6741965,5/15/2010,12,
Detail,8253976,B,891048-001001,0131458,"1","CS","1.9 OZ","EARNST","BAR,BAKED,ALMD TRAIL MIX","1.65",,".943","11.32",".00",".943",54835,"","1",0,"N","N",".00","","",54835,13145,6741965,5/15/2010,12,
Detail,8253976,B,024182-025354,0683888,"2","CS","32 OZ","EDEN","EDENSOY EXTRA,OG,ORIGINAL","3.29",,"1.643","39.44","3.29","1.873",54835,"M 15","2",0,"N","N",".00","","",54835,68388,6741965,5/15/2010,12,
Detail,8253976,B,058449-420040,0515692,"1","CS","9 OZ","ENVKID","ANIMAL COOKIES,OG,VAN,G/F","3.95",,"2.256","27.07",".00","2.256",54835,"","1",0,"N","N",".00","","",54835,51569,6741965,5/15/2010,12,
Detail,8253976,B,657622-358240,0884676,"1","CS","64 OZ","HONEST","TEA,PET,OG,JUST BLK,UNSWT","3.79",,"2.160","17.28",".00","2.160",54835,"","1",0,"N","N",".00","","",54835,88467,6741965,5/15/2010,8,
Detail,8253976,B,018627-835004,0710038,"1","CS","17.5 OZ","KASHI","OG PROMISE,CINNAMON HRVST","5.75",,"3.411","54.58",".00","3.411",54835,"","1",0,"N","N",".00","","",54835,71003,6741965,5/15/2010,16,
Detail,8253976,B,024335-160260,0884007,"1","CS","16 OZ","LITTLB","REFRD BEANS,OG,PNTO,SPCY","2.35",,"1.168","14.01","2.35","1.351",54835,"M 15","1",0,"N","N",".00","","",54835,88400,6741965,5/15/2010,12,
Detail,8253976,B,875386-000308,0886234,"1","CS","32 OZ","LIVHAR","HEMPMILK,TEMPT,ORIGINAL","4.29",,"2.046","24.55","4.29","2.446",54835,"POV 20","1",0,"N","N",".00","","",54835,88623,6741965,5/15/2010,12,
Detail,8253976,B,725342-260737,0504142,"1","CS","28 OZ","MUIR","TOMATO,OG,DICED","3.35",,"1.427","17.12","3.35","1.927",54835,"PRO 26","1",0,"N","N",".00","","",54835,50414,6741965,5/15/2010,12,
Detail,8253976,B,621683-920654,0639823,"1","CS","16 OZ","TNKYDA","PASTA,FUSILLI,BRN RICE","3.75",,"1.878","22.53","3.75","2.148",54835,"M 15","1",0,"N","N",".00","","",54835,63982,6741965,5/15/2010,12,
Detail,8253976,B,621683-021153,0639864,"1","CS","12 OZ","TNKYDA","PASTA,OG,PENNE,BRN RICE","4.25",,"2.100","25.20","4.25","2.412",54835,"M 15","1",0,"N","N",".00","","",54835,63986,6741965,5/15/2010,12,
Detail,8253976,B,716123-123860,0662270,"2","EA","2 OZ","SWEETL","LIQ STEVIA,CLEAR,CH RSPBR","16.65",,"7.470","14.94",".00","7.470",54835,"","2",0,"N","N",".00","","",54835,66227,6741965,5/15/2010,1,
Detail,8253976,B,026938-899806,0899807,"1","","EA","","TOTES CHARGE",".00",,".000",".00",".00",".000",54835,"NO CHG","1",0,"","",".00","N","",54835,89980,6741965,5/15/2010,1,
Detail,8253976,B,898999-000206,0579391,"0","CS","11.2OZ","VITACO","COCONUT WATER,PINEAPPLE",".00",OUT,".000",".00",".00",".000",54835,"","2",0,"N","N",".00","","",54835,57939,6741965,5/15/2010,12,
Detail,8253976,B,891048-001001,0899518,"0","CS","1.9 OZ","HNEST","BAR,BAKED,ALMND S#131458",".00",OUT,".000",".00",".00",".000",54835,"","1",0,"N","N",".00","","",54835,89951,6741965,5/15/2010,12,
RecType,InvNum,Type,NumGroceryItems,NumRefrigItems,NumRepackItems,NumFrozenItems,TotalPcs,TotalWt,TotalCubes,NonSpecial,Special,GrossTotal,VolDiscnt,Discount,NetTotal,TotalRetail,Deposits,Adjustments,ProfitAmnt,Profit%,InvDate,CorpCustID,OrderNumber,,,,,,,
Footer,8253976,C,"14","0","1","0","15","310","1.22","205.48","174.01","379.49","0",".00","379.49","722.50",".00",".00",".00",".00",5/15/2010,54835,6741965,,,,,,,
