RecType,InvNum,Type,OrderNumber,InvoiceDate,DBA,CustomerNumber,CustomerName,CustAddr1,CustAddr2,City,State,ZipCode,PhoneNumber,Whse,Trip,Terms,D/CFlag,TermsMsg,CorpCustID,CoverSheet,OrdEntryDate,ChainCode,ApplyTo#,PO#,,,,,,
Header,9153123,A,9153123,10/1/2010,1,54835,"WHOLE FDS COOP-DULUTH","610 EAST 4TH STREET","","DULUTH","MN","558050000","218-728-0884",8,"000",0,2,"",54835,3998100,10/1/2010,"CMW",9165167,"",,,,,,
RecType,InvNum,Type,UPC,ProductID,QuantityShipped,Unit,Size,Brand,Description,RegularSRP,Status,NetPricePerUnit,ExtendedPrice,SaleSRP,RegPricePerUnit,CustomerID,PriceOrigin,QuantityOrdered,Taxable,LB flag,CW flag,CW2,CNF_RegSRP,CNF_SpcSRP,CorpCustID,CorpProdID,OrderNumber,InvoiceDate,Servings,ProdStatDetailMsg,
Detail,9153123,B,795709-010015,0146670,"-1","CS","6 OZ","WALABY","YOGURT,OG,LF,STRAWBERRY",".00",,".000",".00",".00",".000",54835,"","-1",0,"N","N",".00","","",54835,14667,9153123,10/1/2010,12,
Detail,9153123,B,051381-911119,0714188,"-6","EA",".5 OZ","AURACA","ESSENTIAL OIL,CINN LEAF",".00",,"2.430","-14.58",".00","2.430",54835,"","-6",0,"N","N",".00","","",54835,71418,9153123,10/1/2010,1,
Detail,9153123,B,081312-200654,0879866,"-1","CS","6 OZ","REDWD","YOGURT,GOAT,BLUEBERRY",".00",,"1.196","-14.35",".00","1.196",54835,"","-1",0,"N","N",".00","","",54835,87986,9153123,10/1/2010,12,
Detail,9153123,B,030684-768903,0993261,"-1","CS","8 OZ","MIDEL","GINGER SNAPS,G/F",".00",,"1.729","-20.75",".00","1.729",54835,"","-1",0,"N","N",".00","","",54835,99326,9153123,10/1/2010,12,
Footer,9153123,C,"0","0","0","0","0","0",".00",".00",".00","-49.68","0",".00","-49.68",".00",".00",".00",".00",".00",10/1/2010,54835,9153123,,,,,,,
