RecType,InvNum,Type,OrderNumber,InvoiceDate,DBA,CustomerNumber,CustomerName,CustAddr1,CustAddr2,City,State,ZipCode,PhoneNumber,Whse,Trip,Terms,D/CFlag,TermsMsg,CorpCustID,CoverSheet,OrdEntryDate,ChainCode,ApplyTo#,PO#,,,,,,
Header,8918270,A,7340584,8/26/2010,1,54835,"WHOLE FDS COOP-DULUTH","610 EAST 4TH STREET","","DULUTH","MN","558050000","218-728-0884",8,"412",7,0,"NET 21 DAYS",54835,3897106,8/25/2010,"CMW",0,"LN2491410-08",,,,,,
RecType,InvNum,Type,UPC,ProductID,QuantityShipped,Unit,Size,Brand,Description,RegularSRP,Status,NetPricePerUnit,ExtendedPrice,SaleSRP,RegPricePerUnit,CustomerID,PriceOrigin,QuantityOrdered,Taxable,LB flag,CW flag,CW2,CNF_RegSRP,CNF_SpcSRP,CorpCustID,CorpProdID,OrderNumber,InvoiceDate,Servings,
Detail,8918270,B,021908-560014,0931642,"1","CS","10 OZ","CSCADE","CHERRIES,OG,PIT DRK SWEET","4.25",,"1.975","23.70","4.25","2.481",54835,"PRO 20","1",0,"N","N",".00","","",54835,93164,7340584,8/26/2010,12,
Detail,8918270,B,021908-514956,0504225,"1","CS","10 OZ","CSCADE","HARVEST BERRIES,OG","4.25",,"1.975","23.70","4.25","2.481",54835,"PRO 20","1",0,"N","N",".00","","",54835,50422,7340584,8/26/2010,12,
Detail,8918270,B,021908-530017,0613505,"1","CS","10 OZ","CSCADE","RASPBERRIES,OG","4.25",,"1.975","23.70","4.25","2.481",54835,"PRO 20","1",0,"N","N",".00","","",54835,61350,7340584,8/26/2010,12,
Detail,8918270,B,698997-809166,0183970,"1","CS","12 OZ","UDI'S","BREAD,WHOLE GRAIN,GF","5.15",,"3.006","24.05",".00","3.006",54835,"","1",0,"N","N",".00","","",54835,18397,7340584,8/26/2010,8,
Detail,8918270,B,698997-809173,0198721,"1","CS","8 OZ","UDI'S","PIZZA CRUST,GF,9IN 2 PACK","5.15",,"3.006","24.05",".00","3.006",54835,"","1",0,"N","N",".00","","",54835,19872,7340584,8/26/2010,8,
RecType,InvNum,Type,NumGroceryItems,NumRefrigItems,NumRepackItems,NumFrozenItems,TotalPcs,TotalWt,TotalCubes,NonSpecial,Special,GrossTotal,VolDiscnt,Discount,NetTotal,TotalRetail,Deposits,Adjustments,ProfitAmnt,Profit%,InvDate,CorpCustID,OrderNumber,,,,,,,
Footer,8918270,C,"0","0","0","5","5","37",".23","48.10","71.10","119.20","0",".00","119.20","235.40",".00",".00",".00",".00",8/26/2010,54835,7340584,,,,,,,
