RecType,InvNum,Type,OrderNumber,InvoiceDate,DBA,CustomerNumber,CustomerName,CustAddr1,CustAddr2,City,State,ZipCode,PhoneNumber,Whse,Trip,Terms,D/CFlag,TermsMsg,CorpCustID,CoverSheet,OrdEntryDate,ChainCode,ApplyTo#,PO#,,,,,,
Header,8918287,A,7340972,8/26/2010,1,54835,"WHOLE FDS COOP-DULUTH","610 EAST 4TH STREET","","DULUTH","MN","558050000","218-728-0884",8,"412",7,0,"NET 21 DAYS",54835,3897106,8/25/2010,"CMW",0,"",,,,,,
RecType,InvNum,Type,UPC,ProductID,QuantityShipped,Unit,Size,Brand,Description,RegularSRP,Status,NetPricePerUnit,ExtendedPrice,SaleSRP,RegPricePerUnit,CustomerID,PriceOrigin,QuantityOrdered,Taxable,LB flag,CW flag,CW2,CNF_RegSRP,CNF_SpcSRP,CorpCustID,CorpProdID,OrderNumber,InvoiceDate,Servings,
Detail,8918287,B,013562-111008,0551705,"1","CS","4 OZ","ANNIE","FRT SNK,OG,BUNNY TROPCL","5.05",,".000",".00",".00","2.886",54835,"NO CHG","1",0,"N","N",".00","","",54835,55170,7340972,8/26/2010,12,
Detail,8918287,B,058336-175022,0224972,"1","CS","17.1 OZ","DROETK","CAKE MIX,OG,CHOCOLATE","3.55",,".449","5.39","3.55","2.022",54835,"POV 85","1",0,"N","N",".00","","",54835,22497,7340972,8/26/2010,12,
Detail,8918287,B,042608-432029,0167692,"1","CS","32 OZ","LAKEWD","JUICE,OG,PURE CARROT","5.65",,".744","8.93","5.65","3.345",54835,"POV 85","1",0,"N","N",".00","","",54835,16769,7340972,8/26/2010,12,
RecType,InvNum,Type,NumGroceryItems,NumRefrigItems,NumRepackItems,NumFrozenItems,TotalPcs,TotalWt,TotalCubes,NonSpecial,Special,GrossTotal,VolDiscnt,Discount,NetTotal,TotalRetail,Deposits,Adjustments,ProfitAmnt,Profit%,InvDate,CorpCustID,OrderNumber,,,,,,,
Footer,8918287,C,"3","0","0","0","3","60",".22",".00","14.32","14.32","0",".00","14.32","171.00",".00",".00",".00",".00",8/26/2010,54835,7340972,,,,,,,
