RecType,InvNum,Type,OrderNumber,InvoiceDate,DBA,CustomerNumber,CustomerName,CustAddr1,CustAddr2,City,State,ZipCode,PhoneNumber,Whse,Trip,Terms,D/CFlag,TermsMsg,CorpCustID,CoverSheet,OrdEntryDate,ChainCode,ApplyTo#,PO#,,,,,,
Header,8918281,A,7340835,8/26/2010,1,54835,"WHOLE FDS COOP-DULUTH","610 EAST 4TH STREET","","DULUTH","MN","558050000","218-728-0884",8,"412",7,0,"NET 21 DAYS",54835,3897106,8/25/2010,"CMW",0,"LN2491497-03",,,,,,
RecType,InvNum,Type,UPC,ProductID,QuantityShipped,Unit,Size,Brand,Description,RegularSRP,Status,NetPricePerUnit,ExtendedPrice,SaleSRP,RegPricePerUnit,CustomerID,PriceOrigin,QuantityOrdered,Taxable,LB flag,CW flag,CW2,CNF_RegSRP,CNF_SpcSRP,CorpCustID,CorpProdID,OrderNumber,InvoiceDate,Servings,
Detail,8918281,B,749174-797353,0645648,"1","CS","17 OZ","EARTHF","FRUIT& VEG WASH/SPRAYER","3.69",,"2.192","13.15",".00","2.192",54835,"","1",0,"N","N",".00","","",54835,64564,7340835,8/26/2010,6,
Detail,8918281,B,770009-001116,0175042,"6","EA","100 CT","IFYC","COFFEE FILTER,BASKETS","2.15",,"1.290","7.74",".00","1.290",54835,"","6",0,"N","N",".00","","",54835,17504,7340835,8/26/2010,1,
Detail,8918281,B,026938-899806,0899807,"1","","EA","","TOTES CHARGE",".00",,".000",".00",".00",".000",54835,"NO CHG","1",0,"","",".00","N","",54835,89980,7340835,8/26/2010,1,
RecType,InvNum,Type,NumGroceryItems,NumRefrigItems,NumRepackItems,NumFrozenItems,TotalPcs,TotalWt,TotalCubes,NonSpecial,Special,GrossTotal,VolDiscnt,Discount,NetTotal,TotalRetail,Deposits,Adjustments,ProfitAmnt,Profit%,InvDate,CorpCustID,OrderNumber,,,,,,,
Footer,8918281,C,"1","0","1","0","2","17",".19","20.89",".00","20.89","0",".00","20.89","35.04",".00",".00",".00",".00",8/26/2010,54835,7340835,,,,,,,
