RecType,InvNum,Type,OrderNumber,InvoiceDate,DBA,CustomerNumber,CustomerName,CustAddr1,CustAddr2,City,State,ZipCode,PhoneNumber,Whse,Trip,Terms,D/CFlag,TermsMsg,CorpCustID,CoverSheet,OrdEntryDate,ChainCode,ApplyTo#,PO#,,,,,,
Header,8918272,A,7340646,8/26/2010,1,54835,"WHOLE FDS COOP-DULUTH","610 EAST 4TH STREET","","DULUTH","MN","558050000","218-728-0884",8,"412",7,0,"NET 21 DAYS",54835,3897106,8/25/2010,"CMW",0,"",,,,,,
RecType,InvNum,Type,UPC,ProductID,QuantityShipped,Unit,Size,Brand,Description,RegularSRP,Status,NetPricePerUnit,ExtendedPrice,SaleSRP,RegPricePerUnit,CustomerID,PriceOrigin,QuantityOrdered,Taxable,LB flag,CW flag,CW2,CNF_RegSRP,CNF_SpcSRP,CorpCustID,CorpProdID,OrderNumber,InvoiceDate,Servings,
Detail,8918272,B,018787-772324,0329318,"6","EA","32 OZ","DR B'S","CASTILE LIQ SP,OG,BABY","14.09",,"7.380","44.28",".00","7.380",54835,"","6",0,"N","N",".00","","",54835,32931,7340646,8/26/2010,1,
Detail,8918272,B,018787-774328,0329912,"6","EA","32 OZ","DR B'S","CASTILE LIQ SP,OG,LAVNDR","14.09",,"7.380","44.28",".00","7.380",54835,"","6",0,"N","N",".00","","",54835,32991,7340646,8/26/2010,1,
Detail,8918272,B,018787-764657,0300889,"2","EA","GAL","DR B'S","CASTILE LIQ SP,OG,LAVNDR","49.19",,"25.820","51.64",".00","25.820",54835,"","2",0,"N","N",".00","","",54835,30088,7340646,8/26/2010,1,
Detail,8918272,B,021888-120536,0152660,"6","EA","60 CT","RBLITE","SUNNY GUMMIES,VIT D","9.85",,"3.520","21.12","9.85","4.420",54835,"PRO 20","6",0,"N","N",".00","","",54835,15266,7340646,8/26/2010,1,
Detail,8918272,B,026938-899806,0899807,"2","","EA","","TOTES CHARGE",".00",,".000",".00",".00",".000",54835,"NO CHG","2",0,"","",".00","N","",54835,89980,7340646,8/26/2010,1,
Detail,8918272,B,077326-830406,0406082,"0","CS","4 OZ","TOM'S","BAR SOAP,NAT,SENSITIVE",".00",OUT,".000",".00",".00",".000",54835,"M 15","1",0,"N","N",".00","","",54835,40608,7340646,8/26/2010,6,
RecType,InvNum,Type,NumGroceryItems,NumRefrigItems,NumRepackItems,NumFrozenItems,TotalPcs,TotalWt,TotalCubes,NonSpecial,Special,GrossTotal,VolDiscnt,Discount,NetTotal,TotalRetail,Deposits,Adjustments,ProfitAmnt,Profit%,InvDate,CorpCustID,OrderNumber,,,,,,,
Footer,8918272,C,"0","0","2","0","2","64",".43","140.20","21.12","161.32","0",".00","161.32","326.56",".00",".00",".00",".00",8/26/2010,54835,7340646,,,,,,,
