RecType,InvNum,Type,OrderNumber,InvoiceDate,DBA,CustomerNumber,CustomerName,CustAddr1,CustAddr2,City,State,ZipCode,PhoneNumber,Whse,Trip,Terms,D/CFlag,TermsMsg,CorpCustID,CoverSheet,OrdEntryDate,ChainCode,ApplyTo#,PO#,,,,,,
Header,8918262,A,7340576,8/26/2010,1,54835,"WHOLE FDS COOP-DULUTH","610 EAST 4TH STREET","","DULUTH","MN","558050000","218-728-0884",8,"412",7,0,"NET 21 DAYS",54835,3897106,8/25/2010,"CMW",0,"LN2491406-02",,,,,,
RecType,InvNum,Type,UPC,ProductID,QuantityShipped,Unit,Size,Brand,Description,RegularSRP,Status,NetPricePerUnit,ExtendedPrice,SaleSRP,RegPricePerUnit,CustomerID,PriceOrigin,QuantityOrdered,Taxable,LB flag,CW flag,CW2,CNF_RegSRP,CNF_SpcSRP,CorpCustID,CorpProdID,OrderNumber,InvoiceDate,Servings,
Detail,8918262,B,026938-468514,0468512,"2","CS","1 #","CEDARG","CHEDDAR,OG,MILD WHITE","9.49",,"4.980","79.68",".00","4.980",54835,"","2",0,"N","N",".00","","",54835,46851,7340576,8/26/2010,8,
Detail,8918262,B,049568-500102,0477059,"1","CS","10 OZ","FOLLOW","MONTEREY JACK VEGAN CHS","5.05",,"2.305","27.66","5.05","2.649",54835,"M 15","1",0,"N","N",".00","","",54835,47705,7340576,8/26/2010,12,
Detail,8918262,B,079004-100023,0493551,"1","CS","8 OZ","MTSTRL","CHEDDAR,GOAT,RAW","6.49",,"3.403","40.83",".00","3.403",54835,"","1",0,"N","N",".00","","",54835,49355,7340576,8/26/2010,12,
Detail,8918262,B,093966-211016,0431346,"1","CS","8 OZ","OGVAL","CREAM CHEESE,OG,BARS,PAST","3.85",,"2.022","24.26",".00","2.022",54835,"","1",0,"N","N",".00","","",54835,43134,7340576,8/26/2010,12,
Detail,8918262,B,093966-002270,0728840,"1","CS","6 OZ","OGVAL","MEXICAN CHEESE,OG,SHRED","5.65",,"2.940","35.28",".00","2.940",54835,"","1",0,"N","N",".00","","",54835,72884,7340576,8/26/2010,12,
Detail,8918262,B,093966-253702,0122705,"1","CS","8 OZ","OGVAL","MOZZARELLA,OG,PART SKIM","6.09",,"3.181","38.17",".00","3.181",54835,"","1",0,"N","N",".00","","",54835,12270,7340576,8/26/2010,12,
Detail,8918262,B,026938-505998,0505990,"1","LB","7 #","SWSVAL","SWISS,GRADE A","2.95",,"1.550","12.21",".00","1.550",54835,"","1",0,"N","Y","7.88","","",54835,50599,7340576,8/26/2010,1,
Detail,8918262,B,020188-050253,0327270,"1","CS","8 OZ","TOFUTI","BTR THN CRM CHESE,NON-HYD","3.75",,"1.967","23.60",".00","1.967",54835,"","1",0,"N","N",".00","","",54835,32727,7340576,8/26/2010,12,
Detail,8918262,B,026938-468491,0468496,"0","CS","1 #","CEDARG","CHEDDAR,MLD,rBGH FREE,YEL",".00",OUT,".000",".00",".00",".000",54835,"","2",0,"N","N",".00","","",54835,46849,7340576,8/26/2010,8,
RecType,InvNum,Type,NumGroceryItems,NumRefrigItems,NumRepackItems,NumFrozenItems,TotalPcs,TotalWt,TotalCubes,NonSpecial,Special,GrossTotal,VolDiscnt,Discount,NetTotal,TotalRetail,Deposits,Adjustments,ProfitAmnt,Profit%,InvDate,CorpCustID,OrderNumber,,,,,,,
Footer,8918262,C,"0","9","0","0","9","62",".18","254.03","27.66","281.69","0",".00","281.69","545.65",".00",".00",".00",".00",8/26/2010,54835,7340576,,,,,,,
