RecType,InvNum,Type,OrderNumber,InvoiceDate,DBA,CustomerNumber,CustomerName,CustAddr1,CustAddr2,City,State,ZipCode,PhoneNumber,Whse,Trip,Terms,D/CFlag,TermsMsg,CorpCustID,CoverSheet,OrdEntryDate,ChainCode,ApplyTo#,PO#,,,,,,
Header,8915130,A,8915130,8/26/2010,1,54835,"WHOLE FDS COOP-DULUTH","610 EAST 4TH STREET","","DULUTH","MN","558050000","218-728-0884",8,"000",0,2,"",54835,3897106,8/26/2010,"CMW",8918260,"",,,,,,
RecType,InvNum,Type,UPC,ProductID,QuantityShipped,Unit,Size,Brand,Description,RegularSRP,Status,NetPricePerUnit,ExtendedPrice,SaleSRP,RegPricePerUnit,CustomerID,PriceOrigin,QuantityOrdered,Taxable,LB flag,CW flag,CW2,CNF_RegSRP,CNF_SpcSRP,CorpCustID,CorpProdID,OrderNumber,InvoiceDate,Servings,
Detail,8915130,B,744473-470150,0159939,"-1","CS","PINTS","PURDEC","N/D,OG,GERMAN CHOC",".00",,".000",".00",".00",".000",54835,"","-1",0,"N","N",".00","","",54835,15993,8915130,8/26/2010,8,
Detail,8915130,B,042563-007614,0582718,"-1","CS","5 #","WODSTK","FRZ,OG,MANGOS",".00",,"11.535","-46.14",".00","11.535",54835,"","-1",0,"N","N",".00","","",54835,58271,8915130,8/26/2010,4,
RecType,InvNum,Type,NumGroceryItems,NumRefrigItems,NumRepackItems,NumFrozenItems,TotalPcs,TotalWt,TotalCubes,NonSpecial,Special,GrossTotal,VolDiscnt,Discount,NetTotal,TotalRetail,Deposits,Adjustments,ProfitAmnt,Profit%,InvDate,CorpCustID,OrderNumber,,,,,,,
Footer,8915130,C,"0","0","0","0","0","0",".00",".00",".00","-46.14","0",".00","-46.14",".00",".00",".00",".00",".00",8/26/2010,54835,8915130,,,,,,,
