RecType,InvNum,Type,OrderNumber,InvoiceDate,DBA,CustomerNumber,CustomerName,CustAddr1,CustAddr2,City,State,ZipCode,PhoneNumber,Whse,Trip,Terms,D/CFlag,TermsMsg,CorpCustID,CoverSheet,OrdEntryDate,ChainCode,ApplyTo#,PO#,,,,,,
Header,8918267,A,7340581,8/26/2010,1,54835,"WHOLE FDS COOP-DULUTH","610 EAST 4TH STREET","","DULUTH","MN","558050000","218-728-0884",8,"412",7,0,"NET 21 DAYS",54835,3897106,8/25/2010,"CMW",0,"LN2491410-03",,,,,,
RecType,InvNum,Type,UPC,ProductID,QuantityShipped,Unit,Size,Brand,Description,RegularSRP,Status,NetPricePerUnit,ExtendedPrice,SaleSRP,RegPricePerUnit,CustomerID,PriceOrigin,QuantityOrdered,Taxable,LB flag,CW flag,CW2,CNF_RegSRP,CNF_SpcSRP,CorpCustID,CorpProdID,OrderNumber,InvoiceDate,Servings,
Detail,8918267,B,093966-130003,0187286,"1","CS","16 OZ","OGVAL","BUTTER,OG,N/S,CULT,STICKS","6.99",,"4.219","63.28",".00","4.219",54835,"","1",0,"N","N",".00","","",54835,18728,7340581,8/26/2010,15,
Detail,8918267,B,750388-201017,0537803,"1","CS","1 LB","WESTBY","BUTTER,rBGH FREE","4.29",,"2.584","93.03",".00","2.584",54835,"","1",0,"N","N",".00","","",54835,53780,7340581,8/26/2010,36,
RecType,InvNum,Type,NumGroceryItems,NumRefrigItems,NumRepackItems,NumFrozenItems,TotalPcs,TotalWt,TotalCubes,NonSpecial,Special,GrossTotal,VolDiscnt,Discount,NetTotal,TotalRetail,Deposits,Adjustments,ProfitAmnt,Profit%,InvDate,CorpCustID,OrderNumber,,,,,,,
Footer,8918267,C,"0","2","0","0","2","53",".12","156.31",".00","156.31","0",".00","156.31","259.29",".00",".00",".00",".00",8/26/2010,54835,7340581,,,,,,,
