RecType,InvNum,Type,OrderNumber,InvoiceDate,DBA,CustomerNumber,CustomerName,CustAddr1,CustAddr2,City,State,ZipCode,PhoneNumber,Whse,Trip,Terms,D/CFlag,TermsMsg,CorpCustID,CoverSheet,OrdEntryDate,ChainCode,ApplyTo#,PO#,,,,,,
Header,9147637,A,7551446,9/30/2010,1,54835,"WHOLE FDS COOP-DULUTH","610 EAST 4TH STREET","","DULUTH","MN","558050000","218-728-0884",8,"412",7,0,"NET 21 DAYS",54835,3990884,9/29/2010,"CMW",0,"LN2563206-08",,,,,,
RecType,InvNum,Type,UPC,ProductID,QuantityShipped,Unit,Size,Brand,Description,RegularSRP,Status,NetPricePerUnit,ExtendedPrice,SaleSRP,RegPricePerUnit,CustomerID,PriceOrigin,QuantityOrdered,Taxable,LB flag,CW flag,CW2,CNF_RegSRP,CNF_SpcSRP,CorpCustID,CorpProdID,OrderNumber,InvoiceDate,Servings,
Detail,9147637,B,084253-241519,0557587,"1","CS","32 OZ","IMAGIN","SOUP,OG,LS,CRMY TOMATO","4.75",,"2.195","26.34","4.75","2.681",54835,"PRO 20","1",0,"N","N",".00","","",54835,55758,7551446,9/30/2010,12,
Detail,9147637,B,725342-289868,0601427,"1","CS","25.5 OZ","MUIR","PASTA SCE,OG,GARDEN VEG","4.35",,"1.967","23.60","4.35","2.470",54835,"PRO 20","1",0,"N","N",".00","","",54835,60142,7551446,9/30/2010,12,
Detail,9147637,B,786969-010051,0239152,"1","CS","25.4 OZ","NAPAVL","OIL,OLIVE,OG,EX VIRGIN","14.99",,"6.857","82.28","14.99","8.505",54835,"PRO 20","1",0,"N","N",".00","","",54835,23915,7551446,9/30/2010,12,
Detail,9147637,B,666016-444100,0498931,"1","CS","1.9 OZ","OSKRI","SESAME BAR,OG,MOLASSES","1.15",,".639","11.50",".00",".639",54835,"","1",0,"N","N",".00","","",54835,49893,7551446,9/30/2010,18,
Detail,9147637,B,708406-313112,0464289,"1","CS","3/8 OZ","VRUIT","JUICE,APPLE CARROT BLEND","3.29",,"1.699","15.29","3.29","1.922",54835,"M 15","1",0,"N","N",".00","","",54835,46428,7551446,9/30/2010,9,
Detail,9147637,B,708406-317110,0464321,"1","CS","32 OZ","VRUIT","JUICE,APPLE CARROT BLEND","3.35",,"1.745","20.94","3.35","1.961",54835,"M 15","1",0,"N","N",".00","","",54835,46432,7551446,9/30/2010,12,
Detail,9147637,B,708406-313143,0902692,"1","CS","3/8 OZ","VRUIT","JUICE,BERRY VEGGIE","3.29",,"1.699","15.29","3.29","1.922",54835,"M 15","1",0,"N","N",".00","","",54835,90269,7551446,9/30/2010,9,
Detail,9147637,B,708406-317141,0902718,"1","CS","32 OZ","VRUIT","JUICE,BERRY VEGGIE BLEND","3.35",,"1.745","20.94","3.35","1.961",54835,"M 15","1",0,"N","N",".00","","",54835,90271,7551446,9/30/2010,12,
Detail,9147637,B,708406-313129,0464388,"1","CS","3/8 OZ","VRUIT","JUICE,ORANGE VEGGIE BLEND","3.29",,"1.699","15.29","3.29","1.922",54835,"M 15","1",0,"N","N",".00","","",54835,46438,7551446,9/30/2010,9,
Detail,9147637,B,708406-317127,0464420,"2","CS","32 OZ","VRUIT","JUICE,ORANGE VEGGIE BLEND","3.35",,"1.745","41.88","3.35","1.961",54835,"M 15","2",0,"N","N",".00","","",54835,46442,7551446,9/30/2010,12,
Detail,9147637,B,026938-899806,0899807,"1","","EA","","TOTES CHARGE",".00",,".000",".00",".00",".000",54835,"NO CHG","1",0,"","",".00","N","",54835,89980,7551446,9/30/2010,1,
Detail,9147637,B,852697-001316,0208793,"0","CS","4.22 OZ","HAPPYT","BABY FD,OG,BAN,PCH,COC,PR",".00",OUT,".000",".00",".00",".000",54835,"","1",0,"N","N",".00","","",54835,20879,7551446,9/30/2010,16,
Detail,9147637,B,725342-289769,0601443,"0","CS","25.5 OZ","MUIR","PASTA SCE,OG,PRTBELLO MSH",".00",OUT,".000",".00",".00",".000",54835,"PRO 20","1",0,"N","N",".00","","",54835,60144,7551446,9/30/2010,12,
Detail,9147637,B,898999-000022,0797753,"0","CS","11.2OZ","VITACO","COCONUT WATER,NATURAL",".00",OUT,".000",".00",".00",".000",54835,"","2",0,"N","N",".00","","",54835,79775,7551446,9/30/2010,12,
Detail,9147637,B,898999-000206,0579391,"0","CS","11.2OZ","VITACO","COCONUT WATER,PINEAPPLE",".00",OUT,".000",".00",".00",".000",54835,"","1",0,"N","N",".00","","",54835,57939,7551446,9/30/2010,12,
RecType,InvNum,Type,NumGroceryItems,NumRefrigItems,NumRepackItems,NumFrozenItems,TotalPcs,TotalWt,TotalCubes,NonSpecial,Special,GrossTotal,VolDiscnt,Discount,NetTotal,TotalRetail,Deposits,Adjustments,ProfitAmnt,Profit%,InvDate,CorpCustID,OrderNumber,,,,,,,
Footer,9147637,C,"10","0","1","0","11","267",".65","11.50","261.85","273.35","0",".00","273.35","559.41",".00",".00",".00",".00",9/30/2010,54835,7551446,,,,,,,
