RecType,InvNum,Type,OrderNumber,InvoiceDate,DBA,CustomerNumber,CustomerName,CustAddr1,CustAddr2,City,State,ZipCode,PhoneNumber,Whse,Trip,Terms,D/CFlag,TermsMsg,CorpCustID,CoverSheet,OrdEntryDate,ChainCode,ApplyTo#,PO#,,,,,,
Header,9147644,A,7551860,9/30/2010,1,54835,"WHOLE FDS COOP-DULUTH","610 EAST 4TH STREET","","DULUTH","MN","558050000","218-728-0884",8,"412",7,0,"NET 21 DAYS",54835,3990884,9/29/2010,"CMW",0,"LN2563268-16",,,,,,
RecType,InvNum,Type,UPC,ProductID,QuantityShipped,Unit,Size,Brand,Description,RegularSRP,Status,NetPricePerUnit,ExtendedPrice,SaleSRP,RegPricePerUnit,CustomerID,PriceOrigin,QuantityOrdered,Taxable,LB flag,CW flag,CW2,CNF_RegSRP,CNF_SpcSRP,CorpCustID,CorpProdID,OrderNumber,InvoiceDate,Servings,
Detail,9147644,B,026938-464912,0464917,"1","CS","#","BULK D","OATS,OG,ROLLED,REG",".99",,".568","14.21",".00",".568",54835,"","1",0,"N","N",".00","","",54835,46491,7551860,9/30/2010,25,
Detail,9147644,B,026938-483333,0483339,"1","CS","#","BULK D","WHTBERRIES,OG,HD/RD,SPRG","1.29",,".736","18.40",".00",".736",54835,"","1",0,"N","N",".00","","",54835,48333,7551860,9/30/2010,25,
Detail,9147644,B,026938-467531,0467530,"1","CS","#","BULK M","MOLASSES,NOSO2,HOMEMAID","1.15",,".644","38.02",".00",".644",54835,"","1",0,"N","N",".00","","",54835,46753,7551860,9/30/2010,59,
Detail,9147644,B,027064-594054,0277137,"1","CS","#","VITA","FLOUR,SPELT,OG,WHL GRAIN","1.59",,".901","22.52",".00",".901",54835,"","1",0,"N","N",".00","","",54835,27713,7551860,9/30/2010,25,
Detail,9147644,B,026938-811518,0811513,"0","CS","#","BULK D","CORN,OG,YELLOW,KERNAL",".00",OUT,".000",".00",".00",".000",54835,"","1",0,"N","N",".00","","",54835,81151,7551860,9/30/2010,25,
RecType,InvNum,Type,NumGroceryItems,NumRefrigItems,NumRepackItems,NumFrozenItems,TotalPcs,TotalWt,TotalCubes,NonSpecial,Special,GrossTotal,VolDiscnt,Discount,NetTotal,TotalRetail,Deposits,Adjustments,ProfitAmnt,Profit%,InvDate,CorpCustID,OrderNumber,,,,,,,
Footer,9147644,C,"4","0","0","0","4","135",".38","93.15",".00","93.15","0",".00","93.15","164.60",".00",".00",".00",".00",9/30/2010,54835,7551860,,,,,,,
