RecType,InvNum,Type,OrderNumber,InvoiceDate,DBA,CustomerNumber,CustomerName,CustAddr1,CustAddr2,City,State,ZipCode,PhoneNumber,Whse,Trip,Terms,D/CFlag,TermsMsg,CorpCustID,CoverSheet,OrdEntryDate,ChainCode,ApplyTo#,PO#,,,,,,
Header,9147631,A,7551032,9/30/2010,1,54835,"WHOLE FDS COOP-DULUTH","610 EAST 4TH STREET","","DULUTH","MN","558050000","218-728-0884",8,"412",7,0,"NET 21 DAYS",54835,3990884,9/29/2010,"CMW",0,"LN2563148-08",,,,,,
RecType,InvNum,Type,UPC,ProductID,QuantityShipped,Unit,Size,Brand,Description,RegularSRP,Status,NetPricePerUnit,ExtendedPrice,SaleSRP,RegPricePerUnit,CustomerID,PriceOrigin,QuantityOrdered,Taxable,LB flag,CW flag,CW2,CNF_RegSRP,CNF_SpcSRP,CorpCustID,CorpProdID,OrderNumber,InvoiceDate,Servings,
Detail,9147631,B,025317-005562,0748681,"1","CS","8 OZ","APLEGT","CHICKEN NUGGETS,GF","6.15",,"3.070","36.84","6.15","3.550",54835,"M 15","1",0,"N","N",".00","","",54835,74868,7551032,9/30/2010,12,
Detail,9147631,B,073472-001165,0243303,"1","CS","16 OZ","FDLIFE","ENG MUFFIN,OG,7 GRAIN","4.39",,"2.557","15.34",".00","2.557",54835,"","1",0,"N","N",".00","","",54835,24330,7551032,9/30/2010,6,
RecType,InvNum,Type,NumGroceryItems,NumRefrigItems,NumRepackItems,NumFrozenItems,TotalPcs,TotalWt,TotalCubes,NonSpecial,Special,GrossTotal,VolDiscnt,Discount,NetTotal,TotalRetail,Deposits,Adjustments,ProfitAmnt,Profit%,InvDate,CorpCustID,OrderNumber,,,,,,,
Footer,9147631,C,"0","0","0","2","2","14",".07","15.34","36.84","52.18","0",".00","52.18","100.14",".00",".00",".00",".00",9/30/2010,54835,7551032,,,,,,,
