RecType,InvNum,Type,OrderNumber,InvoiceDate,DBA,CustomerNumber,CustomerName,CustAddr1,CustAddr2,City,State,ZipCode,PhoneNumber,Whse,Trip,Terms,D/CFlag,TermsMsg,CorpCustID,CoverSheet,OrdEntryDate,ChainCode,ApplyTo#,PO#,,,,,,
Header,9147647,A,7551866,9/30/2010,1,54835,"WHOLE FDS COOP-DULUTH","610 EAST 4TH STREET","","DULUTH","MN","558050000","218-728-0884",8,"412",7,0,"NET 21 DAYS",54835,3990884,9/29/2010,"CMW",0,"LN2563268-21",,,,,,
RecType,InvNum,Type,UPC,ProductID,QuantityShipped,Unit,Size,Brand,Description,RegularSRP,Status,NetPricePerUnit,ExtendedPrice,SaleSRP,RegPricePerUnit,CustomerID,PriceOrigin,QuantityOrdered,Taxable,LB flag,CW flag,CW2,CNF_RegSRP,CNF_SpcSRP,CorpCustID,CorpProdID,OrderNumber,InvoiceDate,Servings,
Detail,9147647,B,089836-026149,0448399,"1","EA","#","FRNTHB","CARAWAY SEED,OG,WHOLE","11.49",,"4.190","4.19",".00","4.190",54835,"","1",0,"N","N",".00","","",54835,44839,7551866,9/30/2010,1,
Detail,9147647,B,089836-026170,0448415,"1","EA","#","FRNTHB","CARDAMOM PODS,OG,WHOLE","52.85",,"19.270","19.27",".00","19.270",54835,"","1",0,"N","N",".00","","",54835,44841,7551866,9/30/2010,1,
Detail,9147647,B,089836-003447,0478354,"1","EA","#","FRNTHB","MUSTARD SEED,OG,BRN,WHL","7.65",,"2.790","2.79",".00","2.790",54835,"","1",0,"N","N",".00","","",54835,47835,7551866,9/30/2010,1,
Detail,9147647,B,089836-002815,0298398,"1","EA","#","FRNTHB","OREGANO LEAF C/S,OG","24.59",,"8.970","8.97",".00","8.970",54835,"","1",0,"N","N",".00","","",54835,29839,7551866,9/30/2010,1,
Detail,9147647,B,089836-028730,0551770,"1","EA","#","FRNTHB","TEA,OG,FT,GUNPOWDER GREEN","32.59",,"11.890","11.89",".00","11.890",54835,"","1",0,"N","N",".00","","",54835,55177,7551866,9/30/2010,1,
Detail,9147647,B,026938-899806,0899807,"1","","EA","","TOTES CHARGE",".00",,".000",".00",".00",".000",54835,"NO CHG","1",0,"","",".00","N","",54835,89980,7551866,9/30/2010,1,
Detail,9147647,B,089836-029881,0740407,"0","EA","#","FRNTHB","PAPRIKA,OG,SMOKED",".00",OUT,".000",".00",".00",".000",54835,"","1",0,"N","N",".00","","",54835,74040,7551866,9/30/2010,1,
RecType,InvNum,Type,NumGroceryItems,NumRefrigItems,NumRepackItems,NumFrozenItems,TotalPcs,TotalWt,TotalCubes,NonSpecial,Special,GrossTotal,VolDiscnt,Discount,NetTotal,TotalRetail,Deposits,Adjustments,ProfitAmnt,Profit%,InvDate,CorpCustID,OrderNumber,,,,,,,
Footer,9147647,C,"0","0","1","0","1","12",".18","47.11",".00","47.11","0",".00","47.11","129.17",".00",".00",".00",".00",9/30/2010,54835,7551866,,,,,,,
