RecType,InvNum,Type,OrderNumber,InvoiceDate,DBA,CustomerNumber,CustomerName,CustAddr1,CustAddr2,City,State,ZipCode,PhoneNumber,Whse,Trip,Terms,D/CFlag,TermsMsg,CorpCustID,CoverSheet,OrdEntryDate,ChainCode,ApplyTo#,PO#,,,,,,
Header,8400544,A,8400544,6/9/2010,1,54835,"WHOLE FDS COOP-DULUTH","610 EAST 4TH STREET","","DULUTH","MN","558050000","218-728-0884",8,"000",0,2,"",54835,3694845,6/9/2010,"CMW",8418084,"",,,,,,
RecType,InvNum,Type,UPC,ProductID,QuantityShipped,Unit,Size,Brand,Description,RegularSRP,Status,NetPricePerUnit,ExtendedPrice,SaleSRP,RegPricePerUnit,CustomerID,PriceOrigin,QuantityOrdered,Taxable,LB flag,CW flag,CW2,CNF_RegSRP,CNF_SpcSRP,CorpCustID,CorpProdID,OrderNumber,InvoiceDate,Servings,
Detail,8400544,B,801541-500079,0125724,"-1","CS","18 CT","OGINDI","TULSI TEA,OG,JASMINE",".00",,".000",".00",".00",".000",54835,"","-1",0,"N","N",".00","","",54835,12572,8400544,6/9/2010,6,
Detail,8400544,B,084253-222303,0333518,"-1","CS","64 OZ","IMAGIN","RICE ENRICH BEV,OG,ORIG",".00",,"3.168","-25.34",".00","3.168",54835,"","-1",0,"N","N",".00","","",54835,33351,8400544,6/9/2010,8,
Detail,8400544,B,894773-001025,0371559,"-1","CS","6/12 OZ","ZEVIA","SODA, NAT TWIST, DIET",".00",,"3.085","-12.34",".00","3.085",54835,"","-1",0,"N","N",".00","","",54835,37155,8400544,6/9/2010,4,
Detail,8400544,B,745158-902102,0798827,"-1","CS","6 OZ","HALO","LIV-A-LITTLE,CHCKN&CHSE",".00",,"2.200","-13.20",".00","2.200",54835,"","-1",0,"N","N",".00","","",54835,79882,8400544,6/9/2010,6,
Detail,8400544,B,022506-324091,0888818,"-1","CS","5 OZ","SPCTRM","SPRY,CANOLA OIL BKG W/FLR",".00",,".000",".00",".00",".000",54835,"","-1",0,"N","N",".00","","",54835,88881,8400544,6/9/2010,6,
Detail,8400544,B,790874-373927,0910562,"-1","CS","12 OZ","DREWS","DRESSING,SMOKED TOMATO",".00",,"1.938","-23.26",".00","1.938",54835,"","-1",0,"N","N",".00","","",54835,91056,8400544,6/9/2010,12,
RecType,InvNum,Type,NumGroceryItems,NumRefrigItems,NumRepackItems,NumFrozenItems,TotalPcs,TotalWt,TotalCubes,NonSpecial,Special,GrossTotal,VolDiscnt,Discount,NetTotal,TotalRetail,Deposits,Adjustments,ProfitAmnt,Profit%,InvDate,CorpCustID,OrderNumber,,,,,,,
Footer,8400544,C,"0","0","0","0","0","0",".00",".00",".00","-74.14","0",".00","-74.14",".00",".00",".00",".00",".00",6/9/2010,54835,8400544,,,,,,,
