RecType,InvNum,Type,OrderNumber,InvoiceDate,DBA,CustomerNumber,CustomerName,CustAddr1,CustAddr2,City,State,ZipCode,PhoneNumber,Whse,Trip,Terms,D/CFlag,TermsMsg,CorpCustID,CoverSheet,OrdEntryDate,ChainCode,ApplyTo#,PO#,,,,,,
Header,8408306,A,8408306,6/9/2010,1,54835,"WHOLE FDS COOP-DULUTH","610 EAST 4TH STREET","","DULUTH","MN","558050000","218-728-0884",8,"000",0,2,"",54835,3694845,6/9/2010,"CMW",8418084,"",,,,,,
RecType,InvNum,Type,UPC,ProductID,QuantityShipped,Unit,Size,Brand,Description,RegularSRP,Status,NetPricePerUnit,ExtendedPrice,SaleSRP,RegPricePerUnit,CustomerID,PriceOrigin,QuantityOrdered,Taxable,LB flag,CW flag,CW2,CNF_RegSRP,CNF_SpcSRP,CorpCustID,CorpProdID,OrderNumber,InvoiceDate,Servings,
Detail,8408306,B,683061-351382,0142695,"-1","CS","10.5 OZ","VEGPLU","ORANGE CHICKEN,VEGAN",".00",,".000",".00",".00",".000",54835,"","-1",0,"N","N",".00","","",54835,14269,8408306,6/9/2010,12,
Detail,8408306,B,744473-440344,0242420,"-1","CS","8/2.3 OZ","SO DEL","ND,SNDWCH,MINI,NEAPOLITAN",".00",,"2.713","-32.56",".00","2.713",54835,"","-1",0,"N","N",".00","","",54835,24242,8408306,6/9/2010,12,
Footer,8408306,C,"0","0","0","0","0","0",".00",".00",".00","-32.56","0",".00","-32.56",".00",".00",".00",".00",".00",6/9/2010,54835,8408306,,,,,,,
