RecType,InvNum,Type,OrderNumber,InvoiceDate,DBA,CustomerNumber,CustomerName,CustAddr1,CustAddr2,City,State,ZipCode,PhoneNumber,Whse,Trip,Terms,D/CFlag,TermsMsg,CorpCustID,CoverSheet,OrdEntryDate,ChainCode,ApplyTo#,PO#,,,,,,
Header,8407877,A,8407877,6/9/2010,1,54835,"WHOLE FDS COOP-DULUTH","610 EAST 4TH STREET","","DULUTH","MN","558050000","218-728-0884",8,"000",0,2,"",54835,3694845,6/9/2010,"CMW",8418084,"",,,,,,
RecType,InvNum,Type,UPC,ProductID,QuantityShipped,Unit,Size,Brand,Description,RegularSRP,Status,NetPricePerUnit,ExtendedPrice,SaleSRP,RegPricePerUnit,CustomerID,PriceOrigin,QuantityOrdered,Taxable,LB flag,CW flag,CW2,CNF_RegSRP,CNF_SpcSRP,CorpCustID,CorpProdID,OrderNumber,InvoiceDate,Servings,
Detail,8407877,B,858246-001257,0113050,"-1","CS","10.5 OZ","GLTNFR","OATMEAL,BAN MPLE FLAX G/F",".00",,".000",".00",".00",".000",54835,"","-1",0,"N","N",".00","","",54835,11305,8407877,6/9/2010,8,
Detail,8407877,B,734027-905054,0200857,"-1","CS","3 OZ","GINGRP","GINGINS,HARD CANDY,BAG",".00",,"1.215","-29.17",".00","1.215",54835,"","-1",0,"N","N",".00","","",54835,20085,8407877,6/9/2010,24,
RecType,InvNum,Type,NumGroceryItems,NumRefrigItems,NumRepackItems,NumFrozenItems,TotalPcs,TotalWt,TotalCubes,NonSpecial,Special,GrossTotal,VolDiscnt,Discount,NetTotal,TotalRetail,Deposits,Adjustments,ProfitAmnt,Profit%,InvDate,CorpCustID,OrderNumber,,,,,,,
Footer,8407877,C,"0","0","0","0","0","0",".00",".00",".00","-29.17","0",".00","-29.17",".00",".00",".00",".00",".00",6/9/2010,54835,8407877,,,,,,,
