RecType,InvNum,Type,OrderNumber,InvoiceDate,DBA,CustomerNumber,CustomerName,CustAddr1,CustAddr2,City,State,ZipCode,PhoneNumber,Whse,Trip,Terms,D/CFlag,TermsMsg,CorpCustID,CoverSheet,OrdEntryDate,ChainCode,ApplyTo#,PO#,,,,,,
Header,8632598,A,8632598,7/14/2010,1,54835,"WHOLE FDS COOP-DULUTH","610 EAST 4TH STREET","","DULUTH","MN","558050000","218-728-0884",8,"000",0,2,"",54835,3786415,7/14/2010,"CMW",8642559,"",,,,,,
RecType,InvNum,Type,UPC,ProductID,QuantityShipped,Unit,Size,Brand,Description,RegularSRP,Status,NetPricePerUnit,ExtendedPrice,SaleSRP,RegPricePerUnit,CustomerID,PriceOrigin,QuantityOrdered,Taxable,LB flag,CW flag,CW2,CNF_RegSRP,CNF_SpcSRP,CorpCustID,CorpProdID,OrderNumber,InvoiceDate,Servings,
Detail,8632598,B,608503-030533,0121319,"-1","1","3 OZ","ALLTRN","KIDSPORT SPRAY SPF30",".00",,"6.470","-6.47",".00","6.470",54835,"","-1",0,"N","N",".00","","",54835,12131,8632598,7/14/2010,1,
Detail,8632598,B,893455-000028,0650309,"-1","EA","7 OZ","ONEW","DEAD SEA BAR SOAP,HNY ALM",".00",,".000",".00",".00",".000",54835,"","-1",0,"N","N",".00","","",54835,65030,8632598,7/14/2010,1,
Detail,8632598,B,893455-000127,0650333,"-1","1","7 OZ","ONEW","DEAD SEA BAR SOAP,LMN VRB",".00",,"1.770","-1.77",".00","1.770",54835,"","-1",0,"N","N",".00","","",54835,65033,8632598,7/14/2010,1,
RecType,InvNum,Type,NumGroceryItems,NumRefrigItems,NumRepackItems,NumFrozenItems,TotalPcs,TotalWt,TotalCubes,NonSpecial,Special,GrossTotal,VolDiscnt,Discount,NetTotal,TotalRetail,Deposits,Adjustments,ProfitAmnt,Profit%,InvDate,CorpCustID,OrderNumber,,,,,,,
Footer,8632598,C,"0","0","0","0","0","0",".00",".00",".00","-8.24","0",".00","-8.24",".00",".00",".00",".00",".00",7/14/2010,54835,8632598,,,,,,,
