RecType,InvNum,Type,OrderNumber,InvoiceDate,DBA,CustomerNumber,CustomerName,CustAddr1,CustAddr2,City,State,ZipCode,PhoneNumber,Whse,Trip,Terms,D/CFlag,TermsMsg,CorpCustID,CoverSheet,OrdEntryDate,ChainCode,ApplyTo#,PO#,,,,,,
Header,8632624,A,8632624,7/14/2010,1,54835,"WHOLE FDS COOP-DULUTH","610 EAST 4TH STREET","","DULUTH","MN","558050000","218-728-0884",8,"000",0,2,"",54835,3786415,7/14/2010,"CMW",8642559,"",,,,,,
RecType,InvNum,Type,UPC,ProductID,QuantityShipped,Unit,Size,Brand,Description,RegularSRP,Status,NetPricePerUnit,ExtendedPrice,SaleSRP,RegPricePerUnit,CustomerID,PriceOrigin,QuantityOrdered,Taxable,LB flag,CW flag,CW2,CNF_RegSRP,CNF_SpcSRP,CorpCustID,CorpProdID,OrderNumber,InvoiceDate,Servings,
Detail,8632624,B,035302-002001,0504191,"-3","CS","8 OZ","SOYDLI","TOFU,OG,FIRM NIGARI,LF",".00",,"1.213","-21.84",".00","1.213",54835,"","-3",0,"N","N",".00","","",54835,50419,8632624,7/14/2010,6,
Footer,8632624,C,"0","0","0","0","0","0",".00",".00",".00","-21.84","0",".00","-21.84",".00",".00",".00",".00",".00",7/14/2010,54835,8632624,,,,,,,
